formid,TypeofFinancialProduct/ServiceAccessed,Date,Cluster_Unique_ID,State,Implementing_Partner,username
8028c2df-8f13-41d8-a943-7f0c9b21799f,Deposit_Account,2024-06-16,AkkNVQV37,Gombe,WOFAN,akk01
249b7a3a-a698-483c-9be2-794e9b1c7d3a,Deposit_Account,2024-07-09,AkkV0BI47,Gombe,WOFAN,akk01
72a86b31-2e86-42d7-91ce-757f0dccd406,Deposit_Account,2024-07-09,Akk733313,Gombe,WOFAN,akk01
2bbdcd7f-35d2-4fd2-a605-f93708224c50,Deposit_Account,2024-07-09,AkkXBVT22,Gombe,WOFAN,akk01
b333979d-3179-4e24-8880-a59c40a56384,Deposit_Account,2024-07-25,AlkT06C29,Bauchi,WOFAN,bau12
0005d13a-9215-43da-8161-db71ba262459,Deposit_Account,2024-08-18,KurHX2C11,Kano,WOFAN,kur03
b45daeb4-be4d-4322-a0d9-61817d3b92a8,Deposit_Account,2024-07-25,AlkWVXG47,Bauchi,WOFAN,bau12
bc50e276-8008-4228-ae0e-c6efdc445f72,Deposit_Account,2024-07-25,AlkNUP624,Bauchi,WOFAN,bau12
0f504ea1-26dc-4725-9950-ecec94ef7508,Deposit_Account,2024-07-25,BauCR2H09,Bauchi,WOFAN,bau12
78a95925-12c3-4c31-9f35-f785aa4d1fb0,Deposit_Account,2024-07-25,BauHPGI27,Bauchi,WOFAN,bau12
5c2a4e03-eecd-4d93-b24d-049e4740927c,Deposit_Account,2024-07-25,Bau5H3W05,Bauchi,WOFAN,bau12
f468870a-19c5-41d0-aaf3-ab9ef6ff508e,Deposit_Account,2024-07-25,BauZPDN06,Bauchi,WOFAN,bau12
cfdb9e29-7aec-4736-8402-7940295b2f88,Deposit_Account,2024-07-25,DasEYB746,Bauchi,WOFAN,bau12
19166579-e0ca-4c04-9846-d6ad70372184,Deposit_Account,2024-07-25,GanIWIQ39,Bauchi,WOFAN,bau12
6b8edfc3-f2a4-47fa-93d6-3a57ad508932,Deposit_Account,2024-07-25,NinNTHH47,Bauchi,WOFAN,bau12
cfbf447e-0e81-4b6b-a3c3-0e243df3e2b9,Deposit_Account,2024-07-25,NinUD5G00,Bauchi,WOFAN,bau12
bd914300-d6e5-4b4b-a2fb-1ee46f6d6978,Deposit_Account,2024-07-25,TafLN0F48,Bauchi,WOFAN,bau12
29f9919d-26c4-4b76-885b-f8114ab8545f,Deposit_Account,2024-07-25,AlkB24541,Bauchi,WOFAN,bau12
d82bb519-9315-4caa-9e55-32f036ccd606,Deposit_Account,2024-07-25,BilUK7429,Gombe,WOFAN,bill02
b510efb4-329a-4d8c-919a-4b744e020440,Deposit_Account,2024-07-25,Bil49IY53,Gombe,WOFAN,bill02
e25dfeff-47bb-4e14-841e-9559a515d703,Deposit_Account,2024-07-25,BilDPZG44,Gombe,WOFAN,bill02
606e3f83-1bb0-4828-8e3b-1c8922c6bc98,Deposit_Account,2024-07-25,Bil97GO48,Gombe,WOFAN,bill02
e8cb47b7-e9a4-4d7a-a749-653803da8ed4,Deposit_Account,2024-07-10,GarSIBV21,Kano,WOFAN,bun02
a26756d8-3ebc-4353-a83f-0836acb484ce,Deposit_Account,2024-07-25,GarH0HK19,Kano,WOFAN,bun02
d2c9a0e3-45b6-4f1a-bd30-9afda5f551a8,Deposit_Account,2024-07-25,GarA6QB14,Kano,WOFAN,bun02
64d6c275-b5e8-45ca-84b3-3b3fc3eba761,Deposit_Account,2024-07-10,GarGH6S11,Kano,WOFAN,bun02
e09bfd00-007a-493c-bee1-94abb862efe3,Deposit_Account,2024-07-10,GarKDBP53,Kano,WOFAN,bun03
b941c896-3285-4a19-a300-47412f94de4f,Deposit_Account,2024-07-10,BunUXB418,Kano,WOFAN,bun03
2b53d326-1385-4827-8f0e-08c05c23a1c1,Deposit_Account,2024-07-10,BunY6P612,Kano,WOFAN,bun03
ec6b4b0c-3210-4b81-8700-40c32ca79dba,Deposit_Account,2024-07-10,Bun0O2U32,Kano,WOFAN,bun03
9500828d-02ba-4279-9d30-3cee548ec28e,Deposit_Account,2024-07-10,GarEVZM47,Kano,WOFAN,bun03
5a68d651-12a4-4be2-b44e-0b2291aabd17,Deposit_Account,2024-07-10,GarYJW058,Kano,WOFAN,bun07
112b25e5-aa4b-402b-9c0e-6f8a862a8db5,Deposit_Account,2024-07-10,Gar5J3M27,Kano,WOFAN,bun07
5a7a1a31-22a0-4422-b948-02ffbe3c737e,Deposit_Account,2024-07-10,GarYGMF11,Kano,WOFAN,bun07
90b1b100-9ede-4454-a5f8-07579b51f1a7,Deposit_Account,2024-07-10,BunTL4829,Kano,WOFAN,bun07
81fe6e27-70ae-462f-846a-27d65bb6b7fe,Deposit_Account,2024-07-10,GarQJKE22,Kano,WOFAN,bun18
dc8fd962-ea5e-40e9-abdb-6e6c4081863a,Deposit_Account,2024-07-10,Gar2S7121,Kano,WOFAN,gmm54
737a19a9-d75d-4503-a2fa-565032788afd,Deposit_Account,2024-07-10,GarV22S29,Kano,WOFAN,gmm54
79bb40a6-35b0-42b5-af71-1d3f71a6f29e,Deposit_Account,2024-07-10,KurSD7D45,Kano,WOFAN,gmm54
f748728e-88cb-4de4-b085-50938f63c3f2,Deposit_Account,2024-07-10,Gar7CV205,Kano,WOFAN,gmm61
6c8614da-f2c3-47c1-ae18-8db0b84e3237,Deposit_Account,2024-07-10,Gar03E531,Kano,WOFAN,gmm66
25a85b2a-996c-4630-8437-03f316a8e3a8,Deposit_Account,2024-07-10,GarU5TL19,Kano,WOFAN,gmm66
f74b653e-ab8d-4ee3-852d-ac746270b5c1,Deposit_Account,2024-07-10,GarWSWE06,Kano,WOFAN,gmm67
28ce5919-3038-4705-885a-50159d07a84c,Deposit_Account,2024-07-10,Gar2XRT18,Kano,WOFAN,gmm67
5f3a3ec1-f001-4258-92bf-4f76df148893,Deposit_Account,2024-07-10,GarT33B41,Kano,WOFAN,gmm67
762acfbd-4028-45f2-8f13-3659891bedf0,Deposit_Account,2024-07-10,GarW4NB00,Kano,WOFAN,gmm69
167b30ec-853a-43fd-a66b-84bf6fd18d21,Deposit_Account,2024-07-15,GomS0MF33,Gombe,WOFAN,gom25
b41168e8-4213-4da8-8594-b779cec059b7,Deposit_Account,2024-07-15,Gom5JTU58,Gombe,WOFAN,gom25
50fa178a-dde5-4711-a83e-cfd5fb1a0560,Deposit_Account,2024-07-19,GomL0HO23,Gombe,WOFAN,gom25
5a66ccae-cdef-4682-9028-c28c2ade4478,Deposit_Account,2024-07-09,IkaG9MU44,Kaduna,WOFAN,ika11
a43370fa-0992-4b6d-9920-c915eabfedef,Deposit_Account,2024-07-09,Ika28J354,Kaduna,WOFAN,ika11
4cae6207-1d37-4033-b1d8-090a123dbfd9,Deposit_Account,2024-07-09,IkaJBTF37,Kaduna,WOFAN,ika12
aa1f58c7-826a-4d7e-952d-f965e83b8ea7,Deposit_Account,2024-07-09,Ika25SB38,Kaduna,WOFAN,ika13
07938db7-38bc-43d0-a096-4a04ba1be53a,Deposit_Account,2024-07-09,IkaHVSD26,Kaduna,WOFAN,ika14
a5ad9564-66f8-4678-9615-82f723dc3b3a,Deposit_Account,2024-07-09,IkaSVAU46,Kaduna,WOFAN,ika14
a3bead8a-3ff9-4dbb-b147-cb9f3c97e861,Deposit_Account,2024-07-09,IkaEWDJ04,Kaduna,WOFAN,ika15
1e2234bf-d97e-455f-ad88-5008faaf529f,Deposit_Account,2024-07-09,IkaDWYQ02,Kaduna,WOFAN,ika19
3e7b948c-eec8-4eb1-8375-269b8a8fe18a,Deposit_Account,2024-07-09,IkaPL5248,Kaduna,WOFAN,ika16
c668d401-ea96-4b1f-9585-7920645ec3fc,Deposit_Account,2024-07-09,IkaXEHQ13,Kaduna,WOFAN,ika17
e5482e39-65a4-4745-a8ec-14b50d327736,Deposit_Account,2024-07-09,IkaZJ5M18,Kaduna,WOFAN,ika18
ddec1af0-3626-4efe-a354-5118738aad3f,Deposit_Account,2024-07-09,IkaI7E105,Kaduna,WOFAN,ika20
76a35029-4fe5-4029-a889-3cef7ff5b1e4,Deposit_Account,2024-07-09,IkaREEW34,Kaduna,WOFAN,ika22
b189faef-96ff-4072-8165-04f1cb2be67a,Deposit_Account,2024-07-09,Ika450J55,Kaduna,WOFAN,ika23
024f87e6-bae8-44b3-bda8-13e0ac2aba1a,Deposit_Account,2024-07-09,Ika9FIH59,Kaduna,WOFAN,ika24
b1b102ee-d452-49c3-913a-4b52eed9c67c,Deposit_Account,2024-07-09,Ika7TIW04,Kaduna,WOFAN,ika25
34c46ede-db2e-4756-9d6e-8ff0aeca984e,Deposit_Account,2024-07-09,Ika4LW717,Kaduna,WOFAN,ika25
d6c5df5d-9f04-43d1-9c43-c8a494577afa,Deposit_Account,2024-07-09,Ika7XXR45,Kaduna,WOFAN,ika25
f8c4c531-c366-4c2e-b9f8-434e8e8645b2,Deposit_Account,2024-07-09,Ika1B3J52,Kaduna,WOFAN,ika25
9b057d07-a3f5-40ec-8ade-ef17f5166c96,Deposit_Account,2024-07-09,IkaK9HD02,Kaduna,WOFAN,ika25
6071eec3-9f66-46f3-ab0c-d8f78f9a3509,Deposit_Account,2024-07-09,IkaYFJL04,Kaduna,WOFAN,ika26
fc74c9e0-c01f-4730-b99c-0ca58b9a7a93,Deposit_Account,2024-07-09,Ika7I5X25,Kaduna,WOFAN,ika26
4d54fd7c-4768-42f7-bc5c-9b500a3276d2,Deposit_Account,2024-07-09,Ika772Q53,Kaduna,WOFAN,ika26
5675b1af-2d2e-46a6-9c58-05a9e7205312,Deposit_Account,2024-07-09,IkaPVYU15,Kaduna,WOFAN,ika26
71a48868-688a-46bf-beb8-54ad8c089142,Deposit_Account,2025-07-09,IkaR3KB19,Kaduna,WOFAN,ika27
c44e6372-fee9-4d66-8d8a-de8d6d6eb5e5,Deposit_Account,2026-07-09,IkaJTIW25,Kaduna,WOFAN,ika28
02fb753e-c4e8-404b-9df9-acb4fe33cd78,Deposit_Account,2024-07-09,IkaHSZB33,Kaduna,WOFAN,ika28
7b13f399-522d-4b86-8f07-4c9548d033b3,Deposit_Account,2024-07-09,IkaU2V949,Kaduna,WOFAN,ika28
4cdbde13-8a49-4776-8366-8848332d4706,Deposit_Account,2024-07-08,JahJ7Q010,Jigawa,WOFAN,jah60
7b030eb0-aa05-4a4a-9097-b9da3a939104,Deposit_Account,2024-07-08,JahYIB038,Jigawa,WOFAN,jah60
dac31cd0-b13e-4bc2-9d9b-89ef87095ea2,Deposit_Account,2026-07-08,IkaYYHO12,Kaduna,WOFAN,ika29
68899211-9da1-48af-8925-570e1159dcd0,Deposit_Account,2024-07-08,JahGUXY02,Jigawa,WOFAN,jah60
0616ebb3-00b9-416f-9ff8-4beda0b75f6e,Deposit_Account,2024-07-08,JahBJEC26,Jigawa,WOFAN,jah60
c2525d97-38cb-4c10-b3e8-49ec8f7fe8b2,Deposit_Account,2024-07-08,JahZM8719,Jigawa,WOFAN,jah60
da072ece-eebd-4bd5-a9fa-ef9fe9724a00,Deposit_Account,2024-07-08,JahW9WX15,Jigawa,WOFAN,jah60
b5b3d2fc-5087-4996-bcd2-5de89c800a2d,Deposit_Account,2024-07-08,JahV17J37,Jigawa,WOFAN,jah60
4fe9c90c-512b-4fbd-b1ea-7bee3042d899,Deposit_Account,2024-07-08,JahT8K623,Jigawa,WOFAN,jah60
f5dfce2a-89d5-403d-82fb-71c2a310b506,Deposit_Account,2024-07-08,Jah5PWF29,Jigawa,WOFAN,jah60
f49f0102-056d-498d-acf1-cf499a3184c3,Deposit_Account,2024-07-08,JahH1F212,Jigawa,WOFAN,jah60
a14d59db-b84a-4150-a867-561dfaa48f08,Deposit_Account,2024-07-08,JahB2GF38,Jigawa,WOFAN,jah60
55fe43bd-abd7-4c71-8db0-05c2987d06c3,Deposit_Account,2024-07-08,JahU7GA44,Jigawa,WOFAN,jah60
e0c9ffeb-4817-431b-8953-37267a7ce029,Deposit_Account,2024-07-08,JahPV3N51,Jigawa,WOFAN,jah60
8a08d673-6369-4c29-aec6-6fc1abc1323d,Deposit_Account,2024-07-09,IkaVZBP17,Kaduna,WOFAN,ika30
6e44f044-01e6-4f60-9f11-78a103cdf0bf,Deposit_Account,2024-07-08,JahLIN139,Jigawa,WOFAN,jah60
a5b71b7e-7527-4565-ab9e-e5bd6b299c9b,Deposit_Account,2024-07-08,JahG1D413,Jigawa,WOFAN,jah60
8466bc83-c00a-4583-97dc-0220dbf24c62,Deposit_Account,2024-07-08,JahQEXX39,Jigawa,WOFAN,jah60
a5aa3aff-fd6f-4252-8083-913ae1321876,Deposit_Account,2024-07-08,Jah8ZQD19,Jigawa,WOFAN,jah60
b570fb68-0e0b-43b5-9185-affefcf97228,Deposit_Account,2024-07-08,JahM0X706,Jigawa,WOFAN,jah60
72a86f5e-3332-4ed7-9672-1e475ff2682e,Deposit_Account,2024-07-08,JahQR1426,Jigawa,WOFAN,jah60
d1e2b3e9-4228-4668-b10f-3d736910f91e,Deposit_Account,2024-07-08,Jah6F5B49,Jigawa,WOFAN,jah60
ff13941a-2105-445d-b1d9-ec3e0fa0123e,Deposit_Account,2024-07-09,IkaNN8O39,Kaduna,WOFAN,ika31
2731d702-8759-4c3c-abbe-bfba93635280,Deposit_Account,2024-07-08,JahXX8727,Jigawa,WOFAN,jah60
ce7205cc-c64c-461b-822f-965d7d50ea86,Deposit_Account,2024-07-08,JahCV4P13,Jigawa,WOFAN,jah60
2b94ddb2-a528-4494-9728-6daf53fd3457,Deposit_Account,2024-07-08,JahG7PI58,Jigawa,WOFAN,jah60
92ce694a-72ac-468a-b666-335b5dba6fdb,Deposit_Account,2024-07-08,JahS4TF23,Jigawa,WOFAN,jah60
6e6a9da8-6a4a-4300-b0c5-ebee6140e767,Deposit_Account,2024-07-08,JahNB0D39,Jigawa,WOFAN,jah60
7afd339e-278d-415d-b599-3c792df899aa,Deposit_Account,2024-07-25,Kal4J5G53,Gombe,WOFAN,kal15
48b8b7f9-2ddf-423d-bcff-8e46e7e24d81,Deposit_Account,2024-07-25,KalOUWM20,Gombe,WOFAN,kal15
67cba512-64c4-4dc4-9a9f-b4a15a15ae91,Deposit_Account,2024-07-10,BebRMYP53,Kano,WOFAN,kir01
47c4bc9c-e275-4826-ac21-cee5492c11ca,Deposit_Account,2035-07-10,BebH9DF58,Kano,WOFAN,kir01
c721d17a-8b2b-43a0-bfb0-72d8db54de5f,Deposit_Account,2024-07-10,Beb2R3O12,Kano,WOFAN,kir01
35cf1a0f-fe83-4d26-8b5f-f6c4952daefc,Deposit_Account,2024-07-10,BebLFTQ31,Kano,WOFAN,kir01
11cf8fd9-d7ab-43ba-9230-27735aa29c4b,Deposit_Account,2024-07-10,BebNG5D23,Kano,WOFAN,kir01
62278d24-a3a3-4d4a-9a13-49676447a01c,Deposit_Account,2024-07-10,KirMDUZ47,Kano,WOFAN,kir07
4879c181-e251-46f4-bfc4-856c4f03e54c,Deposit_Account,2033-07-10,Kir9OP158,Kano,WOFAN,kir07
da380241-fb5e-4631-b665-b3f2f35439b1,Deposit_Account,2031-07-10,KirZ3DT45,Kano,WOFAN,kir07
bd9d1c24-e619-4c28-ae64-c44b4f043043,Deposit_Account,2030-07-10,BebSQII42,Kano,WOFAN,kir11
a92397bf-fdda-4bc4-945c-25452fb626b7,Deposit_Account,2024-07-10,Beb51AQ31,Kano,WOFAN,kir11
2724788e-d323-4136-ac43-c6b4db4a09a6,Deposit_Account,2024-07-10,BebFH8D19,Kano,WOFAN,kir11
dda6f84e-243f-4cbe-907c-59cf6551e5aa,Deposit_Account,2024-07-10,Beb7QFE24,Kano,WOFAN,kir11
01e2bdd8-9a97-4a37-83f4-804fa61ae309,Deposit_Account,2024-07-10,BebLB6O08,Kano,WOFAN,kir11
d4dc99e4-8dee-46b6-90a5-f5a0c9ff3de7,Deposit_Account,2024-07-10,BebPRC934,Kano,WOFAN,kir11
1e95cfae-b44d-4eb8-9ced-979a4066814e,Deposit_Account,2024-07-10,KirF45B33,Kano,WOFAN,kir11
900fd64e-a130-42d1-9055-25be42beaa12,Deposit_Account,2024-07-10,KirZI5A01,Kano,WOFAN,kir11
c093fd32-0894-42f9-9d5a-38d2fb71dbd4,Deposit_Account,2024-07-10,Kir3HFP26,Kano,WOFAN,kir11
73e3a980-cc0a-49a4-b30e-2f587dee6b2b,Deposit_Account,2024-07-10,BebYHVT07,Kano,WOFAN,kir11
eeaf029e-3009-4f84-bf86-e7f651ecf20b,Deposit_Account,2025-08-11,BebO6XI08,Kano,WOFAN,kir11
6b089102-7387-409d-900d-7f6128347079,Deposit_Account,2024-07-10,BebTOF239,Kano,WOFAN,kir11
5ad095fd-181c-48b5-b167-892775f1a894,Deposit_Account,2024-07-10,KirID9D45,Kano,WOFAN,kir11
97e63b27-e656-48b1-ad81-19edec06507e,Deposit_Account,2024-07-10,KirSW8J26,Kano,WOFAN,kir11
42300303-0456-4edd-b0c5-e1d6307c28e6,Deposit_Account,2024-07-10,KirZOVP30,Kano,WOFAN,kir11
c441d925-d493-4a35-a85c-5f3b033aacb7,Deposit_Account,2024-07-10,Beb273A51,Kano,WOFAN,kir12
82746f84-8942-4ce9-a0b1-4c7686633509,Deposit_Account,2024-07-10,Beb588305,Kano,WOFAN,kir12
92da7da0-1219-4455-9e14-23d617b191c0,Deposit_Account,2035-07-10,BebXDQP24,Kano,WOFAN,kir12
6df10ca9-4008-4598-86bb-5a348fa4cc28,Deposit_Account,2024-07-10,BebS9OV38,Kano,WOFAN,kir12
5f67b19b-2e18-4c29-809b-c87cb0eb97d9,Deposit_Account,2024-07-10,BebWNAC33,Kano,WOFAN,kir13
6c01ccf9-cb12-4eab-b803-402996cf78ce,Deposit_Account,2024-07-10,Beb0IZF57,Kano,WOFAN,kir13
f562260c-4e12-4269-86e2-661cafbb6d50,Deposit_Account,2024-07-10,BebOR0E27,Kano,WOFAN,kir13
b8794eae-64e1-4586-84a2-6b5728b787b3,Deposit_Account,2024-07-10,BebZ6IO32,Kano,WOFAN,kir15
be58eb52-3674-4e00-864c-dee66fa59d23,Deposit_Account,2024-07-10,Beb4VV239,Kano,WOFAN,kir15
77bfcc59-997b-4343-8c52-1de0812f6c6b,Deposit_Account,2024-07-10,BebIZCD34,Kano,WOFAN,kir15
5ad9d917-065e-4fe3-b780-b1ffee5c5fd8,Deposit_Account,2024-07-10,KirXHDG20,Kano,WOFAN,kir16
00ec1e00-7ad7-4f20-be47-94eff0d9c365,Deposit_Account,2024-07-10,KirYXIX49,Kano,WOFAN,kir16
c54b0142-bb2c-4a6f-afd7-3f7c166f639c,Deposit_Account,2024-07-10,Kir28CE27,Kano,WOFAN,kir16
9a475b86-1b5c-42fb-8211-8b2ffdc374e1,Deposit_Account,2024-07-10,Beb1QQR15,Kano,WOFAN,kir19
2714d932-6214-4904-b3fc-41ef569ae650,Deposit_Account,2024-07-10,BebNX7Z05,Kano,WOFAN,kir19
8e80b26a-0698-4d66-94e6-f9f880751548,Deposit_Account,2024-07-10,BebJMMM22,Kano,WOFAN,kir19
b77056c4-880a-42c5-ba07-a11b293a1b2a,Deposit_Account,2024-07-10,KirW4AA18,Kano,WOFAN,kir20
c86b53e0-4006-428f-91fb-6547c9ad0933,Deposit_Account,2024-07-10,KirK3GQ20,Kano,WOFAN,kir20
032b20d4-a11a-4e6c-8a00-7cf0b70b5d29,Deposit_Account,2024-07-10,BebIY7Y03,Kano,WOFAN,kir20
75c930aa-53e1-42fa-be58-54f1269a846e,Deposit_Account,2024-07-10,BebJGKF08,Kano,WOFAN,kir21
5e33d9fa-dcb5-46a9-bd26-192f6f4eff26,Deposit_Account,2024-07-10,Beb7G9P25,Kano,WOFAN,kir21
fdc7abc2-dae7-4c90-9d61-87da5d18114e,Deposit_Account,2024-07-10,BebKW9M08,Kano,WOFAN,kir21
ce8c9429-4dca-4632-bebb-e45ab4b90426,Deposit_Account,2024-07-10,Beb2P7L35,Kano,WOFAN,kir22
635b8e3e-23b9-4fa0-ac1e-1feb232f7364,Deposit_Account,2024-07-10,BebB2N504,Kano,WOFAN,kir22
db10a88b-3d60-412e-8f10-6b9d09034a94,Deposit_Account,2024-07-10,Beb3BBV10,Kano,WOFAN,kir22
6a37f99b-23d3-40e2-a32a-013b98c4b099,Deposit_Account,2024-07-10,KurOYU839,Kano,WOFAN,kur01
f6637cfa-b366-4aca-b510-ef3a655e7c0d,Deposit_Account,2024-07-10,KurEUFZ59,Kano,WOFAN,kur01
a7ec806f-8dd2-460c-9153-8167c3d2639c,Deposit_Account,2024-07-10,GarH3JD10,Kano,WOFAN,kur01
e4a9df16-b1bf-479d-b06b-f0aa2a9c30c4,Deposit_Account,2024-07-10,GarA0FH19,Kano,WOFAN,kur02
d6964db2-e8c4-43d8-a80c-c4517a3aeeaa,Deposit_Account,2024-07-10,Kur4GFU29,Kano,WOFAN,kur02
17fa5336-adc9-405e-b79e-b19266ff61e2,Deposit_Account,2024-07-10,KurQJJ621,Kano,WOFAN,kur06
94b89200-3c21-4524-8360-d7388a1f7b28,Deposit_Account,2024-07-10,KurSP3726,Kano,WOFAN,kur06
06c7e983-62e9-4b5e-adb5-a4ddd223e95d,Deposit_Account,2024-07-10,KurWE1K38,Kano,WOFAN,kur06
faf3228d-f18a-4b02-a061-a7bf262e18a5,Deposit_Account,2024-07-10,Gar3XID10,Kano,WOFAN,kur07
e4bcefdd-9c4a-48f4-8168-31c9be494500,Deposit_Account,2024-07-10,KurZU5J41,Kano,WOFAN,kur07
ed45600c-7652-4509-8c33-08e0bbcf5040,Deposit_Account,2024-07-10,GarNH0501,Kano,WOFAN,kur07
38e4cbac-b935-40ab-bac3-5513693fe1d7,Deposit_Account,2024-07-10,Kur0CVY16,Kano,WOFAN,kur12
2b1f1bed-d70a-4861-b745-254cd8ca088f,Deposit_Account,2024-07-10,KurFCO249,Kano,WOFAN,kur12
a1ce86fa-e24c-4d8b-ad9c-5fa659f509fa,Deposit_Account,2024-07-10,KurRRX842,Kano,WOFAN,kur12
5b03f0ec-f50f-47e0-92da-abf0cfb3378d,Deposit_Account,2024-07-10,GarIBYB03,Kano,WOFAN,ran04
cd73742a-f126-4bff-9750-e4e36f7eecac,Deposit_Account,2024-07-10,Ran473O46,Kano,WOFAN,ran04
5fb2c878-513d-4f6f-9990-c7162f01ef19,Deposit_Account,2024-07-10,GarXPEG20,Kano,WOFAN,ran05
10221d32-ed70-400a-88b5-6bf6cc286668,Deposit_Account,2024-07-10,GarN5H847,Kano,WOFAN,ran05
43019110-3c36-47a2-bb1c-74e50f0e80f6,Deposit_Account,2024-07-10,Ran6NOH25,Kano,WOFAN,ran12
5e2949a0-87a9-45a3-ad49-e0549233b8ff,Deposit_Account,2024-07-10,RanB46Z34,Kano,WOFAN,ran12
b8437f7f-0bb7-457a-ab73-88f1e26cdee1,Deposit_Account,2024-07-10,RanJ3FP27,Kano,WOFAN,ran12
45ed60ab-b75e-41b9-86a1-12e3fa1f5f12,Deposit_Account,2024-07-10,RimPLHJ09,Kano,WOFAN,rig02
74c6a96c-0e8f-47af-a691-9cff6fed1b93,Deposit_Account,2024-07-10,RimXSAD35,Kano,WOFAN,rig02
44283b82-807f-4f15-8a65-a40a6a1d974d,Deposit_Account,2024-07-10,RimK48U40,Kano,WOFAN,rig02
373c328e-bde7-4a79-b04f-807757a22a30,Deposit_Account,2024-07-10,BagSZHI28,Kano,WOFAN,rig02
8a411578-f51b-488a-acfb-2f468c7c8b3d,Deposit_Account,2024-07-10,TofN59R47,Kano,WOFAN,rig03
49f13b07-d665-4542-85af-5aaf7d43c51c,Deposit_Account,2024-07-10,TofWBGM02,Kano,WOFAN,rig03
ef307470-850c-4c09-b97e-9c3cad3a6db1,Deposit_Account,2024-07-10,TofH1WE18,Kano,WOFAN,rig03
ac5ee462-7f2d-4497-a01b-6e2416adfc1c,Deposit_Account,2024-07-10,TofI0RB13,Kano,WOFAN,rig03
836dfb96-fa33-4a9a-87ae-ac10a9371f21,Deposit_Account,2024-07-10,BagG1SW17,Kano,WOFAN,rig04
8626ded6-e0e0-4728-a2f1-5b54b19fc4f5,Deposit_Account,2024-07-10,BagBEDJ45,Kano,WOFAN,rig04
e7eebb55-0743-4050-b355-5502e839c58f,Deposit_Account,2024-07-10,RimVM1I02,Kano,WOFAN,rig04
4218c28c-9c3a-4e03-83c6-3f60c61a774c,Deposit_Account,2024-07-10,RimZTD033,Kano,WOFAN,rig04
2c9eec68-b1fd-41ad-8227-965eb8e8acbf,Deposit_Account,2024-07-10,RimQZIM59,Kano,WOFAN,rig04
64c45ea9-bbdc-4abe-9bf0-ae519fa649e5,Deposit_Account,2024-07-10,RimAMK931,Kano,WOFAN,rig04
ff516afe-9a51-4ccf-a536-82efad6c2224,Deposit_Account,2024-07-10,TofHSF310,Kano,WOFAN,rig08
6e3f4564-2ab2-4d4c-83aa-63ecf7337bb1,Deposit_Account,2024-07-10,Tof7DYM44,Kano,WOFAN,rig08
ecf863e7-6f17-4def-8b5d-b22c493a10e8,Deposit_Account,2024-07-10,TofZJLG55,Kano,WOFAN,rig08
b1999061-48e1-4bbd-9e77-b4c1e8dd2ca2,Deposit_Account,2024-07-08,RinPOSN13,Jigawa,WOFAN,rin26
ba525314-5f3a-4296-bb7c-e1b7726ce3a0,Deposit_Account,2024-07-08,RinQW0X01,Jigawa,WOFAN,rin26
2bfcd0d7-f783-49c4-879d-fa0acace430e,Deposit_Account,2024-07-08,RinJESA13,Jigawa,WOFAN,rin26
edbceb9a-5bb0-4ff4-801e-c8338af6a94b,Deposit_Account,2024-07-08,RinZQE535,Jigawa,WOFAN,rin26
10896717-08a4-47d7-8840-5983d675a107,Deposit_Account,2024-07-08,RinYNXQ42,Jigawa,WOFAN,rin26
6b14b881-78e6-44b9-b9a3-30fe5e9d66ff,Deposit_Account,2024-07-08,RinPUS001,Jigawa,WOFAN,rin26
07b7190e-eab7-4eba-b558-5f29192679d0,Deposit_Account,2024-07-08,RinYNBA29,Jigawa,WOFAN,rin26
93633de9-d320-4787-a0ef-81b522c859d0,Deposit_Account,2024-07-08,RinEIEQ39,Jigawa,WOFAN,rin26
454d5d4d-61d8-4241-b885-fab49e37fff5,Deposit_Account,2024-07-08,RinNEGS51,Jigawa,WOFAN,rin26
aaec5ed3-1061-4325-a4de-3dcbd492888c,Deposit_Account,2024-07-08,RinP06Q19,Jigawa,WOFAN,rin26
624232c2-f8b1-4ef0-b45e-ae5ee271c72b,Deposit_Account,2024-07-08,RinGYKD16,Jigawa,WOFAN,rin26
5f5ab0ab-0585-4c8e-8879-4b1f5b21d049,Deposit_Account,2024-07-08,RinE06S51,Jigawa,WOFAN,rin26
6644d609-a01a-4cf7-8a70-1b5c91f28c32,Deposit_Account,2024-07-08,RinAZD143,Jigawa,WOFAN,rin26
24a3f3cd-f9c1-4f6e-8497-6b7173826f4b,Deposit_Account,2024-07-08,RinP5YX00,Jigawa,WOFAN,rin26
0ef79198-09b7-445f-b95d-85b6acc67f83,Deposit_Account,2024-07-08,Rin065N16,Jigawa,WOFAN,rin26
3d15c2cc-e6a1-471d-ab57-c2ffb084782c,Deposit_Account,2024-07-08,RinA72Q43,Jigawa,WOFAN,rin26
05c446e5-9ddb-46c3-a033-fa43f95ae0f3,Deposit_Account,2024-07-08,RinWPUO06,Jigawa,WOFAN,rin26
83de4420-c5af-468e-86bc-23364d180067,Deposit_Account,2024-07-08,Rin4LGT24,Jigawa,WOFAN,rin26
a885a75c-2e8c-4761-90d9-5d66fc37517f,Deposit_Account,2024-07-08,RinIGJI41,Jigawa,WOFAN,rin26
642140e2-33e2-4207-8902-a63b19485a28,Deposit_Account,2024-07-08,Rin8HHZ15,Jigawa,WOFAN,rin26
81ef03c1-d10f-4c60-8cb7-080e690c4bf7,Deposit_Account,2024-07-08,RinRKCY54,Jigawa,WOFAN,rin26
33725640-3c3d-4598-b9d7-e65495c6b8d3,Deposit_Account,2024-07-08,RinC4JJ46,Jigawa,WOFAN,rin26
89199dea-eb82-420d-b90a-03c4343247b6,Deposit_Account,2024-07-08,RinI8VK57,Jigawa,WOFAN,rin26
cfca5718-2150-489b-9cf0-6c6694648b91,Deposit_Account,2024-07-08,RinBOU549,Jigawa,WOFAN,rin26
24a4b0cf-a94a-4c44-a116-b71d914b084d,Deposit_Account,2024-07-08,RinOSF952,Jigawa,WOFAN,rin26
4b3c5e1d-c51c-47fe-9d67-eac6d702b770,Deposit_Account,2024-07-08,RinIL7W06,Jigawa,WOFAN,rin26
5228db03-cd9b-4ef3-85ff-ed7ba012d77b,Deposit_Account,2024-07-08,RinAW4L25,Jigawa,WOFAN,rin26
20aa6ad3-2ef2-45c7-afbe-bd4cccc00e61,Deposit_Account,2024-07-08,RinMSPR51,Jigawa,WOFAN,rin26
b0a1b4f2-8661-4128-a88a-656c6917374b,Deposit_Account,2024-07-08,Rin689Y24,Jigawa,WOFAN,rin28
caf25bfa-4eb8-4af9-8839-4ab8e7174e75,Deposit_Account,2024-07-08,RinWAP700,Jigawa,WOFAN,rin28
ef816935-75da-400a-83ef-4381180c879d,Deposit_Account,2024-07-08,RinWYDP35,Jigawa,WOFAN,rin28
b0c9408e-c9be-49cd-9b94-4cfc7c00f82c,Deposit_Account,2024-07-08,RinQM3C33,Jigawa,WOFAN,rin28
c31ddefc-2f15-4ef6-8c0e-5e74a0d69930,Deposit_Account,2024-07-08,Rin024V13,Jigawa,WOFAN,rin28
8433d238-c46e-40cb-8c72-b03bd5be7070,Deposit_Account,2024-07-08,RinZRG657,Jigawa,WOFAN,rin28
81d52458-90fa-4c70-8844-4cd969bea5cc,Deposit_Account,2024-07-08,Rin1QG022,Jigawa,WOFAN,rin28
8a5036e4-03f6-46f5-927b-b572d93f2074,Deposit_Account,2024-07-08,RinCJOB07,Jigawa,WOFAN,rin28
915ffcaa-a74d-4e2d-9fed-f32cb3acfaf1,Deposit_Account,2024-07-08,Rin78EE24,Jigawa,WOFAN,rin28
fa7caca0-feb0-4a67-b753-00048e062d33,Deposit_Account,2024-07-08,RinEKQ806,Jigawa,WOFAN,rin28
4559e427-9315-485c-aead-a88d6c3c0e56,Deposit_Account,2024-07-08,RinP2YM14,Jigawa,WOFAN,rin28
4a8f4f6b-2a8e-4f25-99ae-0689ccdeb389,Deposit_Account,2024-07-08,RinU5B642,Jigawa,WOFAN,rin28
834ae332-2663-4528-80b7-797ed2c9b12c,Deposit_Account,2024-07-08,RinQJZ427,Jigawa,WOFAN,rin28
eae40d92-25d6-412b-b471-19aae43308d2,Deposit_Account,2024-07-08,RinIVOT20,Jigawa,WOFAN,rin28
58ef71f5-a0be-4cf0-8393-5ce9c36578b6,Deposit_Account,2024-07-08,RinCKFO55,Jigawa,WOFAN,rin28
41aa0087-f5f6-437b-80a0-a8a9675f001e,Deposit_Account,2024-07-08,RinPW0621,Jigawa,WOFAN,rin28
a3fc3eb8-7a71-4df0-80eb-17915c13faad,Deposit_Account,2024-07-08,Rin3HCD31,Jigawa,WOFAN,rin28
fcd005b9-28f0-4715-b3a4-1a537c0c5bc7,Deposit_Account,2024-07-08,Rin84P129,Jigawa,WOFAN,rin28
2d11b208-95d3-46cf-878f-fe2d094ec1dd,Deposit_Account,2024-07-08,RinQGFK12,Jigawa,WOFAN,rin28
2cc89510-057c-4540-9091-9c5db15c89b4,Deposit_Account,2024-07-08,Rin9AVV41,Jigawa,WOFAN,rin28
9b22bd0e-f415-430e-ba08-0ef91da331fb,Deposit_Account,2024-07-08,RinFAOY21,Jigawa,WOFAN,rin28
c381a42d-c831-4f81-8509-67472f8799de,Deposit_Account,2024-07-08,RinRAWM10,Jigawa,WOFAN,rin28
d77043e7-b78a-4d5a-8d74-79585059e765,Deposit_Account,2024-07-08,RinSLNF22,Jigawa,WOFAN,rin28
8409d1f4-9338-4d23-8256-10391eb140a4,Deposit_Account,2024-07-15,ShoQMZ721,Gombe,WOFAN,sha04
22026902-1b7e-481c-8f79-356ab206a970,Deposit_Account,2024-07-15,ShoRHVP21,Gombe,WOFAN,sha04
4588e51e-33aa-480e-b57b-9e22a2ac06cf,Deposit_Account,2024-07-15,ShoX5OJ38,Gombe,WOFAN,sha04
75e83ff5-34d1-4f9e-9816-69777395be50,Deposit_Account,2024-07-08,TauI3IH39,Jigawa,WOFAN,tau23
288cd13a-c699-4f78-a7fc-34af0d4e0164,Deposit_Account,2024-07-08,TauUA7F16,Jigawa,WOFAN,tau23
57a4d0a8-64db-4b42-9834-0d049c9f30f0,Deposit_Account,2024-07-08,TauE29933,Jigawa,WOFAN,tau23
7e9a7907-c8fc-4132-8f7a-3e9b736ce21b,Deposit_Account,2026-07-09,Ika8OF026,Kaduna,WOFAN,ika32
b93247cc-0fc4-427c-9e58-7d392112d565,Deposit_Account,2024-07-09,Ika04AV40,Kaduna,WOFAN,ika33
91e15021-2d8e-4f72-b806-97b77ddda957,Deposit_Account,2024-07-09,IkaSDP909,Kaduna,WOFAN,ika33
e98630e8-3f92-4075-a205-f38f7eda8abd,Deposit_Account,2024-07-09,IkaOHO155,Kaduna,WOFAN,ika34
e823a73f-d5fd-43e0-a429-8dfe4acdcda9,Deposit_Account,2024-07-09,Ika0SSL57,Kaduna,WOFAN,ika34
be0dfa9e-53a0-4aaa-88eb-9b08e7cbe7e8,Deposit_Account,2024-07-09,IkaWYK416,Kaduna,WOFAN,ika35
507179ac-c01f-4a47-b3d1-d7cb24a30e24,Deposit_Account,2024-07-09,IkaO6BR56,Kaduna,WOFAN,ika36
ccf9dd70-0663-4c93-8ade-f8803dd24d04,Deposit_Account,2024-07-09,IkaO5UZ37,Kaduna,WOFAN,ika36
d9c88e01-70bb-4358-b15d-fd496c3adb9c,Deposit_Account,2024-07-09,Ika846U02,Kaduna,WOFAN,ika36
92c1768a-1cf9-4b22-9bd3-d7e7610f81eb,Deposit_Account,2024-07-08,Jah8ZCH58,Jigawa,WOFAN,jah60
43b9ebf3-e12a-42d5-9cf7-3049551552dc,Deposit_Account,2024-07-08,JahHZXD30,Jigawa,WOFAN,jah60
e80d5f5b-241a-47fa-a26b-7479ebde22d8,Deposit_Account,2024-07-08,Jah2P3O47,Jigawa,WOFAN,jah60
2fa659b0-d8f0-4dae-ad6d-4284a2a8330e,Deposit_Account,2024-07-08,JahZABZ00,Jigawa,WOFAN,jah60
4e83f9f1-0b38-4b64-8875-aa8f757b1bde,Deposit_Account,2024-07-08,JahWWIW50,Jigawa,WOFAN,jah60
13394ed2-0dbc-4a84-881e-c893375fa2de,Deposit_Account,2024-07-08,JahWG7L11,Jigawa,WOFAN,jah60
ba865d37-46b4-464f-bee2-02f211856620,Deposit_Account,2024-07-08,JahS7FY17,Jigawa,WOFAN,jah60
96494f74-d052-4404-a8dc-c48c318760bb,Deposit_Account,2024-07-08,Jah3FSS00,Jigawa,WOFAN,jah60
2c02726c-e4dc-4a6d-8930-6be8476bde7a,Deposit_Account,2024-07-08,JahDI2407,Jigawa,WOFAN,jah60
9a280314-4524-4621-93cc-466240fc4bf1,Deposit_Account,2024-07-08,JahSEYG52,Jigawa,WOFAN,jah60
b27bbcbe-a687-44a8-9734-bde906f191af,Deposit_Account,2024-07-09,JahWS1027,Jigawa,WOFAN,jah60
3beec057-0146-44ae-b32f-23e8530bc213,Deposit_Account,2024-07-08,JahBLWN03,Jigawa,WOFAN,jah60
f9952557-76b4-4311-88ef-77c721f830a1,Deposit_Account,2024-07-08,JahD6PN18,Jigawa,WOFAN,jah60
7fff8dc0-a124-4a6c-b840-5287ef9395a8,Deposit_Account,2024-07-08,JahLBW027,Jigawa,WOFAN,jah60
c70d9e77-92a8-4339-81b9-80fe2739425e,Deposit_Account,2024-07-08,JahVMNN27,Jigawa,WOFAN,jah60
ac86f3a5-f0e3-439a-afd2-6057da4e1ad5,Deposit_Account,2024-07-08,JahCJHI21,Jigawa,WOFAN,jah60
1a0a1c06-6e02-4bb3-acc0-45463a4d839d,Deposit_Account,2024-07-08,JahJ09307,Jigawa,WOFAN,jah60
685d62ed-0857-43a3-b492-e62a868e43bd,Deposit_Account,2024-07-08,JahXUJX01,Jigawa,WOFAN,jah60
6fe6c0d3-c34b-427f-8bc4-90da7b1b492a,Deposit_Account,2024-07-22,JahAUP033,Jigawa,WOFAN,jah60
b87b7248-f82b-4c1e-8695-a490d44a1663,Deposit_Account,2024-07-08,JahE4MC18,Jigawa,WOFAN,jah60
ad98aa24-4bc9-4fdc-b5df-a4c6d90dbba1,Deposit_Account,2024-07-08,JahAHEN19,Jigawa,WOFAN,jah60
9674e57b-afd4-4738-8801-05d1664f4f9d,Deposit_Account,2024-07-08,Jah9YK615,Jigawa,WOFAN,jah60
423bc10b-49d5-4fe1-90d5-b2027ec7901e,Deposit_Account,2024-07-08,JahNWTX49,Jigawa,WOFAN,jah60
2d6a25f3-11c8-4fe2-825a-2f934895d0b7,Deposit_Account,2024-07-08,JahWUDX32,Jigawa,WOFAN,jah60
ceecc2ed-6c7a-4dec-9bd0-0077613974a1,Deposit_Account,2024-07-08,JahEIPR34,Jigawa,WOFAN,jah60
bc73dc60-2ab8-44cc-af00-3b781bbacdae,Deposit_Account,2024-07-08,JahIFLA55,Jigawa,WOFAN,jah60
0101e0d2-68d3-47f2-823b-e8517b4100dd,Deposit_Account,2024-07-08,JahW2B100,Jigawa,WOFAN,jah60
bc516a6a-bd3e-4e06-8040-6925b41f596c,Deposit_Account,2024-07-08,JahHLBP50,Jigawa,WOFAN,jah60
b73e9825-0c46-4c9d-8aa6-bae0a7380e9a,Deposit_Account,2024-07-08,JahIV9J39,Jigawa,WOFAN,jah60
495ae8aa-a490-4326-8631-5c1a2d8292d8,Deposit_Account,2024-07-08,JahRS2L51,Jigawa,WOFAN,jah60
16d7729a-78be-44b2-8250-4daab02cc388,Deposit_Account,2024-07-08,JahCBHS27,Jigawa,WOFAN,jah60
2cd5fc26-bd21-478b-94ad-0aa1f74781f6,Deposit_Account,2024-07-08,JahZT5P38,Jigawa,WOFAN,jah60
760cdf52-74e1-4af1-898e-933befafc77f,Deposit_Account,2024-07-08,JahIAS924,Jigawa,WOFAN,jah60
63fbd441-828b-4f77-a544-29137091b230,Deposit_Account,2024-07-08,JahUPWL23,Jigawa,WOFAN,jah60
29598388-994a-4493-9ab3-1b2d2fe2452a,Deposit_Account,2024-07-08,Jah6KYV24,Jigawa,WOFAN,jah60
212e0d2a-d6ce-444d-b1d4-1827b3dd966c,Deposit_Account,2024-07-08,JahOG2L18,Jigawa,WOFAN,jah60
aea2e89e-89c3-458f-9f4d-bf9c0fff496d,Deposit_Account,2024-07-08,Jah7DN851,Jigawa,WOFAN,jah60
12c79e80-8ec6-4cac-917b-62e34cc34f6b,Deposit_Account,2024-07-08,JahSZKY29,Jigawa,WOFAN,jah60
9670df58-1405-464e-a3b2-acfa83e9deb9,Deposit_Account,2024-07-08,JahC0IT04,Jigawa,WOFAN,jah60
0e6f995e-fbd4-44de-839f-8e4ae588aba4,Deposit_Account,2024-07-08,JahPD7G27,Jigawa,WOFAN,jah60
124fac06-3640-4f58-8f8f-e49e8784e0c6,Deposit_Account,2024-07-08,JahLLJ421,Jigawa,WOFAN,jah60
510a9b36-ed2b-4802-b958-550712576e64,Deposit_Account,2024-07-08,JahMJDG38,Jigawa,WOFAN,jah60
d45d01bc-8c24-47a3-a77f-f835d05d12aa,Deposit_Account,2024-07-08,JahT53W36,Jigawa,WOFAN,jah60
f65f1a9c-d679-4ee6-943b-c80f1ab66b58,Deposit_Account,2024-07-08,TauICK426,Jigawa,WOFAN,tau23
e4f3162f-1085-44e2-af27-87526932235e,Deposit_Account,2024-07-08,TauAMBK52,Jigawa,WOFAN,tau23
ece8aab8-8180-45f9-a7ef-47e938333cdd,Deposit_Account,2024-07-08,TauYIIO54,Jigawa,WOFAN,tau23
8ce83e7b-7465-44ce-93c4-1d21e46f93b2,Deposit_Account,2024-07-08,TauXGM829,Jigawa,WOFAN,tau23
c0862260-750b-473d-9b94-6c3dc77d7243,Deposit_Account,2024-07-08,Tau2XW929,Jigawa,WOFAN,tau23
ec1a2351-586c-40c4-91b8-a4598832c1f5,Deposit_Account,2024-07-08,Tau00T741,Jigawa,WOFAN,tau23
358bf512-d9bd-47b7-8c35-464d372e9a77,Deposit_Account,2024-07-08,TauG3R955,Jigawa,WOFAN,tau23
99faa4bd-1f37-4667-b094-2aadceb3c881,Deposit_Account,2024-07-08,TauHLBO01,Jigawa,WOFAN,tau23
476fed33-8bc9-4e9d-9e33-f942f02109ad,Deposit_Account,2024-07-08,Tau052826,Jigawa,WOFAN,tau23
9a8da5d4-aaff-40ec-afec-345ddec5cb74,Deposit_Account,2024-07-08,TauO4DV49,Jigawa,WOFAN,tau23
e06cdf18-41b2-4082-9825-063420136a1d,Deposit_Account,2024-07-08,Tau09V727,Jigawa,WOFAN,tau23
51761b9d-f240-4e38-a1bd-098ede8f4dbb,Deposit_Account,2024-07-08,Tau6HWB20,Jigawa,WOFAN,tau23
d9509932-0869-49e8-95ff-47579ec20a50,Deposit_Account,2024-07-08,Tau2D3Y50,Jigawa,WOFAN,tau23
e51ca448-fe89-417d-9f1e-8d1e76eb8bf6,Deposit_Account,2024-07-08,Tau3Q9V21,Jigawa,WOFAN,tau23
ce96ad91-abe9-4742-a56a-c94dbf1c289f,Deposit_Account,2024-07-08,TauW2YT47,Jigawa,WOFAN,tau23
1d7fd082-7348-4cb7-afe7-f77bf3ee80db,Deposit_Account,2024-07-08,TauVFWO49,Jigawa,WOFAN,tau23
5c903ab7-1a0f-4d6c-a83c-10b5b7879b4c,Deposit_Account,2024-07-08,TauOHDD02,Jigawa,WOFAN,tau23
2023ad76-f817-4163-9655-c21dc209afa2,Deposit_Account,2024-07-08,TauALLJ28,Jigawa,WOFAN,tau23
d8d00b5c-2f4b-4431-aae7-f2f7f85b188d,Deposit_Account,2024-07-10,TudZ9TC08,Kano,WOFAN,tun01
9c8b96d4-d396-4d28-810e-8e3c6bb2f3c4,Deposit_Account,2024-07-10,TudY9WC18,Kano,WOFAN,tun01
d0362a66-2526-4286-8eaa-da946c869754,Deposit_Account,2024-07-10,TudC10Q45,Kano,WOFAN,tun01
421bb75c-24c1-4fdb-bce2-f95782458f42,Deposit_Account,2024-07-10,TudVTGV01,Kano,WOFAN,tun02
88b8bfbd-06d4-4677-8f18-72b61f9a299d,Deposit_Account,2024-07-10,TudE9PJ22,Kano,WOFAN,tun02
a71f74cf-1900-43c9-81d8-5dab570a7ec4,Deposit_Account,2024-07-10,Tud1BBG47,Kano,WOFAN,tun02
b0ad9d06-a59d-49d4-89d5-3006398b20d4,Deposit_Account,2024-07-10,BebUKFO59,Kano,WOFAN,tun08
f63b0fe8-df6e-4f6a-b920-a3c394399510,Deposit_Account,2024-07-10,Tud0CH528,Kano,WOFAN,tun08
850390a7-765a-4940-9c86-92e7d7e4b133,Deposit_Account,2024-07-10,GarV1OT21,Kano,WOFAN,tun08
b32faede-7b4a-47b7-a2bf-12f163cb4d5a,Deposit_Account,2024-07-08,Jah3UFX38,Jigawa,WOFAN,jah60
d7b4f08f-5b6c-4da9-94d4-eb696c4ea64d,Deposit_Account,2024-07-08,JahFOE109,Jigawa,WOFAN,jah60
667902fa-f121-49d2-9e5a-b913a4fb322c,Deposit_Account,2024-07-08,JahBVLC25,Jigawa,WOFAN,jah60
1b35f5d7-cb8d-404e-bf72-2aec9705177a,Deposit_Account,2024-07-08,JahG89V55,Jigawa,WOFAN,jah60
ec739de8-4d85-482b-a491-888adc52256f,Deposit_Account,2024-07-08,JahORVC32,Jigawa,WOFAN,jah60
1d46fc9c-31b3-4242-83d3-51cdd62d1bdd,Deposit_Account,2024-07-08,Jah8B3P35,Jigawa,WOFAN,jah60
7b66d1b6-9c03-45bb-ad5a-2be4a7710562,Deposit_Account,2024-07-08,JahY9R628,Jigawa,WOFAN,jah60
b29486a4-7f44-40e4-8ece-a711278b7f64,Deposit_Account,2024-07-08,JahW13N01,Jigawa,WOFAN,jah60
88609b12-ef8b-4374-8fa9-c4f383999e8f,Deposit_Account,2024-07-08,Jah668F48,Jigawa,WOFAN,jah60
243d84d8-c9e2-4a6f-a242-8a480855b935,Deposit_Account,2024-07-08,JahWDFK23,Jigawa,WOFAN,jah60
d289efb4-3c9e-48fb-9051-2de026bc990f,Deposit_Account,2024-07-08,JahYU5256,Jigawa,WOFAN,jah60
d0ca29fb-4197-47fa-948e-c83569f79b6a,Deposit_Account,2024-07-08,JahDT8F48,Jigawa,WOFAN,jah60
7ed107b8-8ed9-41f0-9286-603ab1e706af,Deposit_Account,2024-07-08,Jah0L4M33,Jigawa,WOFAN,jah60
ffcefa0b-7c4a-4695-822d-9c84db99a874,Deposit_Account,2024-07-08,JahUW4K11,Jigawa,WOFAN,jah60
8a9f4f58-f5fd-4da0-9f80-3dfa07a894dd,Deposit_Account,2024-07-08,JahO2FK54,Jigawa,WOFAN,jah60
c136bf41-078b-4144-87f1-fabd33823ca9,Deposit_Account,2024-07-08,Jah3C3Z58,Jigawa,WOFAN,jah60
b2915ada-2c02-4c67-bf08-b93cf228a8a0,Deposit_Account,2024-07-08,Jah8QN741,Jigawa,WOFAN,jah60
6527e43d-74bf-4993-b4dc-022182188172,Deposit_Account,2024-07-08,JahGNSG38,Jigawa,WOFAN,jah60
3e8c7094-9737-4a3b-b88b-295cb8ef7c20,Deposit_Account,2024-07-08,JahNWWD21,Jigawa,WOFAN,jah60
13539a5c-b66d-4bda-a071-cd99e46847e0,Deposit_Account,2024-07-08,JahOZ9O32,Jigawa,WOFAN,jah60
b563aa6e-02aa-416e-913f-95ea89e9dc8b,Deposit_Account,2024-07-08,JahGR7O09,Jigawa,WOFAN,jah60
23c542de-25cf-4b8e-8a79-cd69a95227d0,Deposit_Account,2024-07-08,JahN57Z01,Jigawa,WOFAN,jah60
c2be1397-0654-416c-92fb-151b4f9d2e1b,Deposit_Account,2024-07-08,JahOAPY40,Jigawa,WOFAN,jah60
119c913b-5090-4edd-be87-17cd432e7435,Deposit_Account,2024-07-08,Jah7U7319,Jigawa,WOFAN,jah60
b2343861-a71e-4060-bad1-01127a791068,Deposit_Account,2024-07-08,JahGWXD03,Jigawa,WOFAN,jah60
12514efa-f306-4b40-801c-0d8f41509f1d,Deposit_Account,2024-07-08,JahP1CZ40,Jigawa,WOFAN,jah60
471734c5-5592-4b6f-a487-d25ead263128,Deposit_Account,2024-07-08,JahAECW25,Jigawa,WOFAN,jah60
05c27ec5-6cf2-48a5-84ff-57af92c0a023,Deposit_Account,2024-07-08,Jah55QO15,Jigawa,WOFAN,jah60
316bc65d-495c-4de1-81b1-6c7cbe756a55,Deposit_Account,2024-07-08,JahELGL56,Jigawa,WOFAN,jah60
f718748c-01ab-480f-ac8e-cc19b58d0778,Deposit_Account,2024-07-08,JahG8JG39,Jigawa,WOFAN,jah60
21a4611d-6d38-4852-bbce-546733109de0,Deposit_Account,2024-07-08,JahLWWA25,Jigawa,WOFAN,jah60
21b17e2e-8d00-42cf-91d6-2accd60436ab,Deposit_Account,2024-07-08,JahRBTN03,Jigawa,WOFAN,jah60
27566f32-afb9-4c1a-8abe-51fcd068cdbe,Deposit_Account,2024-07-08,JahGCOR06,Jigawa,WOFAN,jah60
093ccc50-75ff-4ff2-9093-2e392b295327,Deposit_Account,2024-07-08,JahLZMK25,Jigawa,WOFAN,jah60
6de84abd-a060-4b46-915d-c6d4c7ab788c,Deposit_Account,2024-07-08,JahCXB137,Jigawa,WOFAN,jah60
5d31d7cd-ac82-4a63-b555-37c8445ad8f8,Deposit_Account,2024-07-08,Jah4CB633,Jigawa,WOFAN,jah60
d4ae4ab6-8348-4982-b49d-5fa101c7272d,Deposit_Account,2024-07-08,JahFHIV18,Jigawa,WOFAN,jah60
c3a0adf9-cd07-42f4-838e-29c9c8100227,Deposit_Account,2024-07-08,JahCEZC48,Jigawa,WOFAN,jah60
552e6c9b-5bb4-46d8-9011-4d921f44d8ba,Deposit_Account,2024-07-08,Jah2D5Y26,Jigawa,WOFAN,jah60
a55bc0b1-b5cd-46b0-b18d-132778bae77e,Deposit_Account,2024-07-08,JahKNLV08,Jigawa,WOFAN,jah60
9e0ccd69-cf3d-4e01-8f98-c5cca48e17a3,Deposit_Account,2024-07-08,JahUNB934,Jigawa,WOFAN,jah60
c478a620-2141-4831-98ba-977dc9aa832d,Deposit_Account,2024-07-08,JahCIM611,Jigawa,WOFAN,jah60
d06bba80-56bf-4f93-a1af-1cb95fbcb5e8,Deposit_Account,2024-07-08,JahI1VK43,Jigawa,WOFAN,jah60
02362cf7-8df6-40b8-b9f5-94cd5e19e279,Deposit_Account,2024-07-08,Jah2QVX49,Jigawa,WOFAN,jah60
4c8c635a-0728-4d07-8802-0b3d9f3750da,Deposit_Account,2024-07-08,JahNTS457,Jigawa,WOFAN,jah60
79b56fe1-39c7-4af5-8663-b5ccabd8b928,Deposit_Account,2024-07-08,Jah56B539,Jigawa,WOFAN,jah60
42424f52-5355-43b8-b318-43fb3d0d5a0f,Deposit_Account,2024-07-10,TudWCVZ31,Kano,WOFAN,tun17
46552017-812c-44f6-a995-ddff0fd7ec98,Deposit_Account,2024-07-10,Tud5IMP55,Kano,WOFAN,tun17
72b9b53f-a221-4429-83a6-aded788d6d7c,Deposit_Account,2024-07-10,BebXFR452,Kano,WOFAN,tun17
583040e7-9867-4449-99b9-0b03141e2a82,Deposit_Account,2024-07-10,BebG4X115,Kano,WOFAN,tun14
d6f16e87-037b-4482-806c-edbb3723d775,Deposit_Account,2024-07-10,BebYM9219,Kano,WOFAN,tun14
cd454ee5-abff-452e-9195-8148684a5710,Deposit_Account,2024-07-10,BebTYDM56,Kano,WOFAN,tun14
bf3c9817-b8a9-452c-b637-0343edde5ce9,Deposit_Account,2024-07-10,TudQYFS08,Kano,WOFAN,tun18
e5501bb0-ceb7-44cb-9c36-499f82fdd984,Deposit_Account,2024-07-10,BebXSW004,Kano,WOFAN,tun18
88baf5b0-a653-47e3-ab39-4dd2b09254bc,Deposit_Account,2024-07-10,BebDSW526,Kano,WOFAN,tun18
67e09954-1a6a-4978-a663-8c78ddf31981,Deposit_Account,2024-07-10,BebLBNF07,Kano,WOFAN,tun19
c6e599a5-f53a-4f88-ab12-153811787c2c,Deposit_Account,2024-07-10,BebIWQ104,Kano,WOFAN,tun19
a1926790-aaa4-4c5a-ab7d-5eaf3f03e7be,Deposit_Account,2024-07-10,BebVOPY37,Kano,WOFAN,tun19
bb4a9176-247d-4ee6-822d-47c89f00eb62,Deposit_Account,2024-07-10,TudSDMA33,Kano,WOFAN,tun20
c8e65ebc-57bb-4461-bafc-385010f2d729,Deposit_Account,2024-07-10,Beb97JN49,Kano,WOFAN,tun20
77977797-9221-4d48-8753-f67a1001acbb,Deposit_Account,2024-07-10,BebIGDH57,Kano,WOFAN,tun20
89ff5a73-c5db-45bc-ac8e-4a7d287ed0c4,Deposit_Account,2024-07-10,BebHQQI18,Kano,WOFAN,tun21
8b4bffdc-084b-4aef-a302-9dba2c78edb9,Deposit_Account,2024-07-10,Beb2H8V51,Kano,WOFAN,tun21
ca685bd5-9ef4-4ab8-99df-3d95356ffc2f,Deposit_Account,2024-07-10,TudAN6142,Kano,WOFAN,tun21
5a1323f7-9288-4f92-9ed7-960e118d1153,Deposit_Account,2024-07-10,BebH60A19,Kano,WOFAN,tun22
6a0e1a7c-19ab-4800-a255-1a93eeb89e81,Deposit_Account,2024-07-10,BebQ4HU51,Kano,WOFAN,tun22
6a51a126-14c1-4f21-b8c4-0d1681448c45,Deposit_Account,2024-07-10,TudOIPV50,Kano,WOFAN,tun22
9a0f1723-125c-4080-8fed-72183a0bf149,Deposit_Account,2024-07-10,TudHEBM03,Kano,WOFAN,tun23
73a02157-53c1-4cc3-b62b-4fdcc1ca214f,Deposit_Account,2024-07-10,TudTJO144,Kano,WOFAN,tun23
49f6e959-72fa-4b0a-b199-6a5895015790,Deposit_Account,2024-07-10,TudGVA258,Kano,WOFAN,tun23
d14f81bf-9dce-4930-93f5-3d0572ec54b6,Deposit_Account,2024-07-10,BebYO9M13,Kano,WOFAN,tun33
d43d3701-31e3-49c3-a942-98085168f6fe,Deposit_Account,2024-07-10,BebGFT931,Kano,WOFAN,tun33
74451572-dbc5-40d1-a6d1-5de8fa09bf77,Deposit_Account,2024-07-10,Beb6N2R11,Kano,WOFAN,tun33
2071394d-3ff2-4e37-a6c3-afea0bd82bf4,Deposit_Account,2024-08-16,AbaGVGW51,FCT,WOFAN,aba04
a4dec67f-0f89-4bf1-9226-44f9d3735cc4,Deposit_Account,2024-08-03,AbaN7K040,FCT,WOFAN,aba04
5dedcec8-e495-422a-8532-575661a16d8d,Deposit_Account,2024-08-02,AbaRO0L35,FCT,WOFAN,aba04
fcf587c1-2839-4fac-8919-862eff0fcd74,Deposit_Account,2024-08-07,AbaUKMF58,FCT,WOFAN,aba04
0bf04f21-d5c3-4072-a2ba-df80af3fa526,Deposit_Account,2024-08-07,AbaV7KZ14,FCT,WOFAN,aba04
