formid,CoopGender,CoopAgeGroup,Natureofyourcooperativesmembersenterprises,State,LocationType,HaveElectedExco,Ownanactivebankaccount,Registration_Date,Implementing_partner,State-IP,GenCooperativeUniqueID,completed_time,started_time,username,received_on
e583a216-d518-4e76-958b-0bc0eec0d7a3,Male,Youth,Transporters,Bauchi,Urban,Yes,No,2024-06-24,WOFAN,Bauchi-WOFAN,Bau7MUO07,24/06/2024 06:07,24/06/2024 05:59,bau12,24/06/2024 06:07
38f26970-01ca-4a3a-886b-6053ab9a8f1a,Male,Youth,Loaders,Kano,Rural,Yes,No,2024-06-24,WOFAN,Kano-WOFAN,Beb5UUD12,24/06/2024 07:06,24/06/2024 06:47,tun22,24/06/2024 07:06
72ffb93a-1dfd-42bb-9078-de3ca4a7a352,Male,Youth,Loaders,Kano,Urban,Yes,Yes,2024-06-24,WOFAN,Kano-WOFAN,KirF8SC52,24/06/2024 05:42,24/06/2024 05:35,kir16,24/06/2024 07:09
af57a36a-11b2-406a-80aa-61adbbc31b43,Male,Youth,Loaders,Kano,Rural,Yes,Yes,2024-06-24,WOFAN,Kano-WOFAN,BebVT1940,24/06/2024 07:09,24/06/2024 06:57,kir09,24/06/2024 07:09
c8a28e9b-93fc-4242-86f3-bd08b341ab04,Male,Youth,Transporters,Gombe,Rural,Yes,No,2024-06-24,WOFAN,Gombe-WOFAN,KwaDUNU42,24/06/2024 07:35,24/06/2024 07:13,kwa29,24/06/2024 07:35
63bc7526-d851-4ec4-8ece-ddd993f757e6,Male,Youth,Loaders,Kano,Peri_urban,No,No,2024-06-24,WOFAN,Kano-WOFAN,TofMDEX44,24/06/2024 06:56,24/06/2024 06:38,bag01,24/06/2024 07:39
bf385f5a-8767-4b3b-94f1-274d4d18e1ee,Female,Youth,Transporters,Kano,Rural,Yes,No,2024-06-24,WOFAN,Kano-WOFAN,TofIDF721,24/06/2024 07:41,24/06/2024 06:54,rig16,24/06/2024 07:41
69af7d0d-bbcd-45d0-9875-db0dc34381aa,Male,Youth,Loaders,Bauchi,Rural,Yes,No,2024-06-24,WOFAN,Bauchi-WOFAN,TorSCFT40,24/06/2024 07:57,24/06/2024 07:42,tor05,24/06/2024 07:57
d3d402a6-f467-453a-adf7-c503b068a108,Male,Youth,Transporters,Kano,Rural,Yes,Yes,2024-06-24,WOFAN,Kano-WOFAN,Gar6GG221,24/06/2024 07:38,24/06/2024 07:03,gmm50,24/06/2024 08:02
39e8ae11-f78a-4229-a121-59e703093908,Male,Youth,Loaders,Kano,Rural,Yes,No,2024-06-24,WOFAN,Kano-WOFAN,BebKGSH40,24/06/2024 08:03,24/06/2024 07:44,kir02,24/06/2024 08:03
8d31e1d3-67cc-4c87-b274-0c3fe3d0000e,Male,Youth,Loaders,Bauchi,Rural,Yes,No,2024-06-24,WOFAN,Bauchi-WOFAN,War7J6S06,24/06/2024 08:16,24/06/2024 08:06,war04,24/06/2024 08:16
0b3a8d09-70cc-4e20-b1e6-bac658eedd76,Male,Youth,Loaders,Bauchi,Rural,Yes,No,2024-06-24,WOFAN,Bauchi-WOFAN,Gan4P8I38,24/06/2024 08:17,24/06/2024 07:59,gan08,24/06/2024 08:17
e95bb298-0bed-48a2-8d93-e77308c44ed5,Male,Youth,Loaders,Kano,Rural,No,No,2024-06-24,WOFAN,Kano-WOFAN,BebN62502,24/06/2024 08:23,24/06/2024 07:55,kir08,24/06/2024 08:24
942cd6bf-4f3f-4368-9648-fe8a2c36a502,Male,Youth,Transporters,Bauchi,Rural,Yes,Yes,2024-06-24,WOFAN,Bauchi-WOFAN,AlkJ5DB16,24/06/2024 08:27,24/06/2024 08:07,alk01,24/06/2024 08:27
990cbccc-9d38-40f0-8a8b-f6fd5c1e0488,Male,Youth,Loaders,Gombe,Rural,Yes,Yes,2024-06-24,WOFAN,Gombe-WOFAN,BilEX3J10,24/06/2024 08:23,24/06/2024 08:03,bill09,24/06/2024 08:27
56f360ed-0423-40a5-8786-61b1aeab6e90,Male,Youth,Transporters,Bauchi,Rural,Yes,No,2024-06-24,WOFAN,Bauchi-WOFAN,WarD5WO06,24/06/2024 07:49,24/06/2024 07:38,war05,24/06/2024 08:40
ce9a15ec-9ee3-454f-a9b2-6d70ca5a11b7,Male,Youth,Transporters,Bauchi,Rural,Yes,Yes,2024-06-24,WOFAN,Bauchi-WOFAN,Alk9NCC08,24/06/2024 08:41,24/06/2024 08:27,alk01,24/06/2024 08:51
2d1f4429-36b3-4d41-a85a-f1c736d8805b,Male,Youth,Loaders,Bauchi,Urban,Yes,Yes,2024-06-24,WOFAN,Bauchi-WOFAN,BauL2QR16,24/06/2024 08:52,24/06/2024 08:35,bau14,24/06/2024 08:52
6a17f44b-6f32-4d36-80df-cbdbe01b1b74,Male,Youth,Loaders,Bauchi,Urban,Yes,Yes,2024-06-24,WOFAN,Bauchi-WOFAN,AlkFSEB03,24/06/2024 08:18,24/06/2024 08:07,alk02,24/06/2024 08:53
4b8c8231-2193-4725-967b-58f176ba5859,Male,Youth,Transporters,Gombe,Rural,Yes,No,2024-06-24,WOFAN,Gombe-WOFAN,AkkQ6QZ41,24/06/2024 08:56,24/06/2024 08:48,akk01,24/06/2024 08:56
d53af45d-9942-4b1f-8a63-6c545cfa7597,Male,Youth,Loaders,Kano,Urban,No,No,2024-06-24,WOFAN,Kano-WOFAN,TudE4ZW59,24/06/2024 04:33,24/06/2024 04:28,tun17,24/06/2024 09:02
e26eea2d-cbc9-473f-98a0-3379ab35fac7,Male,Youth,Loaders,Gombe,Peri_urban,Yes,No,2024-06-24,WOFAN,Gombe-WOFAN,AkkND1C31,24/06/2024 09:06,24/06/2024 08:16,akk05,24/06/2024 09:06
a104b17e-2189-4737-91ec-262b6384e480,Male,Youth,Transporters,Kano,Rural,Yes,No,2024-06-24,WOFAN,Kano-WOFAN,BagAJXY49,24/06/2024 09:09,24/06/2024 08:26,bag05,24/06/2024 09:09
087e784c-485f-45de-a84a-40470e468753,Male,Youth,Loaders,Kano,Rural,Yes,No,2024-06-24,WOFAN,Kano-WOFAN,BebE80G26,24/06/2024 09:15,24/06/2024 09:07,kir22,24/06/2024 09:15
53abb938-bd98-48a1-8b84-5a2a46287be4,Male,Youth,Loaders,Gombe,Rural,Yes,Yes,2024-06-24,WOFAN,Gombe-WOFAN,Bil1XQG16,24/06/2024 09:18,24/06/2024 09:10,bill09,24/06/2024 09:18
0c8a9c0e-47f4-4cc8-adce-f73ef89c1cf7,Male,Youth,Loaders,Bauchi,Urban,Yes,Yes,2024-06-24,WOFAN,Bauchi-WOFAN,BauK1PC40,24/06/2024 09:28,24/06/2024 09:12,bau10,24/06/2024 09:28
d8322130-1f34-4c80-b72a-27030c00de01,Male,Youth,Transporters,Kano,Peri_urban,Yes,Yes,2024-06-24,WOFAN,Kano-WOFAN,GarE48220,24/06/2024 09:32,24/06/2024 06:51,gmm66,24/06/2024 09:32
317e0981-43d7-4ab9-aef9-0b052a16ab25,Male,Youth,Loaders,Kano,Rural,Yes,Yes,2024-06-24,WOFAN,Kano-WOFAN,RimIU2D38,24/06/2024 09:33,24/06/2024 09:23,rig08,24/06/2024 09:33
8e7b14d3-9ad5-44ef-8d0e-cfeb47eb43b8,Male,Youth,Loaders,Bauchi,Urban,Yes,No,2024-06-24,WOFAN,Bauchi-WOFAN,BauAKOH48,24/06/2024 09:40,24/06/2024 09:30,bau13,24/06/2024 09:40
0e8fc74a-aeb4-443d-91fc-b0b875ace808,Male,Youth,Transporters,Kano,Rural,Yes,No,2024-06-24,WOFAN,Kano-WOFAN,KurXJ4009,24/06/2024 09:47,24/06/2024 09:29,kur13,24/06/2024 09:47
62a36649-9bab-49f2-b601-6ce6b1e70a67,Male,Youth,Transporters,Kano,Rural,Yes,Yes,2024-06-24,WOFAN,Kano-WOFAN,RimAAR328,24/06/2024 08:40,24/06/2024 07:55,rig17,24/06/2024 09:48
cde01515-7dfa-44fd-97d3-7570b961b353,Male,Youth,Transporters,FCT,Rural,Yes,No,2024-06-24,WOFAN,FCT-WOFAN,Gwa64H832,24/06/2024 09:59,24/06/2024 09:34,gwa19,24/06/2024 10:00
b7255678-9385-487b-a86d-bf2d76e84f12,Male,Youth,Loaders,Gombe,Peri_urban,Yes,No,2024-06-24,WOFAN,Gombe-WOFAN,AkkZORR59,24/06/2024 10:04,24/06/2024 09:45,akk03,24/06/2024 10:04
a2b04078-0d63-4fd6-b929-6385b814f194,Male,Youth,Transporters,Kano,Rural,Yes,Yes,2024-06-24,WOFAN,Kano-WOFAN,BebTE7316,24/06/2024 10:04,24/06/2024 09:56,kir20,24/06/2024 10:04
7f2d8d25-2f9b-4f89-b56f-342aac83c777,Male,Youth,Transporters,Gombe,Peri_urban,Yes,No,2024-06-24,WOFAN,Gombe-WOFAN,BilYMN733,24/06/2024 10:11,24/06/2024 09:53,bill04,24/06/2024 10:11
60b85e23-0626-4541-b662-a5e7b4fb5347,Male,Youth,Transporters,Bauchi,Rural,Yes,No,2024-06-24,WOFAN,Bauchi-WOFAN,TafVJ0W45,24/06/2024 09:06,24/06/2024 08:45,taf03,24/06/2024 10:18
f11351fb-49bf-48cb-b5b1-67265a440f01,Male,Youth,Transporters,Kano,Rural,Yes,Yes,2024-06-24,WOFAN,Kano-WOFAN,BebU4RF45,24/06/2024 10:19,24/06/2024 10:03,kir14,24/06/2024 10:19
02ba8c12-2e59-4de3-bb40-5b2a657eccef,Male,Youth,Loaders,FCT,Rural,Yes,No,2024-06-24,WOFAN,FCT-WOFAN,GwaJH8I06,24/06/2024 10:26,24/06/2024 10:05,gwa27,24/06/2024 10:26
be795f40-f018-44d1-b371-837c0d2d49df,Male,Youth,Transporters,Bauchi,Urban,Yes,Yes,2024-06-24,WOFAN,Bauchi-WOFAN,Nin7Z1846,24/06/2024 10:32,24/06/2024 10:12,nin17,24/06/2024 10:32
0989958f-a858-4801-aa9b-0914b125a6a3,Male,Youth,Loaders,Gombe,Rural,Yes,No,2024-06-24,WOFAN,Gombe-WOFAN,BilPKPE11,24/06/2024 10:33,24/06/2024 10:11,bill05,24/06/2024 10:33
95459f00-7e3f-4de6-941e-6ccfbe615298,Male,Youth,Loaders,Kano,Rural,Yes,Yes,2024-06-24,WOFAN,Kano-WOFAN,Kir5SEZ38,24/06/2024 10:35,24/06/2024 10:13,kir11,24/06/2024 10:36
d9c05925-1108-4546-9347-ca952efa5501,Male,Youth,Loaders,Kano,Rural,Yes,Yes,2024-06-24,WOFAN,Kano-WOFAN,Gar016415,24/06/2024 10:40,24/06/2024 10:29,bun03,24/06/2024 10:40
20144109-abd0-4c68-a567-f525d73310b4,Male,Youth,Loaders,Kano,Urban,Yes,No,2024-06-24,WOFAN,Kano-WOFAN,Ran5DGZ54,24/06/2024 08:32,24/06/2024 08:12,ran12,24/06/2024 10:41
fe87dde6-5c14-4bf3-83db-b45a3c564099,Male,Youth,Loaders,FCT,Peri_urban,Yes,Yes,2024-06-24,WOFAN,FCT-WOFAN,AbaCI2E44,24/06/2024 10:53,24/06/2024 10:20,aba04,24/06/2024 10:53
ea58a4d6-0593-48ac-b49f-fb212e1f7b2e,Male,Youth,Loaders,Bauchi,Peri_urban,Yes,No,2024-06-24,WOFAN,Bauchi-WOFAN,TorVAO610,24/06/2024 10:53,24/06/2024 10:43,tor02,24/06/2024 10:53
42b001db-6da6-42f5-a61b-0a32469b856e,Male,Youth,Loaders,Kano,Rural,Yes,Yes,2024-06-24,WOFAN,Kano-WOFAN,Gar1ET902,24/06/2024 10:54,24/06/2024 10:20,bun02,24/06/2024 10:54
752714ae-7880-40f2-ba36-b1e79088d3c8,Female,Youth,Loaders,Kano,Rural,Yes,Yes,2024-06-24,WOFAN,Kano-WOFAN,GarU3W826,24/06/2024 10:44,24/06/2024 10:24,bun16,24/06/2024 10:56
3307e024-6a8e-4cb4-96f5-f6ba323f1ef8,Male,Youth,Loaders,Gombe,Peri_urban,Yes,Yes,2024-06-24,WOFAN,Gombe-WOFAN,Akk9OA104,24/06/2024 10:09,24/06/2024 09:50,akk02,24/06/2024 10:57
cf796e4c-e054-420e-9b1c-15810a110f4e,Male,Youth,Loaders,Gombe,Peri_urban,Yes,No,2024-06-24,WOFAN,Gombe-WOFAN,BilF89I15,24/06/2024 11:12,24/06/2024 11:04,bill04,24/06/2024 11:12
438f69cb-df88-45c9-9516-3ea9ce09623a,Male,Youth,Transporters,Kano,Rural,Yes,Yes,2024-06-24,WOFAN,Kano-WOFAN,Beb538F56,24/06/2024 11:17,24/06/2024 10:16,kir15,24/06/2024 11:17
c4ec4a7e-59bd-45ec-9620-7bcb719ab344,Male,Youth,Transporters,Bauchi,Peri_urban,Yes,No,2024-06-24,WOFAN,Bauchi-WOFAN,NinMI0D35,24/06/2024 10:21,24/06/2024 10:06,nin16,24/06/2024 11:18
e130eb0a-9d42-418d-8f6b-898e78c963da,Male,Youth,Loaders,Kano,Rural,No,No,2024-06-24,WOFAN,Kano-WOFAN,GarQ91M12,24/06/2024 10:54,24/06/2024 10:43,bun11,24/06/2024 11:20
023d150c-b5d5-4519-a6c0-7d7cef960752,Male,Youth,Transporters,Bauchi,Peri_urban,Yes,Yes,2024-06-24,WOFAN,Bauchi-WOFAN,TafV59P57,24/06/2024 11:13,24/06/2024 10:52,taf04,24/06/2024 11:22
29d653c0-01fc-45de-b4fd-7152e2b8c151,Male,Youth,Loaders,Kano,Rural,Yes,No,2024-06-24,WOFAN,Kano-WOFAN,Kur3ZA809,24/06/2024 11:21,24/06/2024 10:49,kur06,24/06/2024 11:22
622ed9ee-ade9-43a0-97cd-151b7e457c25,Male,Youth,Loaders,Kano,Peri_urban,Yes,Yes,2024-06-24,WOFAN,Kano-WOFAN,KirO1ZI11,24/06/2024 11:27,24/06/2024 05:36,kir18,24/06/2024 11:27
1fb427cb-4654-484d-b0fe-2b2d3ee9ec9b,Male,Youth,Loaders,Kano,Urban,Yes,Yes,2024-06-24,WOFAN,Kano-WOFAN,GarKS1M18,24/06/2024 11:30,24/06/2024 10:50,bun04,24/06/2024 11:30
febbb65c-e6b5-4cbf-8b58-85561058107e,Male,Youth,Loaders,Kano,Rural,Yes,Yes,2024-06-24,WOFAN,Kano-WOFAN,RimVC3T15,24/06/2024 11:18,24/06/2024 10:45,rig04,24/06/2024 11:34
42d7023d-dd04-4ba2-be26-9a6c7efb7be9,Male,Youth,Loaders,Jigawa,Rural,Yes,Yes,2024-06-24,WOFAN,Jigawa-WOFAN,JahU8VF26,24/06/2024 11:36,24/06/2024 11:28,jah49,24/06/2024 11:36
d9de2129-88d2-4e09-91d6-e9ea1c312ee9,Male,Youth,Loaders,Kano,Rural,Yes,No,2024-06-24,WOFAN,Kano-WOFAN,GarC1S013,24/06/2024 11:37,24/06/2024 11:14,gmm49,24/06/2024 11:37
8e235ee6-2b99-4590-af1b-99fbe432c9bd,Male,Youth,Transporters,FCT,Rural,Yes,No,2024-06-24,WOFAN,FCT-WOFAN,Gwa1JMB30,24/06/2024 11:40,24/06/2024 11:18,gwa20,24/06/2024 11:40
220dfdc7-2989-4855-9128-be4506692b26,Male,Youth,Transporters,Kano,Urban,Yes,Yes,2024-06-24,WOFAN,Kano-WOFAN,KurQP5846,24/06/2024 08:47,24/06/2024 08:24,kur05,24/06/2024 11:51
bb125842-da4d-4ee1-ab14-b25950de97e0,Male,Youth,Loaders,Jigawa,Rural,Yes,No,2024-06-24,WOFAN,Jigawa-WOFAN,Jah20LL54,24/06/2024 11:51,24/06/2024 11:30,jah75,24/06/2024 11:52
7cbe857d-04aa-4929-b446-cdf40d7821fd,Male,Youth,Loaders,Kano,Rural,Yes,Yes,2024-06-24,WOFAN,Kano-WOFAN,GarP1X328,24/06/2024 11:25,24/06/2024 11:08,bun17,24/06/2024 11:55
85978460-727f-461d-b38d-2a19e667a7bb,Male,Youth,Transporters,Kano,Rural,Yes,No,2024-06-24,WOFAN,Kano-WOFAN,TofLTSN34,24/06/2024 11:57,24/06/2024 11:39,tof72,24/06/2024 11:57
97d9795d-afa2-4a66-ba4b-6e87a72cebba,Male,Youth,Transporters,Kano,Peri_urban,Yes,No,2024-06-24,WOFAN,Kano-WOFAN,Gar65IF15,24/06/2024 09:30,24/06/2024 09:21,kur12,24/06/2024 12:02
b1e799e2-6d92-4511-b604-d38d4228d53f,Male,Youth,Loaders,Kano,Rural,Yes,Yes,2024-06-24,WOFAN,Kano-WOFAN,GarJF0K12,24/06/2024 09:48,24/06/2024 09:33,gmm52,24/06/2024 12:03
e6a2f75e-d245-4dab-9ea1-0594179ce8b2,Male,Youth,Loaders,Kano,Rural,Yes,Yes,2024-06-24,WOFAN,Kano-WOFAN,BebSUNI07,24/06/2024 12:07,24/06/2024 11:52,kir01,24/06/2024 12:07
ffb4496d-f108-494c-a29d-35f01e0ba5ec,Male,Youth,Transporters,Kano,Rural,Yes,Yes,2024-06-24,WOFAN,Kano-WOFAN,GarEXUL40,24/06/2024 11:29,24/06/2024 11:19,bun05,24/06/2024 12:08
edfde469-ee6b-4dc9-af69-6b856a86bf09,Male,Youth,Transporters,Kano,Rural,Yes,Yes,2024-06-24,WOFAN,Kano-WOFAN,BebHBEH01,24/06/2024 08:41,24/06/2024 08:30,kir07,24/06/2024 12:16
3d2b048e-27ef-4d56-b1bf-2d21b637c4be,Male,Youth,Transporters,Kano,Rural,Yes,Yes,2024-06-24,WOFAN,Kano-WOFAN,TofE0HG16,24/06/2024 12:18,24/06/2024 11:45,tof71,24/06/2024 12:18
575e9a80-13fa-4acd-a3d6-2fa04c64614a,Male,Youth,Loaders,Gombe,Rural,Yes,No,2024-06-24,WOFAN,Gombe-WOFAN,ShoVVGM33,24/06/2024 12:20,24/06/2024 11:50,sha04,24/06/2024 12:20
814d0b02-2bd8-4f78-a13b-2c807b97c7f1,Female,Youth,Input_transporters,FCT,Rural,Yes,Yes,2024-06-24,WOFAN,FCT-WOFAN,Gwa99BU45,24/06/2024 12:23,24/06/2024 11:45,gwa26,24/06/2024 12:23
38a3c903-3269-483e-8764-2874265b9956,Male,Youth,Loaders,Kano,Rural,Yes,Yes,2024-06-24,WOFAN,Kano-WOFAN,Beb2BZD02,24/06/2024 09:54,24/06/2024 09:46,kir19,24/06/2024 12:29
239e0558-1d8d-496d-8f5f-3530b8ac1c61,Male,Youth,Loaders,Jigawa,Rural,Yes,No,2024-06-24,WOFAN,Jigawa-WOFAN,JahSU6O43,24/06/2024 12:38,24/06/2024 12:22,jah47,24/06/2024 12:38
cca9d38c-7cb9-4078-b6de-760bee65a552,Male,Youth,Transporters,Kano,Rural,No,No,2024-06-24,WOFAN,Kano-WOFAN,TudW02F23,24/06/2024 12:41,24/06/2024 12:21,tun14,24/06/2024 12:41
59ba2ad8-3bed-4724-9659-10adef765ac0,Male,Youth,Loaders,Kano,Rural,Yes,No,2024-06-24,WOFAN,Kano-WOFAN,TudEPKC30,24/06/2024 11:54,24/06/2024 11:37,tun02,24/06/2024 12:43
93fe12ad-9309-44a3-a70a-2112653552d6,Male,Youth,Loaders,Kano,Rural,Yes,Yes,2024-06-24,WOFAN,Kano-WOFAN,BebEFC537,24/06/2024 11:20,24/06/2024 11:10,kir10,24/06/2024 12:45
295371cf-8d47-4e60-80bc-d85ceaf02a22,Male,Youth,Loaders,Bauchi,Urban,Yes,Yes,2024-06-24,WOFAN,Bauchi-WOFAN,BauICH014,24/06/2024 12:48,24/06/2024 12:27,bau17,24/06/2024 12:49
e0ff9204-5d29-4a8f-96b1-0b4185e2d8f4,Male,Youth,Transporters,FCT,Rural,Yes,No,2024-06-24,WOFAN,FCT-WOFAN,Gwa7BI326,24/06/2024 12:52,24/06/2024 12:37,gwa17,24/06/2024 12:52
0fb39e51-c88c-42b2-a2f3-57627acc313c,Male,Youth,Loaders,Jigawa,Rural,Yes,No,2024-06-24,WOFAN,Jigawa-WOFAN,JahN8ZX34,24/06/2024 12:48,24/06/2024 12:44,jah54,24/06/2024 12:52
15344f92-b7ca-43cb-bc10-d061a2f983a6,Female,Youth,Input_transporters,FCT,Urban,Yes,Yes,2024-06-24,WOFAN,FCT-WOFAN,GwaVP5139,24/06/2024 12:50,24/06/2024 11:40,gwa28,24/06/2024 12:54
7d9cb563-06fe-4c15-918a-77d469a6264d,Male,Youth,Transporters,FCT,Rural,Yes,No,2024-06-24,WOFAN,FCT-WOFAN,AbaGCHU14,24/06/2024 12:54,24/06/2024 12:31,aba01,24/06/2024 12:54
37ac8cc4-c639-4eb2-8312-8f4e2425d9b8,Male,Youth,Transporters,Gombe,Urban,Yes,No,2024-06-24,WOFAN,Gombe-WOFAN,AkkHWJJ52,24/06/2024 09:55,24/06/2024 09:39,akk04,24/06/2024 12:59
0866b0df-1b39-44d6-ab70-6ec58d4736f8,Male,Youth,Transporters,Gombe,Peri_urban,Yes,No,2024-06-24,WOFAN,Gombe-WOFAN,Sho1UEJ15,24/06/2024 12:50,24/06/2024 12:02,sha01,24/06/2024 13:02
55525ec7-3cb7-4a2a-8fcb-047bd4f03446,Male,Youth,Loaders,FCT,Rural,Yes,No,2024-06-24,WOFAN,FCT-WOFAN,KujBYP229,24/06/2024 13:04,24/06/2024 12:43,kuj04,24/06/2024 13:04
788a4a9f-ee30-41b3-b559-ccc978a91106,Male,Youth,Loaders,FCT,Rural,Yes,Yes,2024-06-24,WOFAN,FCT-WOFAN,KujRRAT00,24/06/2024 13:09,24/06/2024 12:14,kuj05,24/06/2024 13:09
bad5138f-c136-4d3f-8f6f-549fc694827e,Male,Youth,Transporters,FCT,Rural,Yes,No,2024-06-24,WOFAN,FCT-WOFAN,Gwa21ZG08,24/06/2024 13:09,24/06/2024 12:58,gwa18,24/06/2024 13:09
3c666a68-dbc2-4143-b444-bf48627eed52,Male,Youth,Transporters,Gombe,Rural,Yes,No,2024-06-24,WOFAN,Gombe-WOFAN,BilSKVB03,24/06/2024 10:29,24/06/2024 10:09,bill02,24/06/2024 13:11
b6c0885c-2802-4dbe-9b21-aa837426f786,Male,Youth,Loaders,Kano,Rural,Yes,No,2024-06-24,WOFAN,Kano-WOFAN,Gar0FUS50,24/06/2024 13:13,24/06/2024 13:03,bun20,24/06/2024 13:14
d258075e-a36b-446d-8e43-a36d6684a036,Male,Youth,Loaders,Kano,Rural,Yes,Yes,2024-06-24,WOFAN,Kano-WOFAN,GarTVO520,24/06/2024 09:38,24/06/2024 09:26,kur07,24/06/2024 13:16
db55eb3f-6506-4551-82de-ac76d5c45d8f,Male,Youth,Loaders,Jigawa,Rural,Yes,No,2024-06-24,WOFAN,Jigawa-WOFAN,JahHBM542,24/06/2024 12:24,24/06/2024 12:11,jah69,24/06/2024 13:17
545d12b9-bc26-4799-9162-7aff6955e965,Male,Youth,Transporters,Gombe,Peri_urban,Yes,No,2024-06-24,WOFAN,Gombe-WOFAN,Bil2BV939,24/06/2024 13:25,24/06/2024 09:57,bill07,24/06/2024 13:25
3a9b3dc0-c7e2-47ad-9d3a-8dbe131e4211,Male,Youth,Loaders,Kano,Rural,Yes,No,2024-06-24,WOFAN,Kano-WOFAN,Tud0M5839,24/06/2024 12:39,24/06/2024 12:05,tun01,24/06/2024 13:28
9d25b2bb-206e-4a42-a9fb-dd32bd7ef4ca,Male,Youth,Transporters,Kano,Peri_urban,Yes,Yes,2024-06-24,WOFAN,Kano-WOFAN,KirE02X36,24/06/2024 13:37,24/06/2024 13:13,kir21,24/06/2024 13:37
e17e7d0d-914c-4e38-979f-7b853113ed7b,Male,Youth,Loaders,Kano,Peri_urban,No,Yes,2024-06-24,WOFAN,Kano-WOFAN,RanJ9EZ08,24/06/2024 13:47,24/06/2024 13:37,ran14,24/06/2024 13:47
be94b992-9661-49bc-b7d2-80f3c663435a,Male,Youth,Loaders,FCT,Rural,Yes,No,2024-06-24,WOFAN,FCT-WOFAN,Kwa1CFA28,24/06/2024 13:48,24/06/2024 13:22,kwl08,24/06/2024 13:51
90cc6f25-33b3-409c-be56-bcad467a3d66,Male,Youth,Loaders,Kano,Urban,Yes,No,2024-06-24,WOFAN,Kano-WOFAN,KurHBHW20,24/06/2024 10:35,24/06/2024 10:10,kur14,24/06/2024 13:55
a9f36fd1-19fa-44aa-993b-9df92faf4f78,Male,Youth,Loaders,Jigawa,Rural,Yes,Yes,2024-06-24,WOFAN,Jigawa-WOFAN,JahX7JS50,24/06/2024 13:51,24/06/2024 13:39,jah44,24/06/2024 13:57
f54ebb02-8f02-406f-9af4-6d22bda0fd86,Male,Youth,Loaders,Jigawa,Rural,Yes,Yes,2024-06-24,WOFAN,Jigawa-WOFAN,JahFGWR39,24/06/2024 12:06,24/06/2024 11:55,jah45,24/06/2024 14:00
5d2e848a-4ac9-4602-a817-75c29b7c3f03,Male,Youth,Loaders,Kano,Rural,Yes,No,2024-06-24,WOFAN,Kano-WOFAN,GarZL5T21,24/06/2024 11:42,24/06/2024 10:52,bun21,24/06/2024 14:04
6d212652-2d9c-4890-b6b4-e6997bbc5935,Male,Youth,Loaders,Kano,Rural,Yes,Yes,2024-06-24,WOFAN,Kano-WOFAN,BebPX3552,24/06/2024 09:23,24/06/2024 09:05,kir03,24/06/2024 14:07
f439aafc-bec6-4c53-9c4b-7721ed9a8975,Male,Youth,Transporters,Gombe,Rural,Yes,No,2024-06-24,WOFAN,Gombe-WOFAN,Sho7YRS56,24/06/2024 14:09,24/06/2024 08:39,sha02,24/06/2024 14:09
b534437f-1a25-46ad-806e-fb6fc5934dd4,Male,Youth,Transporters,Kano,Rural,Yes,No,2024-06-24,WOFAN,Kano-WOFAN,GarT0MV07,24/06/2024 10:45,24/06/2024 10:25,gmm55,24/06/2024 14:10
a2a1c369-223e-4932-ba70-98e91c6d00a1,Male,Youth,Transporters,FCT,Urban,Yes,Yes,2024-06-24,WOFAN,FCT-WOFAN,GwaC2G253,24/06/2024 14:06,24/06/2024 13:48,gwa28,24/06/2024 14:10
f83880d8-87b2-41d5-beee-7b56efcb7260,Male,Youth,Loaders,Bauchi,Rural,Yes,Yes,2024-06-24,WOFAN,Bauchi-WOFAN,DasSL2J57,24/06/2024 11:48,24/06/2024 11:35,das10,24/06/2024 14:11
5310b31f-4eb2-4c0b-a940-65575dc71f18,Male,Youth,Loaders,Kano,Rural,No,No,2024-06-24,WOFAN,Kano-WOFAN,TudF85823,24/06/2024 14:11,24/06/2024 13:57,tun15,24/06/2024 14:11
5f721e1c-cc94-4ca2-b63a-7a89a3bbd41f,Male,Youth,Loaders,Kano,Rural,Yes,Yes,2024-06-24,WOFAN,Kano-WOFAN,GarN3J234,24/06/2024 11:23,24/06/2024 10:59,bun16,24/06/2024 14:15
e3d923ff-18e4-4434-b578-3a9af02ee3c6,Male,Youth,Loaders,FCT,Rural,No,No,2024-06-24,WOFAN,FCT-WOFAN,KujD7VD47,24/06/2024 12:00,24/06/2024 11:48,kuj03,24/06/2024 14:20
98d715c4-3589-4d5f-9436-95a0d07244c8,Male,Youth,Transporters,Gombe,Urban,Yes,Yes,2024-06-24,WOFAN,Gombe-WOFAN,AkkA05D26,24/06/2024 14:16,24/06/2024 13:54,akk06,24/06/2024 14:20
33bc57f5-a0a3-4637-83e2-82e1087fe7a7,Male,Youth,Loaders,Jigawa,Rural,Yes,No,2024-06-24,WOFAN,Jigawa-WOFAN,JahW2G504,24/06/2024 14:21,24/06/2024 14:09,jah84,24/06/2024 14:21
112b6802-9e4b-404b-9727-c727b73b5d58,Male,Youth,Transporters,Jigawa,Rural,No,Yes,2024-06-24,WOFAN,Jigawa-WOFAN,JahNU2L22,24/06/2024 14:21,24/06/2024 14:14,jah41,24/06/2024 14:21
a63097ad-b3e0-401a-add1-16d053f0614d,Male,Youth,Loaders,Kano,Rural,Yes,Yes,2024-06-24,WOFAN,Kano-WOFAN,Tud5BYN02,24/06/2024 12:01,24/06/2024 11:54,tun23,24/06/2024 14:25
9ca14d8b-5d9a-4023-9941-1212aaa5bf4b,Male,Youth,Loaders,Jigawa,Rural,Yes,No,2024-06-24,WOFAN,Jigawa-WOFAN,Jah8C1802,24/06/2024 14:29,24/06/2024 14:17,jah42,24/06/2024 14:29
dc0cc632-01b2-40e5-a74f-504c9134063c,Male,Youth,Loaders,Kano,Rural,Yes,No,2024-06-24,WOFAN,Kano-WOFAN,KurROTI46,24/06/2024 11:34,24/06/2024 10:35,kur04,24/06/2024 14:29
10d773b0-7ff4-46d3-9db5-e5776af6427b,Male,Youth,Loaders,Kano,Rural,Yes,No,2024-06-24,WOFAN,Kano-WOFAN,GarFTBB53,24/06/2024 12:15,24/06/2024 11:05,bun18,24/06/2024 14:33
98355c6c-5419-455e-947d-5590ccba89b8,Male,Youth,Loaders,Jigawa,Rural,Yes,Yes,2024-06-24,WOFAN,Jigawa-WOFAN,JahHK4S18,24/06/2024 14:34,24/06/2024 14:21,jah66,24/06/2024 14:34
2884999b-7e09-48cf-a687-374a14a5aa99,Male,Youth,Transporters,Kano,Peri_urban,Yes,Yes,2024-06-24,WOFAN,Kano-WOFAN,Gar4J5Q32,24/06/2024 11:48,24/06/2024 09:12,bun14,24/06/2024 14:35
5fda740d-b2e3-4195-b6a0-a3fc14a07b78,Male,Youth,Transporters,Kano,Peri_urban,Yes,No,2024-06-24,WOFAN,Kano-WOFAN,KurCEMH05,24/06/2024 12:16,24/06/2024 12:06,gmm54,24/06/2024 14:40
5092e93d-a811-4785-98f0-29f3264416a3,Male,Youth,Transporters,FCT,Rural,Yes,No,2024-06-24,WOFAN,FCT-WOFAN,Gwa821826,24/06/2024 14:20,24/06/2024 14:07,gwa22,24/06/2024 14:42
bceb905b-6a29-4553-b0e7-c7735358ec5e,Male,Youth,Transporters,Kano,Rural,Yes,No,2024-06-24,WOFAN,Kano-WOFAN,BebWA0F27,24/06/2024 11:36,24/06/2024 11:25,kir12,24/06/2024 14:43
4b96f285-569b-4cae-a2cb-45467868fcb8,Male,Youth,Loaders,Kano,Rural,Yes,Yes,2024-06-24,WOFAN,Kano-WOFAN,GarXJTP13,24/06/2024 11:44,24/06/2024 10:47,bun07,24/06/2024 14:45
d02619b2-384d-4d3d-ac44-3d4758740fae,Male,Youth,Loaders,Kano,Rural,Yes,Yes,2024-06-24,WOFAN,Kano-WOFAN,BagPHKG58,24/06/2024 11:00,24/06/2024 10:23,rig02,24/06/2024 14:47
5543be64-1cc4-41a3-a359-e01416094145,Male,Youth,Transporters,Kano,Rural,Yes,No,2024-06-24,WOFAN,Kano-WOFAN,Kur3R4J22,24/06/2024 09:28,24/06/2024 09:22,kur09,24/06/2024 14:49
e7fb756b-8dd4-4e45-99cc-60607e996dd5,Male,Youth,Transporters,Kano,Rural,Yes,Yes,2024-06-24,WOFAN,Kano-WOFAN,TudRIHP04,24/06/2024 12:45,24/06/2024 12:30,tun20,24/06/2024 14:53
51673606-4055-4c18-80bb-5f8c4989b710,Male,Youth,Transporters,Jigawa,Rural,No,No,2024-06-24,WOFAN,Jigawa-WOFAN,Jah2UMV24,24/06/2024 14:53,24/06/2024 14:49,jah71,24/06/2024 14:54
085cc561-8b4e-4caa-8ea1-4b525e4f209a,Male,Youth,Loaders,Jigawa,Peri_urban,Yes,No,2024-06-24,WOFAN,Jigawa-WOFAN,RinYU8D05,24/06/2024 14:56,24/06/2024 14:43,rin12,24/06/2024 14:56
9fa52897-add0-40aa-877c-e57e63b3dfe8,Male,Youth,Transporters,Kano,Rural,No,No,2024-06-24,WOFAN,Kano-WOFAN,TudQFL316,24/06/2024 14:12,24/06/2024 13:57,tun19,24/06/2024 15:03
267643f5-e6a7-4ede-8211-312ba252e728,Male,Youth,Loaders,Jigawa,Peri_urban,Yes,No,2024-06-24,WOFAN,Jigawa-WOFAN,RinOAWJ03,24/06/2024 15:05,24/06/2024 14:38,rin19,24/06/2024 15:05
3b5b5a6e-f0e4-401c-ad99-97363c8910a4,Male,Youth,Loaders,Kano,Rural,Yes,No,2024-06-24,WOFAN,Kano-WOFAN,TofR0ED13,24/06/2024 07:42,24/06/2024 07:25,bag10,24/06/2024 15:06
d0e36e94-5e88-4d55-8804-5957926eb18b,Male,Youth,Transporters,Jigawa,Peri_urban,Yes,No,2024-06-24,WOFAN,Jigawa-WOFAN,RinNBSD04,24/06/2024 15:11,24/06/2024 13:06,rin11,24/06/2024 15:11
371bf496-a1cb-413d-b8d5-d547a7d4f9d2,Male,Youth,Loaders,Kano,Rural,Yes,No,2024-06-24,WOFAN,Kano-WOFAN,TudSLZY59,24/06/2024 11:59,24/06/2024 11:49,tun24,24/06/2024 15:13
cef19cbc-fcb5-4f42-bff9-7d76813249d2,Male,Youth,Transporters,Kano,Rural,Yes,Yes,2024-06-24,WOFAN,Kano-WOFAN,BebIP3Q32,24/06/2024 11:15,24/06/2024 10:56,kir04,24/06/2024 15:15
693d0a52-4e7e-4ded-aa4a-00bb03c7498a,Male,Youth,Loaders,Kano,Rural,Yes,No,2024-06-24,WOFAN,Kano-WOFAN,TudH3TO40,24/06/2024 12:57,24/06/2024 12:11,tun13,24/06/2024 15:18
1622772f-e045-4d77-afb5-f0a0f0b3ed8e,Male,Youth,Loaders,FCT,Rural,Yes,No,2024-06-24,WOFAN,FCT-WOFAN,GwaKKFG51,24/06/2024 13:37,24/06/2024 13:28,gwa23,24/06/2024 15:22
07cd2815-8aff-4a89-a8d7-7e0d0165e7e6,Male,Youth,Loaders,Jigawa,Rural,Yes,No,2024-06-24,WOFAN,Jigawa-WOFAN,JahJ1S014,24/06/2024 15:09,24/06/2024 14:41,jah43,24/06/2024 15:24
07531a60-8f76-454c-b05d-14a43312d599,Male,Youth,Transporters,Gombe,Rural,Yes,No,2024-06-24,WOFAN,Gombe-WOFAN,KalTPC612,24/06/2024 11:29,24/06/2024 11:17,kal12,24/06/2024 15:24
512e37b3-418f-4699-b81c-4bf8b3e27db8,Male,Youth,Loaders,Kano,Rural,Yes,Yes,2024-06-24,WOFAN,Kano-WOFAN,RimPQMY12,24/06/2024 13:50,24/06/2024 13:43,rig15,24/06/2024 15:24
710123b9-386e-4785-871e-c0a52e545d3b,Male,Youth,Transporters,Kano,Rural,Yes,No,2024-06-24,WOFAN,Kano-WOFAN,Kur6BZU24,24/06/2024 10:17,24/06/2024 09:56,kur01,24/06/2024 15:28
9c2303f0-39f4-48f8-af55-2dd97759c707,Male,Youth,Transporters,Kano,Rural,Yes,Yes,2024-06-24,WOFAN,Kano-WOFAN,GarQ8JH58,24/06/2024 09:26,24/06/2024 09:11,gmm48,24/06/2024 15:30
ff5009b4-fdaa-47fd-b54b-bca726584e46,Male,Youth,Transporters,Gombe,Rural,Yes,No,2024-06-24,WOFAN,Gombe-WOFAN,Kal20TD05,24/06/2024 11:06,24/06/2024 10:35,kal15,24/06/2024 15:37
29aa4b1b-466e-4809-bfb5-e048c2385de3,Male,Youth,Transporters,Kano,Rural,Yes,Yes,2024-06-24,WOFAN,Kano-WOFAN,GarADW717,24/06/2024 11:39,24/06/2024 11:23,gmm53,24/06/2024 15:40
78816dd0-a5db-4019-a480-7e9d42e81b69,Male,Youth,Loaders,Kano,Rural,Yes,No,2024-06-24,WOFAN,Kano-WOFAN,GarTNHJ40,24/06/2024 10:17,24/06/2024 08:45,gmm70,24/06/2024 15:43
a46ca713-cbed-4b35-9a64-d8dffe2ddc78,Male,Youth,Loaders,Kano,Rural,Yes,No,2024-06-24,WOFAN,Kano-WOFAN,GarA7GJ13,24/06/2024 11:55,24/06/2024 10:52,bun09,24/06/2024 15:43
460a35a2-3548-4109-ba75-d97fc8717f22,Male,Youth,Transporters,Jigawa,Rural,Yes,No,2024-06-24,WOFAN,Jigawa-WOFAN,RinJIK338,24/06/2024 15:45,24/06/2024 15:28,rin17,24/06/2024 15:45
03f5fe1a-b124-49c2-8fc3-fae3d6d83c83,Male,Youth,Loaders,Jigawa,Rural,Yes,Yes,2024-06-24,WOFAN,Jigawa-WOFAN,JahP0NL51,24/06/2024 15:46,24/06/2024 15:36,jah72,24/06/2024 15:47
99883d40-1cb0-490e-846c-31b8e8730254,Male,Youth,Transporters,Bauchi,Rural,No,No,2024-06-24,WOFAN,Bauchi-WOFAN,GanHE9O43,24/06/2024 15:48,24/06/2024 15:35,gan09,24/06/2024 15:48
534c1447-ef89-401c-9524-2936a951d1a9,Male,Youth,Loaders,Jigawa,Rural,Yes,Yes,2024-06-24,WOFAN,Jigawa-WOFAN,RinFOHB57,24/06/2024 15:52,24/06/2024 15:45,rin23,24/06/2024 15:52
cb2449fe-e53e-4de1-9d60-39b38b0a81bb,Male,Youth,Loaders,Kano,Rural,Yes,Yes,2024-06-24,WOFAN,Kano-WOFAN,RimV98P06,24/06/2024 15:52,24/06/2024 15:37,rig06,24/06/2024 15:52
4cadaf22-5aa3-490c-bbb8-f8ea3c2624f9,Male,Youth,Transporters,FCT,Rural,Yes,No,2024-06-24,WOFAN,FCT-WOFAN,GwaQ9A958,24/06/2024 13:59,24/06/2024 13:45,gwa21,24/06/2024 15:57
26bd94f0-365e-4701-a2cb-cc5f453d996b,Male,Youth,Loaders,Kano,Rural,Yes,No,2024-06-24,WOFAN,Kano-WOFAN,Tof6CRI32,24/06/2024 12:25,24/06/2024 11:57,rig12,24/06/2024 15:59
b6fde444-3c34-44bb-9324-b59faa42c30d,Male,Youth,Transporters,Bauchi,Rural,Yes,No,2024-06-24,WOFAN,Bauchi-WOFAN,TafOPGG18,24/06/2024 15:59,24/06/2024 15:38,taf05,24/06/2024 15:59
209ee9cf-5cbe-480b-b80d-e55bbf553d29,Male,Youth,Loaders,Jigawa,Rural,No,No,2024-06-24,WOFAN,Jigawa-WOFAN,TauM9P234,24/06/2024 16:01,24/06/2024 15:52,tau19,24/06/2024 16:01
7b2315c9-1da4-4140-b2b5-7cb81f9e15bc,Male,Youth,Transporters,FCT,Rural,No,No,2024-06-24,WOFAN,FCT-WOFAN,AbaGO3T32,24/06/2024 13:23,24/06/2024 13:12,aba03,24/06/2024 16:14
5d507ee4-17d0-47a1-a4a1-7ffa08cf9916,Male,Youth,Loaders,Jigawa,Rural,Yes,Yes,2024-06-24,WOFAN,Jigawa-WOFAN,Rin2DST41,24/06/2024 16:15,24/06/2024 16:03,rin14,24/06/2024 16:16
b390a30d-d88f-4fad-a6ab-566e56cfc4b1,Male,Youth,Loaders,Jigawa,Rural,Yes,Yes,2024-06-24,WOFAN,Jigawa-WOFAN,Jah6N9029,24/06/2024 16:19,24/06/2024 16:11,jah66,24/06/2024 16:19
d7623086-a6c1-47ea-948e-ca317f9839d8,Male,Youth,Loaders,Gombe,Peri_urban,Yes,No,2024-06-24,WOFAN,Gombe-WOFAN,BilMK4A39,24/06/2024 16:20,24/06/2024 16:00,bill07,24/06/2024 16:20
0ca820d9-01f9-499c-95d0-cc024d8ac28c,Male,Youth,Loaders,Kano,Rural,Yes,No,2024-06-24,WOFAN,Kano-WOFAN,Gar6VHW38,24/06/2024 14:05,24/06/2024 13:34,bun06,24/06/2024 16:21
f35c6350-d101-40be-83ec-168aa04ec448,Male,Youth,Transporters,Kano,Rural,Yes,No,2024-06-24,WOFAN,Kano-WOFAN,KurPAML00,24/06/2024 10:32,24/06/2024 10:04,gmm51,24/06/2024 16:21
7b07b11b-13f5-4a31-80cd-636cb22476fd,Male,Youth,Loaders,Jigawa,Rural,Yes,No,2024-06-24,WOFAN,Jigawa-WOFAN,JahA14E45,24/06/2024 16:29,24/06/2024 16:13,jah52,24/06/2024 16:29
1770ea7f-59df-4d6b-9275-d8be733a81a5,Male,Youth,Transporters,Jigawa,Rural,Yes,No,2024-06-24,WOFAN,Jigawa-WOFAN,JahG7CY51,24/06/2024 12:58,24/06/2024 12:49,jah64,24/06/2024 16:31
34f40e90-3937-4226-bec4-9c277a9497ef,Male,Youth,Loaders,Jigawa,Rural,Yes,Yes,2024-06-24,WOFAN,Jigawa-WOFAN,JahMFPC39,24/06/2024 15:34,24/06/2024 15:02,jah50,24/06/2024 16:31
b433fd7e-3e74-4e3d-af73-413ab64874ba,Male,Youth,Transporters,Jigawa,Rural,Yes,No,2024-06-24,WOFAN,Jigawa-WOFAN,JahYEW107,24/06/2024 16:31,24/06/2024 16:13,jah39,24/06/2024 16:31
634481b1-6529-4ea1-8619-7652b77fc6c3,Male,Youth,Transporters,Kano,Rural,No,No,2024-06-24,WOFAN,Kano-WOFAN,Kur8TSD33,24/06/2024 16:33,24/06/2024 16:19,kur02,24/06/2024 16:33
51a3f7a4-db02-4202-bec4-e9a8af169ab3,Male,Youth,Transporters,Bauchi,Rural,Yes,No,2024-06-24,WOFAN,Bauchi-WOFAN,TafFTOJ58,24/06/2024 16:34,24/06/2024 16:19,taf05,24/06/2024 16:34
e2672060-137f-48ec-8b67-0fe1fa929101,Male,Youth,Loaders,Jigawa,Rural,Yes,Yes,2024-06-24,WOFAN,Jigawa-WOFAN,RinNNFK29,24/06/2024 16:42,24/06/2024 16:24,rin18,24/06/2024 16:42
d7fd0e16-0335-4a2f-a5d5-4e08f163cb13,Male,Youth,Loaders,Jigawa,Rural,Yes,Yes,2024-06-24,WOFAN,Jigawa-WOFAN,TauXJA401,24/06/2024 16:42,24/06/2024 16:37,tau23,24/06/2024 16:43
0afad330-f474-4afb-a754-4b3556ace721,Female,Youth,Loaders,Jigawa,Rural,No,No,2024-06-24,WOFAN,Jigawa-WOFAN,Jah49HZ19,24/06/2024 16:50,24/06/2024 16:44,jah59,24/06/2024 16:50
26ac1948-a853-4c94-80e0-cf7267175ecf,Male,Youth,Transporters,Kano,Rural,Yes,No,2024-06-24,WOFAN,Kano-WOFAN,RimTNOU25,24/06/2024 16:52,24/06/2024 16:33,rig09,24/06/2024 16:52
f34e0cea-e677-4a10-adc5-8d43e69d686e,Male,Youth,Loaders,Jigawa,Rural,Yes,No,2024-06-24,WOFAN,Jigawa-WOFAN,JahNOK454,24/06/2024 15:30,24/06/2024 15:23,jah67,24/06/2024 16:56
0d4a35e5-39a7-4e21-a205-c181491287c0,Male,Youth,Transporters,Kano,Rural,Yes,Yes,2024-06-24,WOFAN,Kano-WOFAN,KurO32M14,24/06/2024 11:32,24/06/2024 11:21,kur03,24/06/2024 17:00
5036d9f5-9c78-4d7a-8d92-3a89c77a6223,Male,Youth,Transporters,FCT,Rural,No,No,2024-06-24,WOFAN,FCT-WOFAN,Gwa2NIO20,24/06/2024 17:00,24/06/2024 16:36,gwa24,24/06/2024 17:00
7f544e12-c988-4749-944a-9787f98a573c,Male,Youth,Loaders,Kano,Rural,Yes,Yes,2024-06-24,WOFAN,Kano-WOFAN,BebHW5946,24/06/2024 13:20,24/06/2024 12:40,kir13,24/06/2024 17:01
22c42319-4347-4252-8cc3-4d621ab6c16f,Male,Youth,Transporters,Bauchi,Rural,Yes,No,2024-06-24,WOFAN,Bauchi-WOFAN,TafVDZ132,24/06/2024 17:07,24/06/2024 16:40,taf05,24/06/2024 17:07
a9ec0f1a-367f-4187-82e5-89188c605e1c,Male,Youth,Loaders,Kano,Peri_urban,Yes,No,2024-06-24,WOFAN,Kano-WOFAN,BebRF1N32,24/06/2024 10:17,24/06/2024 09:41,kir06,24/06/2024 17:08
ed19ea7c-adb9-4200-ae69-343c3e4ad944,Male,Youth,Loaders,Jigawa,Rural,Yes,Yes,2024-06-24,WOFAN,Jigawa-WOFAN,Jah4IME11,24/06/2024 16:21,24/06/2024 16:12,jah48,24/06/2024 17:10
a8187140-b56d-47f1-889d-80105b219a93,Male,Youth,Loaders,Jigawa,Rural,No,No,2024-06-24,WOFAN,Jigawa-WOFAN,Jah08NC50,24/06/2024 17:20,24/06/2024 17:17,jah68,24/06/2024 17:20
e1dd6ec1-e575-4c00-82bd-da7df5594764,Male,Youth,Transporters,Kano,Rural,Yes,No,2024-06-24,WOFAN,Kano-WOFAN,BebGQJ019,24/06/2024 14:14,24/06/2024 13:58,tun21,24/06/2024 17:25
7203aaa7-7702-45d0-9398-6c9c2605525b,Male,Youth,Transporters,FCT,Rural,Yes,Yes,2024-06-24,WOFAN,FCT-WOFAN,KwaS53121,24/06/2024 13:28,24/06/2024 13:14,kwl10,24/06/2024 17:30
ff12613f-6ef2-4811-9ac2-e1ec7e50d71c,Male,Youth,Loaders,FCT,Rural,Yes,No,2024-06-24,WOFAN,FCT-WOFAN,AbaDYUX01,24/06/2024 17:32,24/06/2024 17:03,aba05,24/06/2024 17:33
5e3c048b-93e3-465c-8568-b00ca7b34cff,Male,Youth,Loaders,Jigawa,Rural,Yes,Yes,2024-06-24,WOFAN,Jigawa-WOFAN,JahTCEF18,24/06/2024 17:36,24/06/2024 17:27,jah51,24/06/2024 17:36
5bdf57e4-152e-4901-911e-00a2de209063,Male,Youth,Transporters,Bauchi,Rural,Yes,Yes,2024-06-24,WOFAN,Bauchi-WOFAN,Tor7Z7S57,24/06/2024 15:32,24/06/2024 15:19,tor03,24/06/2024 17:37
dcb41143-b32e-4f4e-af31-f91de1fa1ef6,Male,Youth,Loaders,Gombe,Rural,Yes,No,2024-06-24,WOFAN,Gombe-WOFAN,BilQ5MR05,24/06/2024 09:08,24/06/2024 08:58,bill08,24/06/2024 17:50
48a411bd-ffdb-4042-804f-9bab5a7232b0,Male,Youth,Transporters,Gombe,Rural,Yes,No,2024-06-24,WOFAN,Gombe-WOFAN,Bil4HSR26,24/06/2024 17:25,24/06/2024 17:07,bill08,24/06/2024 17:51
ee381a90-62ab-438e-ac3e-c17bfa5b7ded,Male,Youth,Transporters,Kano,Rural,Yes,No,2024-06-24,WOFAN,Kano-WOFAN,TudOSQG08,24/06/2024 11:02,24/06/2024 10:42,tun18,24/06/2024 17:56
5d504506-b339-4a1f-be32-e3a04249bd08,Male,Youth,Loaders,Jigawa,Rural,Yes,No,2024-06-24,WOFAN,Jigawa-WOFAN,Rin603L59,24/06/2024 17:57,24/06/2024 17:50,rin24,24/06/2024 17:57
d26b3c02-dd4a-4c39-b3d0-a0f99b9e1e5d,Male,Youth,Transporters,Bauchi,Rural,Yes,No,2024-06-24,WOFAN,Bauchi-WOFAN,Taf8IIN24,24/06/2024 17:05,24/06/2024 15:20,taf02,24/06/2024 18:01
e001fc29-07b6-496f-9291-0d4eb4f2a819,Male,Youth,Transporters,Jigawa,Peri_urban,Yes,No,2024-06-24,WOFAN,Jigawa-WOFAN,Jah91WQ31,24/06/2024 18:02,24/06/2024 17:38,jah60,24/06/2024 18:02
46be69ba-8825-42a1-ba4b-aa63c1417c7e,Male,Youth,Loaders,Bauchi,Rural,No,No,2024-06-24,WOFAN,Bauchi-WOFAN,NinUOIK16,24/06/2024 14:01,24/06/2024 13:45,nin14,24/06/2024 18:11
dd75001a-fbc8-443d-9f71-9f5bcc8c0258,Male,Youth,Loaders,Gombe,Rural,Yes,No,2024-06-24,WOFAN,Gombe-WOFAN,BilGCVP42,24/06/2024 16:50,24/06/2024 15:55,bill03,24/06/2024 18:14
dd9aa805-4ff6-421f-a238-e27edfd5eeaf,Male,Youth,Loaders,Kano,Peri_urban,Yes,Yes,2024-06-24,WOFAN,Kano-WOFAN,KirRFC845,24/06/2024 11:57,24/06/2024 11:36,kir05,24/06/2024 18:15
7073c919-572c-41dd-88a9-1b096bd4beeb,Male,Youth,Transporters,Jigawa,Urban,Yes,Yes,2024-06-24,WOFAN,Jigawa-WOFAN,Rin4P8S43,24/06/2024 18:17,24/06/2024 17:55,rin28,24/06/2024 18:17
25aeb342-f53e-460f-b9d4-27c7e03ad7cb,Male,Youth,Loaders,Kaduna,Rural,Yes,No,2024-06-24,WOFAN,Kaduna-WOFAN,IkaJ1RI43,24/06/2024 14:26,24/06/2024 13:05,ika11,24/06/2024 18:19
507e1f3c-45f0-481b-9ca6-cf4042c08f2e,Male,Youth,Transporters,FCT,Rural,Yes,No,2024-06-24,WOFAN,FCT-WOFAN,KwaPO9O01,24/06/2024 15:58,24/06/2024 15:51,kwl09,24/06/2024 18:19
bcd31247-b45b-4ad6-9633-35d2bf29dd8b,Male,Youth,Loaders,Gombe,Rural,Yes,No,2024-06-24,WOFAN,Gombe-WOFAN,BilNK2O12,24/06/2024 16:18,24/06/2024 16:09,bill01,24/06/2024 18:19
db3132e4-6d2c-44de-9a70-cd98aa4e10db,Male,Youth,Loaders,Kano,Rural,Yes,No,2024-06-24,WOFAN,Kano-WOFAN,Gar01MV59,24/06/2024 13:10,24/06/2024 12:58,gmm52,24/06/2024 18:39
6da74aeb-5415-4d44-aac8-c6e5d41bd4e1,Male,Youth,Loaders,Bauchi,Urban,Yes,Yes,2024-06-24,WOFAN,Bauchi-WOFAN,BauC88I09,24/06/2024 12:15,24/06/2024 11:47,bau11,24/06/2024 18:47
b661e8a2-c661-4c08-a501-6149e0502427,Male,Youth,Loaders,Gombe,Rural,Yes,Yes,2024-06-24,WOFAN,Gombe-WOFAN,KalUO9Z28,24/06/2024 15:24,24/06/2024 15:03,kal14,24/06/2024 19:08
34bc949f-a167-4792-8c28-6e7ee952e342,Male,Youth,Transporters,Jigawa,Peri_urban,Yes,Yes,2024-06-24,WOFAN,Jigawa-WOFAN,Jah6KC901,24/06/2024 19:24,24/06/2024 18:55,jah56,24/06/2024 19:24
4adfa8a8-5470-4a17-92fa-3dc2781ad7e9,Male,Youth,Loaders,Kaduna,Rural,Yes,No,2024-06-24,WOFAN,Kaduna-WOFAN,IkaJASZ46,24/06/2024 16:12,24/06/2024 15:44,ika18,24/06/2024 19:31
1fe98c23-6bd7-4f01-a100-c1bd9e0f8061,Male,Youth,Transporters,Jigawa,Peri_urban,Yes,Yes,2024-06-24,WOFAN,Jigawa-WOFAN,JahY23E24,24/06/2024 17:22,24/06/2024 17:02,jah55,24/06/2024 19:49
a65c4613-496e-4cf9-99c3-d5ada51c6be9,Male,Youth,Loaders,Jigawa,Rural,Yes,Yes,2024-06-24,WOFAN,Jigawa-WOFAN,Rin9ST741,24/06/2024 19:12,24/06/2024 18:50,rin24,24/06/2024 20:01
bca6d5a4-09f5-4551-9624-e1923a70a0ae,Male,Youth,Loaders,Kano,Rural,Yes,Yes,2024-06-24,WOFAN,Kano-WOFAN,GarIIWQ51,24/06/2024 20:01,24/06/2024 19:42,gmm61,24/06/2024 20:01
340aa0f3-f05e-47e9-90ad-2a714026d336,Male,Youth,Loaders,Jigawa,Rural,Yes,No,2024-06-24,WOFAN,Jigawa-WOFAN,Mig9NM202,24/06/2024 20:07,24/06/2024 19:35,jah70,24/06/2024 20:08
7bf01b09-db3f-495a-ad11-6e03c197b415,Male,Youth,Transporters,Gombe,Rural,Yes,Yes,2024-06-24,WOFAN,Gombe-WOFAN,KalSBSY15,24/06/2024 16:26,24/06/2024 15:52,kal19,24/06/2024 20:21
a8ad0de2-528c-4d85-aaf0-8beaad815bfd,Male,Youth,Transporters,Gombe,Rural,Yes,No,2024-06-24,WOFAN,Gombe-WOFAN,Sho5U3Q22,24/06/2024 15:05,24/06/2024 14:35,sha06,24/06/2024 20:21
a194dafc-a99f-4221-b236-dcd7b6c71a84,Male,Youth,Transporters,Kano,Peri_urban,Yes,Yes,2024-06-24,WOFAN,Kano-WOFAN,RimYFOY59,24/06/2024 11:55,24/06/2024 11:43,rig03,24/06/2024 20:25
0a64e67e-cb11-408e-ae72-46cc2ae00d97,Male,Youth,Transporters,Jigawa,Rural,Yes,Yes,2024-06-24,WOFAN,Jigawa-WOFAN,RinWJ1Y56,24/06/2024 17:54,24/06/2024 17:43,rin27,24/06/2024 20:25
45d49642-94d9-4bcd-9cbb-c414cb99d973,Male,Youth,Loaders,Jigawa,Rural,Yes,No,2024-06-24,WOFAN,Jigawa-WOFAN,RinP11503,24/06/2024 17:01,24/06/2024 16:48,rin13,24/06/2024 21:01
5ddb0cec-5c92-44e8-bf54-11d8f64ae5a7,Male,Youth,Loaders,Bauchi,Urban,Yes,No,2024-06-24,WOFAN,Bauchi-WOFAN,BauFT1519,24/06/2024 13:06,24/06/2024 12:32,bau16,24/06/2024 21:03
cfb99955-50c2-4cf4-8888-68b045371410,Male,Youth,Loaders,Jigawa,Urban,Yes,Yes,2024-06-24,WOFAN,Jigawa-WOFAN,RinXT7V47,24/06/2024 19:14,24/06/2024 18:47,rin22,24/06/2024 21:04
9778396c-6f1e-4ed6-80c8-614954f8fc49,Male,Youth,Transporters,Jigawa,Rural,Yes,Yes,2024-06-24,WOFAN,Jigawa-WOFAN,Jah4TCL10,24/06/2024 18:25,24/06/2024 18:18,jah63,24/06/2024 21:10
ce275ad2-b534-4b99-8498-2eebb0c17c40,Male,Youth,Loaders,Kano,Rural,Yes,No,2024-06-24,WOFAN,Kano-WOFAN,RimIDH217,24/06/2024 16:20,24/06/2024 14:14,rig14,24/06/2024 21:15
8d3baf63-220e-40d3-83b5-fa345718b4dd,Male,Youth,Transporters,Jigawa,Rural,Yes,No,2024-06-24,WOFAN,Jigawa-WOFAN,JahBSF626,24/06/2024 20:18,24/06/2024 20:10,jah40,24/06/2024 21:17
48c55cf8-2fc5-43de-bcbd-321305537972,Male,Youth,Loaders,Jigawa,Rural,Yes,No,2024-06-24,WOFAN,Jigawa-WOFAN,Tau8CKB38,24/06/2024 21:23,24/06/2024 21:13,tau21,24/06/2024 21:23
0209b5e9-db03-4c5a-80b9-852b7b06ea94,Male,Youth,Transporters,Jigawa,Peri_urban,Yes,Yes,2024-06-24,WOFAN,Jigawa-WOFAN,JahCWXA22,24/06/2024 19:57,24/06/2024 19:40,jah56,24/06/2024 21:34
a3f45264-b159-421f-b22d-e56cdb89a69d,Male,Youth,Loaders,Kaduna,Rural,Yes,No,2024-06-24,WOFAN,Kaduna-WOFAN,IkaT6VX11,24/06/2024 15:29,24/06/2024 15:25,ika32,24/06/2024 21:41
d6b02fcf-10c9-4a27-98e3-9d2102d62ded,Male,Youth,Transporters,Gombe,Rural,Yes,No,2024-06-24,WOFAN,Gombe-WOFAN,ShoVX7X55,24/06/2024 15:38,24/06/2024 15:15,sha03,24/06/2024 21:45
1b0a1aab-ffc8-42a9-be9d-ac5a3a41ec86,Male,Youth,Loaders,Jigawa,Rural,Yes,No,2024-06-24,WOFAN,Jigawa-WOFAN,Rin7XQY51,24/06/2024 20:27,24/06/2024 20:15,rin25,24/06/2024 21:50
cb936b08-e9af-428b-a9f8-0dbb56b76472,Male,Youth,Loaders,Kaduna,Rural,Yes,No,2024-06-24,WOFAN,Kaduna-WOFAN,Ika74QV58,24/06/2024 18:30,24/06/2024 18:25,ika16,24/06/2024 22:10
88a87adc-53a8-4451-bb17-b9d42ea1b5ef,Male,Youth,Loaders,Bauchi,Peri_urban,No,No,2024-06-24,WOFAN,Bauchi-WOFAN,GanJJIX13,24/06/2024 17:54,24/06/2024 17:41,gan10,24/06/2024 22:18
38e8ab8b-ee64-4f18-89bb-5972f276255b,Male,Youth,Transporters,Jigawa,Rural,Yes,Yes,2024-06-24,WOFAN,Jigawa-WOFAN,JahBXMP26,24/06/2024 21:25,24/06/2024 21:21,jah69,24/06/2024 22:27
70c413bc-4746-438d-b592-edf53fb19652,Male,Youth,Transporters,Kano,Rural,Yes,No,2024-06-24,WOFAN,Kano-WOFAN,TudFC5824,24/06/2024 19:48,24/06/2024 16:21,tun05,24/06/2024 22:35
26c0420d-f0b1-4e2a-960b-17b26b0e43aa,Male,Youth,Transporters,Jigawa,Rural,Yes,Yes,2024-06-24,WOFAN,Jigawa-WOFAN,JahFBA617,24/06/2024 20:02,24/06/2024 19:56,jah46,24/06/2024 23:45
f5069863-5fa3-479f-ade0-0b2f85a81006,Male,Youth,Loaders,Jigawa,Rural,Yes,Yes,2024-06-25,WOFAN,Jigawa-WOFAN,RinREP029,25/06/2024 03:48,25/06/2024 03:36,rin20,25/06/2024 03:48
e00eb9cd-3b47-4b0d-b97b-c5d63f8fb0ba,Male,Youth,Loaders,Kano,Rural,Yes,No,2024-06-24,WOFAN,Kano-WOFAN,Ran882620,24/06/2024 13:31,24/06/2024 13:21,ran10,25/06/2024 04:39
343fb104-0983-4314-ab43-6b6d1a8063e6,Male,Youth,Transporters,Jigawa,Rural,Yes,Yes,2024-06-24,WOFAN,Jigawa-WOFAN,JahSFEG02,24/06/2024 13:06,24/06/2024 12:31,jah65,25/06/2024 05:45
05418d26-6694-4535-8314-212cdb63f053,Male,Youth,Loaders,Jigawa,Rural,Yes,Yes,2024-06-25,WOFAN,Jigawa-WOFAN,JahLZMN04,25/06/2024 06:30,25/06/2024 06:21,jah66,25/06/2024 06:30
f5986f18-ba2b-4fe5-8a18-e17ccd9758d8,Male,Youth,Transporters,Kaduna,Rural,Yes,No,2024-06-25,WOFAN,Kaduna-WOFAN,IkaPMGB01,25/06/2024 06:53,25/06/2024 06:29,ika33,25/06/2024 07:05
87dffb03-5097-48e6-a456-c205a3e19902,Male,Youth,Loaders,Jigawa,Rural,Yes,Yes,2024-06-25,WOFAN,Jigawa-WOFAN,JahF9PR02,25/06/2024 08:04,25/06/2024 07:56,jah66,25/06/2024 08:04
da76912b-0f87-47b8-b620-54560c09708a,Male,Youth,Loaders,Jigawa,Rural,Yes,Yes,2024-06-25,WOFAN,Jigawa-WOFAN,Jah2AVZ56,25/06/2024 08:23,25/06/2024 08:17,jah50,25/06/2024 08:23
b19b25f5-44fb-4778-89a4-cd52064fd61c,Male,Youth,Transporters,Kaduna,Rural,Yes,No,2024-06-25,WOFAN,Kaduna-WOFAN,IkaYL3T47,25/06/2024 08:47,25/06/2024 08:06,ika26,25/06/2024 08:47
da0eb5a2-6328-46c7-a506-d93be00c670d,Male,Youth,Loaders,Jigawa,Rural,Yes,Yes,2024-06-25,WOFAN,Jigawa-WOFAN,JahZVLM29,25/06/2024 09:17,25/06/2024 09:07,jah66,25/06/2024 09:17
d4c2ea98-45cd-429f-9c2b-cbcc3973ec5e,Male,Youth,Loaders,Kano,Rural,Yes,No,2024-06-25,WOFAN,Kano-WOFAN,KurDG7Q25,25/06/2024 09:54,25/06/2024 09:37,gmm55,25/06/2024 09:54
e1374b5b-6461-465d-81c7-d45e18d6de5c,Male,Youth,Transporters,Kaduna,Rural,Yes,No,2024-06-25,WOFAN,Kaduna-WOFAN,IkaTMJN57,25/06/2024 08:02,25/06/2024 06:23,ika30,25/06/2024 09:55
52585ebf-e373-420f-9a8c-4bdf982116d9,Male,Youth,Transporters,FCT,Rural,Yes,Yes,2024-06-25,WOFAN,FCT-WOFAN,Kwa6G6B58,25/06/2024 07:05,24/06/2024 16:34,kwl14,25/06/2024 10:28
2fce10e5-6ed3-45f7-9bf6-092549024eaa,Male,Youth,Loaders,Kano,Urban,Yes,Yes,2024-06-25,WOFAN,Kano-WOFAN,KurH4FN13,25/06/2024 09:10,25/06/2024 08:59,kur14,25/06/2024 10:45
f05755d4-55f4-4755-948d-eaec81c6bb42,Male,Youth,Transporters,Kaduna,Rural,Yes,No,2024-06-25,WOFAN,Kaduna-WOFAN,IkaYJA452,25/06/2024 10:54,25/06/2024 10:44,ika22,25/06/2024 10:54
fca58965-72ef-4070-8d9b-39b678eff39e,Male,Youth,Loaders,Kano,Rural,Yes,No,2024-06-25,WOFAN,Kano-WOFAN,KurIF0W14,25/06/2024 10:01,25/06/2024 09:34,kur06,25/06/2024 10:54
7b15d66b-b542-4413-a5a4-dc28f62c6917,Male,Youth,Loaders,Kano,Rural,Yes,Yes,2024-06-25,WOFAN,Kano-WOFAN,GarVRYL36,25/06/2024 08:38,25/06/2024 08:05,kur07,25/06/2024 10:54
1f03303e-e08e-45b9-a29e-5a1544f9a6f5,Male,Youth,Transporters,Jigawa,Rural,Yes,No,2024-06-25,WOFAN,Jigawa-WOFAN,TauMQZH12,25/06/2024 11:10,25/06/2024 11:01,tau23,25/06/2024 11:10
4849b407-55f4-44e9-82ee-fffa66b4c45b,Male,Youth,Loaders,Jigawa,Rural,Yes,Yes,2024-06-25,WOFAN,Jigawa-WOFAN,RinEBJ514,25/06/2024 11:32,25/06/2024 11:19,rin23,25/06/2024 11:33
c3988d45-114d-474b-bc19-eba50b621c46,Male,Youth,Transporters,Kano,Peri_urban,Yes,No,2024-06-25,WOFAN,Kano-WOFAN,KurEBKH18,25/06/2024 10:44,25/06/2024 10:34,kur12,25/06/2024 11:58
f65b7c51-c7bc-471a-a9b9-dedf4018c554,Male,Youth,Loaders,Kano,Rural,Yes,No,2024-06-25,WOFAN,Kano-WOFAN,KurJMQZ25,25/06/2024 08:11,25/06/2024 07:59,kur01,25/06/2024 12:20
ede602c0-8097-4c54-a964-fe90b158fd17,Male,Youth,Transporters,Gombe,Rural,Yes,No,2024-06-25,WOFAN,Gombe-WOFAN,BilATN202,25/06/2024 11:54,25/06/2024 11:19,bill05,25/06/2024 12:26
f3a77eef-14b9-4bd8-b55d-05fa044316e4,Male,Youth,Transporters,Kano,Rural,Yes,Yes,2024-06-24,WOFAN,Kano-WOFAN,GarZP5531,24/06/2024 22:32,24/06/2024 22:14,gmm50,25/06/2024 12:52
74d4835c-e5fb-480f-aafd-45f2c474395f,Male,Youth,Loaders,Jigawa,Rural,Yes,No,2024-06-25,WOFAN,Jigawa-WOFAN,TauBY1P16,25/06/2024 11:31,25/06/2024 11:20,tau21,25/06/2024 12:57
8ea9aab4-51d1-4d2a-8e5d-c3834e1afafe,Male,Youth,Loaders,Kano,Rural,Yes,Yes,2024-06-25,WOFAN,Kano-WOFAN,KurRV4S04,25/06/2024 10:14,25/06/2024 10:06,gmm54,25/06/2024 13:01
2e85eb1f-5460-4da7-bb5b-e253dbb94255,Male,Youth,Transporters,Kano,Rural,Yes,Yes,2024-06-25,WOFAN,Kano-WOFAN,KurL8M658,25/06/2024 11:45,25/06/2024 11:37,gmm54,25/06/2024 13:03
beb4e6a8-d5ac-4d28-8e32-fa04177b6d93,Male,Youth,Loaders,Kano,Rural,Yes,No,2024-06-25,WOFAN,Kano-WOFAN,GarLH8C55,25/06/2024 12:18,25/06/2024 10:14,gmm52,25/06/2024 13:09
b76807d0-524f-49e6-b9ea-9e3ddb96ec11,Male,Youth,Loaders,Kaduna,Rural,Yes,No,2024-06-25,WOFAN,Kaduna-WOFAN,Ika8AY210,25/06/2024 13:10,25/06/2024 11:36,ika36,25/06/2024 13:10
2c1b2c33-f87f-4bac-8c01-c8aa6d83b833,Male,Youth,Loaders,Kano,Rural,Yes,Yes,2024-06-25,WOFAN,Kano-WOFAN,Kur5R1646,25/06/2024 09:54,25/06/2024 09:34,kur05,25/06/2024 13:14
2de42c50-f1dc-4ffd-82ba-35a29210ffc4,Male,Youth,Loaders,Jigawa,Rural,Yes,Yes,2024-06-25,WOFAN,Jigawa-WOFAN,JahVN7152,25/06/2024 10:43,25/06/2024 10:22,jah44,25/06/2024 13:27
7a4aaba7-9ab1-406d-87b2-9f2dd1ebefda,Male,Youth,Transporters,Kano,Rural,Yes,No,2024-06-25,WOFAN,Kano-WOFAN,Gar1HAK34,25/06/2024 11:06,25/06/2024 10:49,gmm70,25/06/2024 13:31
6eddbbc7-a7e7-4503-8898-28e09b1f0143,Male,Youth,Loaders,Jigawa,Rural,Yes,Yes,2024-06-25,WOFAN,Jigawa-WOFAN,RinAUG731,25/06/2024 13:53,25/06/2024 13:40,rin18,25/06/2024 13:54
1416d105-6f86-4873-9128-5d193e28cfd0,Male,Youth,Transporters,Kaduna,Rural,Yes,No,2024-06-25,WOFAN,Kaduna-WOFAN,IkaP4VD34,25/06/2024 11:46,25/06/2024 11:37,ika21,25/06/2024 13:56
eb95b9d7-b453-4a8a-8ec5-baf39b4c1ef4,Male,Youth,Loaders,Kano,Rural,Yes,No,2024-06-25,WOFAN,Kano-WOFAN,KurE2RK40,25/06/2024 12:34,25/06/2024 12:17,kur06,25/06/2024 14:01
14ca3256-f675-41b4-b1be-72ee9d1eb2ed,Male,Youth,Loaders,Jigawa,Rural,Yes,Yes,2024-06-25,WOFAN,Jigawa-WOFAN,RinJEL830,25/06/2024 12:10,25/06/2024 12:01,rin12,25/06/2024 14:07
ac5396a0-9917-4633-b285-4f730f536e28,Male,Youth,Loaders,Jigawa,Rural,Yes,Yes,2024-06-25,WOFAN,Jigawa-WOFAN,JahHN4944,25/06/2024 14:10,25/06/2024 13:58,jah66,25/06/2024 14:10
3c7358f1-c667-4f52-8886-f744c5e3ed18,Male,Youth,Loaders,Jigawa,Rural,Yes,Yes,2024-06-25,WOFAN,Jigawa-WOFAN,RinEPM101,25/06/2024 14:21,25/06/2024 14:15,rin18,25/06/2024 14:21
446f5330-fee7-4cbf-9030-d92b2efd29fc,Male,Youth,Loaders,Jigawa,Rural,Yes,No,2024-06-25,WOFAN,Jigawa-WOFAN,Rin4S4M16,25/06/2024 12:02,25/06/2024 11:50,rin25,25/06/2024 14:32
0dc87208-1410-4d2c-af7f-5f2d16a0b8da,Male,Youth,Loaders,Kano,Peri_urban,Yes,No,2024-06-25,WOFAN,Kano-WOFAN,Kur9PBE47,25/06/2024 14:34,25/06/2024 14:20,kur12,25/06/2024 14:34
b1af8e50-6aca-435b-a32f-361401bae586,Male,Youth,Loaders,Kaduna,Rural,No,No,2024-06-25,WOFAN,Kaduna-WOFAN,IkaP6XP50,25/06/2024 14:38,25/06/2024 14:26,ika14,25/06/2024 14:38
a0454e65-aea0-40ba-9d68-a50e05f709ec,Male,Youth,Loaders,Jigawa,Rural,Yes,Yes,2024-06-25,WOFAN,Jigawa-WOFAN,JahITW952,25/06/2024 14:43,25/06/2024 14:29,jah48,25/06/2024 14:43
e1a48300-d4e4-429a-a7a1-a8340170024b,Male,Youth,Loaders,Jigawa,Rural,Yes,Yes,2024-06-25,WOFAN,Jigawa-WOFAN,TauQKHJ30,25/06/2024 15:01,25/06/2024 14:54,tau22,25/06/2024 15:01
addfb5f5-53a1-4090-8a13-67f777a7adf5,Male,Youth,Loaders,Jigawa,Peri_urban,Yes,Yes,2024-06-25,WOFAN,Jigawa-WOFAN,RinLSQJ59,25/06/2024 12:09,25/06/2024 12:02,rin28,25/06/2024 15:06
cad7aece-dd5f-42dc-9607-3ee90cd3fc0a,Male,Youth,Loaders,Kano,Rural,Yes,Yes,2024-06-25,WOFAN,Kano-WOFAN,GarTM7Y39,25/06/2024 12:11,25/06/2024 11:54,gmm48,25/06/2024 15:11
69f8a09f-9707-4788-a4ac-32787f26b6db,Male,Youth,Transporters,Jigawa,Peri_urban,Yes,Yes,2024-06-25,WOFAN,Jigawa-WOFAN,RinYJLB55,25/06/2024 13:39,25/06/2024 13:30,rin28,25/06/2024 15:12
036d11bd-4067-4d6c-9708-42c9c9a6a155,Male,Youth,Loaders,Jigawa,Peri_urban,Yes,Yes,2024-06-25,WOFAN,Jigawa-WOFAN,RinOMEM39,25/06/2024 15:12,25/06/2024 14:54,rin20,25/06/2024 15:12
1583c185-0902-436d-87f6-9dd99d2eca6a,Male,Youth,Loaders,Kano,Rural,Yes,Yes,2024-06-25,WOFAN,Kano-WOFAN,Gar2CBX21,25/06/2024 07:55,25/06/2024 07:37,gmm53,25/06/2024 15:13
5937b9c6-1edd-48bc-a50f-f0c755bdd66a,Male,Youth,Transporters,Kano,Rural,Yes,No,2024-06-25,WOFAN,Kano-WOFAN,Kur0DRC49,25/06/2024 13:24,25/06/2024 13:14,kur04,25/06/2024 15:21
a45b90eb-d1bc-406b-aa73-06fcb7af9c4f,Male,Youth,Loaders,Jigawa,Rural,Yes,Yes,2024-06-25,WOFAN,Jigawa-WOFAN,JahKZKY06,25/06/2024 09:25,25/06/2024 09:21,jah49,25/06/2024 15:21
4c88402b-894f-4ab4-928c-7fcefc62f205,Male,Youth,Loaders,Jigawa,Rural,Yes,Yes,2024-06-25,WOFAN,Jigawa-WOFAN,JahCVVN57,25/06/2024 11:16,25/06/2024 11:12,jah49,25/06/2024 15:22
35531ace-7c14-46a3-8af5-3fc388c9e820,Male,Youth,Loaders,Jigawa,Rural,Yes,Yes,2024-06-25,WOFAN,Jigawa-WOFAN,JahQ23U30,25/06/2024 11:55,25/06/2024 11:51,jah49,25/06/2024 15:23
3258b7f5-a878-4186-9cac-f3cdeb7f534f,Male,Youth,Loaders,Jigawa,Rural,Yes,Yes,2024-06-25,WOFAN,Jigawa-WOFAN,Jah2RY835,25/06/2024 11:58,25/06/2024 11:55,jah49,25/06/2024 15:23
33cb8398-6ee7-4542-a77a-6c6848071cc1,Male,Youth,Loaders,Jigawa,Rural,Yes,Yes,2024-06-25,WOFAN,Jigawa-WOFAN,JahVDP058,25/06/2024 12:02,25/06/2024 11:58,jah49,25/06/2024 15:23
96345d13-0dce-4761-8e27-004127743775,Male,Youth,Loaders,Kaduna,Rural,No,No,2024-06-25,WOFAN,Kaduna-WOFAN,IkaYMUY36,25/06/2024 13:21,25/06/2024 13:14,ika34,25/06/2024 15:35
48f471e1-0c96-4e16-90da-c061d0d12eb0,Male,Youth,Loaders,Jigawa,Rural,Yes,Yes,2024-06-25,WOFAN,Jigawa-WOFAN,Rin6ZMW25,25/06/2024 15:36,25/06/2024 14:40,rin14,25/06/2024 15:38
8fc4b818-2de1-42f9-8b53-3eb287845148,Male,Youth,Transporters,Kano,Peri_urban,Yes,No,2024-06-25,WOFAN,Kano-WOFAN,KurATA451,25/06/2024 10:26,25/06/2024 10:14,gmm49,25/06/2024 15:50
4ad50f52-94ed-4fbc-beaf-280c5e2f572e,Male,Youth,Loaders,Kano,Rural,Yes,Yes,2024-06-25,WOFAN,Kano-WOFAN,KurGEBP30,25/06/2024 16:00,25/06/2024 15:48,gmm48,25/06/2024 16:00
c8357df5-d602-4851-817e-819be35d9558,Male,Youth,Loaders,Kano,Rural,Yes,Yes,2024-06-25,WOFAN,Kano-WOFAN,Gar9HC053,25/06/2024 14:09,25/06/2024 13:43,gmm50,25/06/2024 16:13
6394fd3c-2a39-4a69-8c76-542070be004d,Male,Youth,Transporters,Jigawa,Rural,Yes,No,2024-06-25,WOFAN,Jigawa-WOFAN,RinQ8K742,25/06/2024 13:46,25/06/2024 11:51,rin11,25/06/2024 16:14
ed74b34a-77be-40ca-9080-4b3f60a6087f,Male,Youth,Transporters,Kano,Rural,Yes,Yes,2024-06-25,WOFAN,Kano-WOFAN,KurFVT533,25/06/2024 13:56,25/06/2024 13:27,kur05,25/06/2024 16:14
6d6979eb-4e99-48a2-bef6-014003c034f2,Male,Youth,Loaders,Kano,Rural,Yes,No,2024-06-25,WOFAN,Kano-WOFAN,KirO4QQ37,25/06/2024 16:19,25/06/2024 16:13,kir17,25/06/2024 16:19
4cc6242a-d930-422d-a851-d9e0c85d3563,Male,Youth,Transporters,Kano,Rural,Yes,No,2024-06-25,WOFAN,Kano-WOFAN,KurJ11C09,25/06/2024 15:58,25/06/2024 15:46,kur13,25/06/2024 16:49
ec2eabc3-06da-4e47-b4fb-e11cf6cbf98a,Male,Youth,Transporters,Jigawa,Rural,Yes,Yes,2024-06-25,WOFAN,Jigawa-WOFAN,Jah854U56,25/06/2024 16:51,25/06/2024 16:39,jah51,25/06/2024 16:52
2cf8bf08-90e9-4b1d-8e04-ce5f48a1634e,Male,Youth,Loaders,Jigawa,Rural,Yes,No,2024-06-25,WOFAN,Jigawa-WOFAN,RinWA4K57,25/06/2024 15:09,25/06/2024 15:05,rin22,25/06/2024 16:54
9c47302e-5e7f-464b-864b-d78a80e933b4,Male,Youth,Loaders,Jigawa,Rural,Yes,Yes,2024-06-25,WOFAN,Jigawa-WOFAN,JahBIGT14,25/06/2024 15:49,25/06/2024 15:42,jah50,25/06/2024 17:00
a733de4d-15fa-44fd-b932-171824616503,Male,Youth,Loaders,Kano,Rural,Yes,Yes,2024-06-25,WOFAN,Kano-WOFAN,GarLI2K47,25/06/2024 13:39,25/06/2024 13:31,kur07,25/06/2024 17:00
e8e0037a-d7be-4f63-aeea-4ca56fc431e3,Male,Youth,Transporters,Kano,Rural,Yes,No,2024-06-25,WOFAN,Kano-WOFAN,KurPXQD44,25/06/2024 15:58,25/06/2024 15:48,kur04,25/06/2024 17:03
19413e6e-a226-4b39-9a76-3b8240ba5cdc,Male,Youth,Loaders,Kano,Urban,Yes,Yes,2024-06-25,WOFAN,Kano-WOFAN,KurMIC536,25/06/2024 13:01,25/06/2024 12:47,kur14,25/06/2024 17:04
6888b86c-dde5-445a-8996-62bd7ec039c1,Male,Youth,Transporters,Jigawa,Peri_urban,Yes,Yes,2024-06-25,WOFAN,Jigawa-WOFAN,Rin9DSZ16,25/06/2024 15:39,25/06/2024 15:33,rin27,25/06/2024 17:07
35200038-a034-40a8-b6e4-c3610f45d726,Male,Youth,Transporters,Jigawa,Rural,Yes,Yes,2024-06-25,WOFAN,Jigawa-WOFAN,JahMBZT04,25/06/2024 12:37,25/06/2024 12:19,jah47,25/06/2024 17:07
ab0a7dd3-b723-471c-b3e8-5525b5e4d9a5,Male,Youth,Transporters,Jigawa,Rural,Yes,Yes,2024-06-25,WOFAN,Jigawa-WOFAN,JahE3KW11,25/06/2024 14:02,25/06/2024 13:53,jah47,25/06/2024 17:08
a48cd9da-f67f-47ae-b01c-3b4078d43b95,Male,Youth,Transporters,Kaduna,Rural,Yes,No,2024-06-25,WOFAN,Kaduna-WOFAN,Ika3Y0Y48,25/06/2024 13:27,24/06/2024 21:55,ika31,25/06/2024 17:08
ea90adce-45e2-4015-b60c-b553fb76e8fa,Male,Youth,Transporters,Jigawa,Rural,Yes,Yes,2024-06-25,WOFAN,Jigawa-WOFAN,JahWHK114,25/06/2024 16:09,25/06/2024 15:50,jah47,25/06/2024 17:09
87104c6f-b221-4f1a-8f23-364cacde69fd,Male,Youth,Transporters,Kano,Rural,Yes,Yes,2024-06-25,WOFAN,Kano-WOFAN,KurCDLO30,25/06/2024 13:07,25/06/2024 12:47,kur03,25/06/2024 17:28
746bc577-2d9d-4c08-9b7d-07db8fad1a00,Male,Youth,Transporters,Kano,Rural,Yes,Yes,2024-06-25,WOFAN,Kano-WOFAN,KurRHPQ20,25/06/2024 14:57,25/06/2024 14:49,kur03,25/06/2024 17:29
174cadbb-2c33-434d-a881-3e91dbc86ea1,Male,Youth,Loaders,Kano,Rural,Yes,No,2024-06-25,WOFAN,Kano-WOFAN,GarAR2944,25/06/2024 15:11,25/06/2024 14:56,gmm70,25/06/2024 17:30
4a569cb9-456e-47bf-b733-6a79c7a604b4,Male,Youth,Transporters,Jigawa,Rural,Yes,No,2024-06-25,WOFAN,Jigawa-WOFAN,TauTIO300,25/06/2024 17:32,25/06/2024 17:27,tau19,25/06/2024 17:32
81497e7e-a2ba-4a66-8ef0-008d07a96d24,Male,Youth,Transporters,Kaduna,Rural,Yes,No,2024-06-25,WOFAN,Kaduna-WOFAN,Ika8D1D00,25/06/2024 11:10,25/06/2024 10:46,ika12,25/06/2024 17:51
129e4b08-67a8-4c20-a001-27a352b3d7bf,Male,Youth,Transporters,Kano,Rural,Yes,No,2024-06-25,WOFAN,Kano-WOFAN,Kur7JWN05,25/06/2024 15:43,25/06/2024 15:24,kur01,25/06/2024 18:02
c3959db7-4f87-491f-a378-316ec421b4ef,Male,Youth,Transporters,Kaduna,Rural,Yes,No,2024-06-25,WOFAN,Kaduna-WOFAN,IkaE79J50,25/06/2024 12:32,25/06/2024 11:20,ika19,25/06/2024 18:21
bab635e6-03e7-4723-8191-d3abcc03c748,Male,Youth,Transporters,Kano,Rural,Yes,No,2024-06-25,WOFAN,Kano-WOFAN,KurUCRF36,25/06/2024 10:06,25/06/2024 09:47,gmm51,25/06/2024 18:29
c4f37d72-06a4-41ac-bec3-bd5f79a0ef1c,Male,Youth,Transporters,Jigawa,Rural,Yes,No,2024-06-25,WOFAN,Jigawa-WOFAN,Rin67Y329,25/06/2024 18:37,25/06/2024 18:30,rin17,25/06/2024 18:37
9ccfb877-42e3-4550-a3ac-e12410049f17,Male,Youth,Transporters,Kano,Rural,No,No,2024-06-25,WOFAN,Kano-WOFAN,KurY4KG38,25/06/2024 19:02,25/06/2024 18:59,kur09,25/06/2024 19:02
4d88c53e-bde3-4a06-adea-feb622e686c3,Male,Youth,Transporters,Kano,Rural,Yes,No,2024-06-25,WOFAN,Kano-WOFAN,GarT6NT38,25/06/2024 17:39,25/06/2024 17:32,gmm52,25/06/2024 19:02
2a55f70e-587d-469f-9899-b0af2b7f73be,Male,Youth,Transporters,Jigawa,Rural,Yes,Yes,2024-06-25,WOFAN,Jigawa-WOFAN,JahQR5250,25/06/2024 18:19,25/06/2024 18:08,jah60,25/06/2024 19:12
d3bd155d-b95d-4318-bf9b-684e716a04f8,Male,Youth,Transporters,Jigawa,Rural,Yes,No,2024-06-25,WOFAN,Jigawa-WOFAN,TauD9TX18,25/06/2024 17:24,25/06/2024 17:11,tau20,25/06/2024 20:17
09b23732-3670-4d56-91bf-3e49deeddcbb,Male,Youth,Loaders,Kano,Rural,Yes,No,2024-06-25,WOFAN,Kano-WOFAN,KurW9G321,25/06/2024 18:54,25/06/2024 18:45,gmm55,25/06/2024 20:56
a6b7cd0a-aa09-4bc5-90d9-36f44fa2ca3f,Male,Youth,Loaders,Kano,Rural,Yes,No,2024-06-25,WOFAN,Kano-WOFAN,Kur810D14,25/06/2024 18:55,25/06/2024 18:38,gmm51,25/06/2024 21:15
bc7b9c1a-76e9-4277-b491-49c58ffa64e1,Male,Youth,Loaders,Jigawa,Rural,Yes,Yes,2024-06-25,WOFAN,Jigawa-WOFAN,Tau4IVH21,25/06/2024 18:39,25/06/2024 18:24,tau22,25/06/2024 21:16
8564f9b2-70bc-4ba2-9e4d-8c8c392c5088,Male,Youth,Transporters,Kano,Peri_urban,Yes,Yes,2024-06-25,WOFAN,Kano-WOFAN,Kur8NSB38,25/06/2024 20:06,25/06/2024 19:30,kur02,25/06/2024 21:34
66307ccf-1470-4b6e-8c57-0edf24996ee6,Male,Youth,Transporters,Kano,Peri_urban,Yes,Yes,2024-06-25,WOFAN,Kano-WOFAN,Kur971V28,25/06/2024 20:22,25/06/2024 20:14,kur02,25/06/2024 21:39
e4dc219b-00f8-46c3-ba3e-285625d2371e,Male,Youth,Transporters,Kano,Rural,No,No,2024-06-25,WOFAN,Kano-WOFAN,KurAEF641,25/06/2024 22:09,25/06/2024 21:58,kur13,25/06/2024 22:09
f0e283ca-fa03-4649-84d4-ac8cbf982f4b,Male,Youth,Loaders,Kano,Rural,No,No,2024-06-25,WOFAN,Kano-WOFAN,KurGSCD57,25/06/2024 21:26,25/06/2024 21:14,kur09,25/06/2024 22:36
62915198-34fe-4a1c-9f70-b25459e668cb,Male,Youth,Transporters,Kano,Rural,Yes,No,2024-06-25,WOFAN,Kano-WOFAN,GarT9LW12,25/06/2024 22:47,25/06/2024 22:23,gmm49,25/06/2024 22:47
c3faa33a-1502-402a-a97f-f35b2d858652,Male,Youth,Transporters,FCT,Rural,Yes,No,2024-06-26,WOFAN,FCT-WOFAN,GwaY4IS16,26/06/2024 08:14,26/06/2024 07:50,gwa25,26/06/2024 08:14
73332e8a-07e3-48bc-884c-d0f3175d8c83,Male,Youth,Transporters,Kano,Urban,Yes,Yes,2024-06-26,WOFAN,Kano-WOFAN,GarPBTQ14,26/06/2024 11:43,26/06/2024 11:30,gmm53,26/06/2024 13:28
0e105fa8-231c-4fe7-8d4b-007981de6af7,Male,Youth,Transporters,FCT,Rural,Yes,No,2024-07-18,WOFAN,FCT-WOFAN,KwaKX1P10,18/07/2024 10:12,18/07/2024 09:53,kwl12,18/07/2024 10:12
56a24482-9c8e-4ade-bf1f-22e1e170df64,Male,Youth,Transporters,FCT,Rural,Yes,No,2024-07-18,WOFAN,FCT-WOFAN,Gwa5A7Q26,18/07/2024 10:41,18/07/2024 10:28,gwa23,18/07/2024 10:54
308bffa5-ab28-427f-88ae-2bfa2ffa6179,Male,Youth,Loaders,FCT,Urban,Yes,No,2024-07-18,WOFAN,FCT-WOFAN,KujIU9S23,18/07/2024 10:59,18/07/2024 10:37,kuj04,18/07/2024 10:59
514d026e-7d94-4249-9fef-8e91feb4bd13,Male,Youth,Transporters,FCT,Rural,Yes,No,2024-07-18,WOFAN,FCT-WOFAN,KwaM8L622,18/07/2024 11:35,18/07/2024 11:04,kwl12,18/07/2024 11:35
