username,name,phonenumber,Gender,LGA,State
aba01,Simon Victoria,2349031209404,Female,Abaji,FCT
aba02,Haliru Hussaini,2348138605245,Male,Abaji,FCT
aba03,Ishaku Nabala iyaklalo,2348068133705,Male,Abaji,FCT
aba04,Uzoka Rosemary Omenogo,2347025586558,Female,Abaji,FCT
aba05,Usman Sani,2348076111257,Male,Abaji,FCT
akk01,Abubakar Adamu Alhaji,2348147333321,Male,Akko,Gombe
akk02,Zahra´u Maigari Lawanti,2347062072590,Female,Akko,Gombe
akk03,Abdullahi Ibrahim,2348108567172,Male,Akko,Gombe
akk04,Hannatu Khadi,2347069182201,Female,Akko,Gombe
akk05,Habila Baraya,2348069846858,Male,Akko,Gombe
akk06,Jeremiah Joshua,2348166257674,Male,Akko,Gombe
alk01,Muhammad B Muhammad,2347037844285,Male,Alkaleri,Bauchi
alk02,Abubakar Muhammad Hassan,2348166678638,Male,Alkaleri,Bauchi
alk03,Naomi Peter,2349077036390,Female,Alkaleri,Bauchi
ama04,Shikaa Alfred,2348139770965,Female,Amac,FCT
ama14,Ikediashi Esther Chidinma,2348155829164,Female,Amac,FCT
ama16,Albert Echua,2347038505364,Male,Amac,FCT
ama22,Enyo Nathaniel,2349135963314,Female,Amac,FCT
ama24,Sandra Ishaleku O.,2348142569103,Female,Amac,FCT
ama25,Saminu Sumaiya,2349033618633,Female,Amac,FCT
ama31,Pauline Okwori,2348027366306,Female,Amac,FCT
ama32,Lilian Choko,2349129554416,Female,Amac,FCT
ama33,Bulus Dalilo,2348036844222,Male,Amac,FCT
ama35,Blessing Edoh,2347035699405,Female,Amac,FCT
ama36,Oyeniyi T. Ibidemin,2348038317340,Female,Amac,FCT
ama38,Odii Sophia,2348061624156,Female,Amac,FCT
ama40,Sati Mildred Sitkop,2349032777342,Female,Amac,FCT
att,Attendance Attendance,2348083801878,Male,Jaba,Adamawa
bag01,Sumayya Abubakar,2348067011717,Female,Bagwai,Kano
bag04,Yahaya Dahiru Yahaya,2349047151392,Male,Bagwai,Kano
bag05,Mu'azzam Musa Gadanya,2348026698755,Male,Bagwai,Kano
bag06,Fatihu Abubakar,2349040239946,Male,Bagwai,Kano
bag09,Abubakar Imarana,2348103253688,Male,Bagwai,Kano
bag10,Ibrahim Adamu,2348160900515,Male,Bagwai,Kano
bau10,Abubakar Aliyu,2348033574280,Male,Bauchi,Bauchi
bau11,Maryam Idris Halilu,2347039015793,Female,Bauchi,Bauchi
bau12,Abdulmuizzu H. Babaji,2348038466539,Male,Bauchi,Bauchi
bau13,Haruna H. B,2347031894729,Male,Bauchi,Bauchi
bau14,Aishatu Abubakar Ibrahim,2348134777906,Female,Bauchi,Bauchi
bau15,Abubakar Sadiq,2348138649830,Male,Bauchi,Bauchi
bau16,Rabiu Sani Gital,2349051265116,Male,Bauchi,Bauchi
bau17,Sumaiya Haruna,2348028670671,Female,Bauchi,Bauchi
bill01,Matitiya Daniel,2349051916029,Female,Billiri,Gombe
bill02,Sihiyona Amos Babale,2348162032576,Female,Billiri,Gombe
bill03,Jenifa Daniel,2348063573323,Female,Billiri,Gombe
bill04,Lois Ayuba,2349032880774,Female,Billiri,Gombe
bill05,Happy Usman Yusuf,2348065454222,Female,Billiri,Gombe
bill06,Edward Maibugua,2348088024142,Male,Billiri,Gombe
bill07,Suleiman Yakubu,2349060806775,Male,Billiri,Gombe
bill08,Stephen Mough,2347067077205,Male,Billiri,Gombe
bill09,Faith Usman,2347065101148,Female,Billiri,Gombe
bun02,Alhasan Abdu,2348069033789,Male,Bunkure,Kano
bun03,Usman Garba Ahmad,2349061591268,Male,Bunkure,Kano
bun04,Isah Alhassan Musa,2348129668222,Male,Bunkure,Kano
bun05,Muhd sani Abdullahi,2348135509169,Male,Bunkure,Kano
bun06,Ramlat Aminu,2349123551452,Female,Bunkure,Kano
bun07,Binta Khamis Isah,2349066783919,Female,Bunkure,Kano
bun09,Zahariyya Salisu Muhd,2347063948317,Female,Bunkure,Kano
bun11,Salma sarki kadawa,2347047134493,Female,Bunkure,Kano
bun12,Fiddausi Umar,2349033468114,Female,Bunkure,Kano
bun14,Halima Garba,2348037695723,Female,Bunkure,Kano
bun16,Musbahu Sani,2349036603533,Male,Bunkure,Kano
bun17,Usman Bala,2347035159294,Male,Bunkure,Kano
bun18,Yusuf Isiyaku,2349016439640,Male,Bunkure,Kano
bun20,Naziru Sarki Kadawa,2348133961722,Male,Bunkure,Kano
bun21,Yakubu Muhammad,2348103094838,Male,Bunkure,Kano
bwa08,Oluremi Adigun,2348051078199,Female,Bwari,FCT
chk14,Oby Gladys Chinedu,2348069076295,Female,Chikun,Kaduna
chk15,George Dominic,2348136502899,Male,Chikun,Kaduna
chk16,Thetmen Haruna,2348068638885,Female,Chikun,Kaduna
chk17,Rejoice Samail Bako,234182855956,Female,Chikun,Kaduna
chk18,Winifred Mallam Njenson,2348139464027,Female,Chikun,Kaduna
chk19,Emmanuel Adams,2347087664388,Male,Chikun,Kaduna
chk20,Felicia S. Barnabas,2348022711819,Female,Chikun,Kaduna
chk21,Salem James Tabara,23408147470218,Female,Chikun,Kaduna
chwdemo,CHWdemo CHWdemo,,Female,Kwali,FCT
das07,Hamza Bala,2348168429750,Male,Dass,Bauchi
das08,Ahmad Aliyu,2347042220271,Male,Dass,Bauchi
das09,Bilyaminu Lazarus Sule,2348135654947,Male,Dass,Bauchi
das10,Lawiza Haruna,2348146626184,Female,Dass,Bauchi
data01,Jenif Jonathan,234814613148,Female,Chikun,Kaduna
data02,David Dodo Agidi,2348031516902,Female,Keana,Nasarawa
data03,Kachii Ana,2347038090692,Female,Oju,Benue
data05,Samson Marvellous,2348133726754,Male,Ikara,Kaduna
data07,Thaddeus Akume,,Male,Hong,Adamawa
data08,Sadiq Hassan,,Male,Bebeji,Kano
data09,Rayyanu Usman,,Male,Zaria,Kaduna
dem01,Blessing Sylvester Wambai,2348038227115,Female,Demsa,Adamawa
dem02,Gladys Dominic,2347034054049,Female,Demsa,Adamawa
dem03,Orison Sontaminem Nyingo,2347037703988,Female,Demsa,Adamawa
dem04,Nevison Takrama Zidon,2347066365055,Female,Demsa,Adamawa
dem05,Gamaraja Dominic Isa,2347061545127,Male,Demsa,Adamawa
dem06,Hauwa Mohammed,2348035104889,Female,Demsa,Adamawa
dem07,Usulam Simeon,2349030455210,Female,Demsa,Adamawa
dem08,Talaban Thimawus Fwah,2347035800466,Female,Demsa,Adamawa
dem09,Joel Manaram Kwale,2348147901210,Male,Demsa,Adamawa
dem10,Rosemary Emmanuel Ayangbeso,2348164758005,Female,Demsa,Adamawa
dem11,Evelyn Bamindah Fredrick,2347035558058,Female,Demsa,Adamawa
dem12,Gloria Pheelamiloh Isa,2349034488757,Female,Demsa,Adamawa
dem13,Francis Victor,2348051449965,Male,Demsa,Adamawa
dem14,Sapwa'Asa Nashe,2347060775044,Female,Demsa,Adamawa
dem15,Dayana Daniel Atawadan,2348137738977,Female,Demsa,Adamawa
dem16,Salam Serah Mijah,2348134979706,Female,Demsa,Adamawa
dem17,Elias Kwakanapwa,2347062679761,Male,Demsa,Adamawa
demo2,demo demo,,Male,Garun Mallam,Kano
docdemo,Docdemo Docdemo,,Male,Kwali,FCT
e-awe2,Favour Iyefu Okoh,2348133181833,Female,Awe,Nasarawa
e-awe3,Favour Iyefu Okoh,2348037424895,Male,Awe,Nasarawa
e-bal1,Orpah James Kure,2347038121271,Male,Balanga,Gombe
e-bal2,Ebube Benson,2348063058120,Male,Balanga,Gombe
e-bal3,Henny Atetan,2348185702141,Male,Balanga,Gombe
e-gan1,Amina Idris Halilu,2348053668019,Female,Ganjuwa,Bauchi
e-gan2,Ogbu Isaiah Umar,2347030066048,Male,Ganjuwa,Bauchi
e-gan3,Chinenye Uzoma,2348034354515,Female,Ganjuwa,Bauchi
e-gar1,Osas Graham ERHABOR,2347036806360,Male,Garun Mallam,Kano
e-gar2,Andrew Adamu,2348035610507,Male,Garun Mallam,Kano
e-gar3,Lilian Musa,2348126020265,Male,Garun Mallam,Kano
e-gom1,Vandi Margimari,2348108798058,Male,Gombi,Adamawa
e-gom2,Tiliyang Manga,2347063624661,Male,Gombi,Adamawa
e-gom3,Stella Zakari,2348065703979,Female,Gombi,Adamawa
e-gwa1,Chidimma Enemuo,,,,
e-gwa2,Francis Arinze,,,,
e-gwa3,Tryphosa Cheli Olise,,,,
e-gwe1,Agenawua Stephen,,,,
e-gwe3,Lunen Ruth Ikomkeh,,,,
e-hon1,ZALALAMI FARBINAH CHANNYA,2348160408140,Male,Hong,Adamawa
e-hon2,Rose Halita John,2349063658394,Female,Hong,Adamawa
e-hon3,SAGIRU MUSA,2347060741997,Male,Hong,Adamawa
e-jah1,Peter Afamefuna,23448101655,Male,Jahun,Jigawa
e-jah2,Faith Salihu,2348060015074,Female,Jahun,Jigawa
e-jah3,Adikpe Peter,2347063703766,Male,Jahun,Jigawa
e-kad1,Johnson Michael,,,,
e-kad2,Yahuza B. Yusuf,,,,
e-kuj1,Elizabeth Ndaks,,,,
e-kwa1,Isabel Kish Kwambo,2349079751717,Female,Kwami,Gombe
e-kwa2,Muhammed Barkindo,2347038901735,Male,Kwami,Gombe
e-kwa3,Ebuka Emmanuel,2348166545475,Male,Kwami,Gombe
e-nin1,Blessing Ogechi Obasi,2347061319677,Male,Ningi,Bauchi
e-nin2,Salik I Kalatau,2348020867639,,Ningi,Bauchi
e-obi2,Tinko Benedict Abimiku,2348104462978,Male,Obi,Nasarawa
e-obi3,SADIQ HUSSAINI OKPADOBU,2348143680587,Male,Obi,Nasarawa
e-oju1,Mercy Etta,2348033525645,Male,Oju,Benue
e-oju2,Uboho Eyo William,2348038701470,Male,Oju,Benue
e-rin1,Nagahani Shehu,2348069847534,Male,Ringim,Jigawa
e-rin2,Musa Danladi,2349062216832,Male,Ringim,Jigawa
e-rin3,Nabahani Shehu,2348062979034,Female,Ringim,Jigawa
e-sab2,Joseph Okorie,,,,
e-tof1,Michael Moses ohiemi,2349036666976,Male,Tofa,Kano
e-tof2,Joy N. Michael,2348022241829,Female,Tofa,Kano
e-tof3,Hajara Uba,2348166625179,Female,Tofa,Kano
e-zan1,Samaila Aliyu,,,,
e-zan2,Joshua Haruna,,,,
gan08,Muminat Sabo,2349045668998,Female,Ganjuwa,Bauchi
gan09,Sani Bala Jibrin,2348068446453,Male,Ganjuwa,Bauchi
gan10,Mandi Emanuel Daminas,2348037353019,Male,Ganjuwa,Bauchi
gan11,Mashakura Musa,2348149653202,Female,Ganjuwa,Bauchi
gee01,Elvis Teryila Kachina,234057954341,Male,Gwer East,Benue
gee02,Gwaza Tertsea Thomas,2348060011810,Male,Gwer East,Benue
gee03,Dugeri Sewuese Tessy,2348108877630,Female,Gwer East,Benue
gee04,Uga Mewuese Blessing,2348074359037,Female,Gwer East,Benue
gee05,Mkohol Simeon Mlanga,2347068426797,Male,Gwer East,Benue
gee06,Ochayi Ojobo Virgina Onyeje,2348051793300,Female,Gwer East,Benue
gee07,Kwaghfan Doosuur Love,2347061031138,Female,Gwer East,Benue
gir01,Patience Samaila,2348039253139,Female,Girei,Adamawa
gir02,Gbamiti Kaitanga,2348065257026,Female,Girei,Adamawa
gir03,Dankano Luka Ibrahim,2348062357983,Male,Girei,Adamawa
gir04,Hassan Yahaya,2349067659138,Male,Girei,Adamawa
gir05,Mwanamin Samuel,2348137336162,Female,Girei,Adamawa
gir06,Verenwasu'U Milicent Joseph,2349021925607,Female,Girei,Adamawa
gir07,Zainab M. Sajo,2348137162730,Female,Girei,Adamawa
gir08,Joseph Adamu Koninkito,2348100153338,Male,Girei,Adamawa
gmm48,Sadiya Alhassan Imam,2349037399329,Female,Garun Mallam,Kano
gmm49,Yahaya Muazu,2347063488639,Male,Garun Mallam,Kano
gmm50,Sulaiman Balarabe,2347037840938,Male,Garun Mallam,Kano
gmm51,Yusuf Hamza,2349032893741,Male,Garun Mallam,Kano
gmm52,Bello Hussaini Salisu,2347088980637,Male,Garun Mallam,Kano
gmm53,Yusuf Khalil Umar,2349019710930,Male,Garun Mallam,Kano
gmm54,Fatima Ibrahim,2347065861430,Female,Garun Mallam,Kano
gmm55,Umar Muhammad Lawan,2347036588172,Male,Garun Mallam,Kano
gmm56,Zainab Aliyu Auwal,2348033495821,Female,Garun Mallam,Kano
gmm58,Rukayya Idris,2347063002548,Female,Garun Mallam,Kano
gmm59,Asiya Auwal,2347085568013,Female,Garun Mallam,Kano
gmm60,Sani Masaru,2347035883777,Male,Garun Mallam,Kano
gmm61,Inuwa Ado Yakubu,2347065717394,Male,Garun Mallam,Kano
gmm64,Zakariya Hamisu Saeed,2349063991069,Male,Garun Mallam,Kano
gmm65,Abubakar Muhammad Najib,2348065061327,Male,Garun Mallam,Kano
gmm66,Abubakar Umar,2348144000257,Male,Garun Mallam,Kano
gmm67,Khalifa Suleman,2348133018574,Male,Garun Mallam,Kano
gmm68,Abbas Lukman Abubakar,2348165175477,Male,Garun Mallam,Kano
gmm69,Dahiru Hassan,2347038832368,Male,Garun Mallam,Kano
gmm70,Halima Yahaya,2348167509140,Female,Garun Mallam,Kano
gom18,Nuruddeen Sabitu,,Male,,Gombe
gom19,Mohammed Raqibu Haruna,,Male,Gombe,Gombe
gom20,Hafsat Abubakar Musa,,Female,Gombe,Gombe
gom21,Hadiza Abubakar,,Female,Gombe,Gombe
gom22,Saraphatu Elisha,,Female,Gombe,Gombe
gom23,Fatima Lawan Sani,,Female,Gombe,Gombe
gom24,Hawau Usman Abubakar,,Female,Gombe,Gombe
gom25,Hauwa Babayo,,Female,Gombe,Gombe
gom26,Felix Usman,,Male,Gombe,Gombe
gom27,Adamu Muhammed Haram,,Male,Gombe,Gombe
gom28,Abubakar Sadiq Musa,,Male,Gombe,Gombe
gom29,Mohammed Raqibu Haruna,,Male,Gombe,Gombe
gum07,Dooga Tersugh,2348069501061,Male,Guma,Benue
gum08,Atim Amos D,2349022345206,Male,Guma,Benue
gum09,Uduh Mary Madeji,2348030661548,Female,Guma,Benue
gum10,David Ushahemba,2348104524258,Male,Guma,Benue
gum11,Ichin Victor Sughnen,2348160676430,Male,Guma,Benue
gum12,Jato Iortom Matthew,2348034937315,Male,Guma,Benue
gum13,Gajir Mnena Eunice,2348165460450,Female,Guma,Benue
gwa02,Idowu Gift Oluwayisi,2348188065565,Female,Gwagwalada,FCT
gwa03,Dorathy Hyet,2348107741666,Female,Gwagwalada,FCT
gwa04,Haruna Raliya Abubakar,2348114338217,Female,Gwagwalada,FCT
gwa05,Isreal Victory,2347054917888,Female,Gwagwalada,FCT
gwa06,Loveth Eraikhuemen,2348142730268,Female,Gwagwalada,FCT
gwa11,Raphael Aloko,2348078641201,Male,Gwagwalada,FCT
gwa12,Dorcas Idowu,2347049612029,Female,Gwagwalada,FCT
gwa13,Abdllahi Baba,2347061055609,Male,Gwagwalada,FCT
gwa14,Rakiya Yusuf,2347035320356,Female,Gwagwalada,FCT
gwa15,Margret Asorose,2348050846436,Female,Gwagwalada,FCT
gwa16,Hosea Japhet,2348160367141,Male,Gwagwalada,FCT
gwa17,John Shedrack Terry,2348163625964,Male,Gwagwalada,FCT
gwa18,Victoria Nkechi Mejuru,2349039033791,Female,Gwagwalada,FCT
gwa19,Ferguson Favour Chiamaka,2348137907879,Female,Gwagwalada,FCT
gwa20,Umaru Hadiza Mambo,2348186742219,Female,Gwagwalada,FCT
gwa21,Aliyu Mohammed,2349072795483,Male,Gwagwalada,FCT
gwa22,Thilama Elizabeth,2347032701275,Female,Gwagwalada,FCT
gwa23,Idowu Isaiah Oluwaseun,2348037907390,Male,Gwagwalada,FCT
gwa24,Mustapha Umar Iya,2347042669245,Female,Gwagwalada,FCT
gwa25,Ishaq Fauziya,2348035880051,Female,Gwagwalada,FCT
gwa26,Bibiana Terumbu Tyokase,2347039892694,Female,Gwagwalada,FCT
gwa27,YUSUFU Ibeh Zuleiha,2348053831100,Female,Gwagwalada,FCT
gwa28,Yusuf Mary,2348100895296,Female,Gwagwalada,FCT
ika01,Yusuf Maki,2347035680006,Female,Ikara,Kaduna
ika02,Sani Abdullahi,2349036514311,Female,Ikara,Kaduna
ika03,Auwalu Yahuza,2347069506676,Male,Ikara,Kaduna
ika04,Yahaya Abdulkadir,2349040909134,Male,Ikara,Kaduna
ika05,Yusuf Suleiman,2347033431688,Male,Ikara,Kaduna
ika06,Cordelia Vincent,2348069358884,Female,Ikara,Kaduna
ika07,Rabi Abdussalam,2348147874617,Female,Ikara,Kaduna
ika08,Zainab Aliyu,2347032282020,Female,Ikara,Kaduna
ika09,Rabi Magaji,2347031810587,Female,Ikara,Kaduna
ika10,Hassana Suleiman,2348036828851,Female,Ikara,Kaduna
ika11,AUWAL T. ABDULLAHI,2347038282140,Male,Ikara,Kaduna
ika12,SURAJO TUKUR,2348167167697,Male,Ikara,Kaduna
ika13,AMINU USMAN,2348133096658,Male,Ikara,Kaduna
ika14,MUBARAK A. MAKAMA,2348083877890,Male,Ikara,Kaduna
ika15,MATHIAS K. AKOK,2348029046028,Male,Ikara,Kaduna
ika16,ALIYU ISHAQ ALIYU,2347060423358,Male,Ikara,Kaduna
ika17,ISTIFANUS MARKUS,2347069454884,Male,Ikara,Kaduna
ika18,ABUBAKAR SABO,2347039514150,Male,Ikara,Kaduna
ika19,BELLO SULEIMAN,2348169343939,Male,Ikara,Kaduna
ika20,ALIYU SULEIMAN,2347019257856,Male,Ikara,Kaduna
ika21,HALADU MUSA,2347039653752,Male,Ikara,Kaduna
ika22,AMINU ABUBAKAR,2349154308774,Male,Ikara,Kaduna
ika23,MAIMUNATU SHERRIF,2348038907832,Female,Ikara,Kaduna
ika24,HAJARA LADAN,2347067824340,Female,Ikara,Kaduna
ika25,AMINA HABEEB,2349138726533,Female,Ikara,Kaduna
ika26,HAUWA’U USMAN,2349039965439,Female,Ikara,Kaduna
ika27,LINDA YAKUBU,2349068494024,Female,Ikara,Kaduna
ika28,SAFIYA KABIR,2347067333380,Female,Ikara,Kaduna
ika29,BILLKISU YAHUZA,2347038229109,Female,Ikara,Kaduna
ika30,HUSAINA IBRAHIM,2347067332000,Female,Ikara,Kaduna
ika31,Yahaya Lawal,2348038357617,Male,Ikara,Kaduna
ika32,RABILU ISAH,2349030691461,Male,Ikara,Kaduna
ika33,RAHINATU SULEIMAN,2347080250587,Female,Ikara,Kaduna
ika34,NAFISA BASHIR,2348138977261,Female,Ikara,Kaduna
ika35,SANI ISA,2348022680635,Male,Ikara,Kaduna
ika36,DALHATU SANI,2349021619580,Male,Ikara,Kaduna
jab22,Mercy Titus,2347053252588,Female,Jaba,Kaduna
jab23,Elisha Walter Yari,2348036302060,Male,Jaba,Kaduna
jab24,Gloria Yahaya,2348092061332,Female,Jaba,Kaduna
jab25,Tracy Jacob,2347066403401,Female,Jaba,Kaduna
jab26,Esther Yakubu,2348035716654,Female,Jaba,Kaduna
jab27,Isaac Hosea,2347011809853,Male,Jaba,Kaduna
jab28,Talatu Bart Nyam,2347034585848,Female,Jaba,Kaduna
jab29,Yakubu Jonathan Yem,2348132177144,Male,Jaba,Kaduna
jab30,Everest Obadiah,2348086453984,Male,Jaba,Kaduna
jab31,Abel Umar Fulong,2347066870088,Male,Jaba,Kaduna
jab32,Jonathan Sunday,2347038218942,Male,Jaba,Kaduna
jah39,Jabir Junaidu,2348060828086,Male,Jahun,Jigawa
jah40,Ali Idris Sabo,2348036482475,Male,Jahun,Jigawa
jah41,Isyaku Halliru,2348037248967,Male,Jahun,Jigawa
jah42,Abdulmalik Garba,2347060549648,Male,Jahun,Jigawa
jah43,Salisu musa,2347030795944,Male,Jahun,Jigawa
jah44,Aisha Zulkifulu,2348065700104,Female,Jahun,Jigawa
jah45,Saad Muhammd,2348132982560,Male,Jahun,Jigawa
jah46,Muhammad Hauwa'u,2349034493724,Female,Jahun,Jigawa
jah47,Mohammed Arab Sabo,2348036180394,Male,Jahun,Jigawa
jah48,Rukayya Arab,2347031908927,Female,Jahun,Jigawa
jah49,Abduljalal Arab,2347037663334,Male,Jahun,Jigawa
jah50,Mubarak Arab Sabo,234803618039,Male,Jahun,Jigawa
jah51,Fauziyya Abba,2348061221254,Female,Jahun,Jigawa
jah52,Ummi Ahmad,2347025214193,Female,Jahun,Jigawa
jah54,Abba Dahiru,2348139078100,Male,Jahun,Jigawa
jah55,Zainab Bashir,2347025305551,Female,Jahun,Jigawa
jah56,Hajara Suraka,2349130251763,Female,Jahun,Jigawa
jah59,Umar Muhammad Inuwa,2348083846756,Male,Jahun,Jigawa
jah60,Hauwa Isiyaku,2347036358170,Female,Jahun,Jigawa
jah61,Mansur Alh Shehu,2347035540088,Male,Jahun,Jigawa
jah63,Yusuf Alhaji Shehu,2349048188666,Male,Jahun,Jigawa
jah64,Auwal Sabo,2349032256165,Male,Jahun,Jigawa
jah65,Haruna Sulaiman,2349079915315,Male,Jahun,Jigawa
jah66,Baffa Ibrahim,2348063892339,Male,Jahun,Jigawa
jah67,Abdulmalik Bashir,2347066957372,Male,Jahun,Jigawa
jah68,Shehu Ibrahim,2347067369245,Male,Jahun,Jigawa
jah69,Ibrahim Suleiman,2349163517418,Male,Jahun,Jigawa
jah70,Alyasau Suraka,2347029074224,Male,Jahun,Jigawa
jah71,Ahmad Mustapha,2348162687458,Male,Jahun,Jigawa
jah72,Bashir Faruk,2347066967372,Male,Jahun,Jigawa
jah73,Sunusi Shuaibu,2347038993466,Male,Jahun,Jigawa
jah75,Hamza Alhassan,2348064901011,Male,Jahun,Jigawa
jah78,Binta Alkasim,2347048462990,Female,Jahun,Jigawa
jah79,Aisha Abdullahi,2349167051666,Female,Jahun,Jigawa
jah80,Maryam Abdullahi,2347025894167,Female,Jahun,Jigawa
jah81,Yasira Abdullahi,2348147918762,Female,Jahun,Jigawa
jah83,Ashiru Umar,2347067627578,Male,Jahun,Jigawa
jah84,Umar Mahammad,2348066626680,Male,Jahun,Jigawa
jam12,Mikailu Alheri,2348085769967,Female,Jama'a,Kaduna
jam13,Aminu Aaron Ateyua,2347087686268,Male,Jama'a,Kaduna
jam14,Pheetamin Alexander,2348097794974,Female,Jama'a,Kaduna
jam15,David Bridget,2348102458549,Female,Jama'a,Kaduna
jam16,Jemimah Sebastian,2348135587207,Female,Jama'a,Kaduna
jam17,Dabwot Nandom Joseph,2348141576721,Male,Jama'a,Kaduna
jam18,Ashi Jethro Daniel,2347032077526,Male,Jama'a,Kaduna
jam19,John Blessing Zigwai,2349028989303,Female,Jama'a,Kaduna
jam20,Yakubu Jamilu,2347069374356,Male,Jama'a,Kaduna
jam21,Solomon Vungmo Nakham,2348130635277,Male,Jama'a,Kaduna
jam22,Samuel John,2347063351935,Male,Jama'a,Kaduna
kac01,Mercy Sheris Hadwah,2347032598581,Female,Kachia,Kaduna
kac02,Jeninifer Aliyu,2348022756855,Female,Kachia,Kaduna
kac03,Happiness Thomas,2348116664339,Female,Kachia,Kaduna
kac04,Gana Kakasachi Sarah,2348068746472,Female,Kachia,Kaduna
kac05,Amwe Joy Ayuba,2348137361103,Female,Kachia,Kaduna
kac06,Nehemiah Jonathan,2348166064350,Male,Kachia,Kaduna
kac07,Maurice Solomon Nkom,2348051887628,Male,Kachia,Kaduna
kac08,Emmanuel Garba,2347053211884,Male,Kachia,Kaduna
kac09,Benedict Andrew,2348022341631,Male,Kachia,Kaduna
kac10,Kefas Soji,2347035905012,Male,Kachia,Kaduna
kac11,Mohammed Jibrin,2348065652177,Male,Kachia,Kaduna
kac12,Dorcas B. Shares,2347036662009,Female,Kachia,Kaduna
kac13,Hilxiya Gosah,2347037725581,Male,Kachia,Kaduna
kag01,Augustin Yusuf,2347053211884,Male,Kagarko,Kaduna
kag02,Duchi Keren Nkan,2347030470118,Female,Kagarko,Kaduna
kag03,Theophilus Shamaki,2348071360480,Male,Kagarko,Kaduna
kag04,Precious Jummai Kagarko,2348136508437,Female,Kagarko,Kaduna
kag05,Shedrach Isuwa,2348117906492,Male,Kagarko,Kaduna
kag06,Christopher Duchi,2348099800631,Male,Kagarko,Kaduna
kag07,Fumi Alhamdu Atama,2348133184400,Female,Kagarko,Kaduna
kag08,Dorathy Mathias,2348063057564,Female,Kagarko,Kaduna
kag09,Jacob Nicholas,2348149113646,Male,Kagarko,Kaduna
kag10,Abdul Abubakar,2349085588216,Male,Kagarko,Kaduna
kag11,Haggai Turba,2348056187740,Male,Kagarko,Kaduna
kag12,Sulaiman Ahmad Jibo,2349125447669,Male,Kagarko,Kaduna
kag13,Luka Danboyi,2348166186199,Male,Kagarko,Kaduna
kal12,Rahab Leonard,2349031427619,Female,Kaltungo,Gombe
kal13,Sabo Kumangh,2348031820012,Male,Kaltungo,Gombe
kal14,Hadiza Umar,2348026696263,Female,Kaltungo,Gombe
kal15,Rifkatu Ezra,2349022890246,Female,Kaltungo,Gombe
kal16,Joshua Luka,2347068420856,Male,Kaltungo,Gombe
kal17,Elizabeth Abubakar,2347041519174,Female,Kaltungo,Gombe
kal18,Zainab Buba,2349040121511,Female,Kaltungo,Gombe
kal19,Maryam Yusuf,2347080266618,Female,Kaltungo,Gombe
kau08,Aaron Chinyio,2348147668677,Male,Kaura,Kaduna
kau09,Luois Boman,2348033824743,Male,Kaura,Kaduna
kau10,David Gengel,2348134004294,Male,Kaura,Kaduna
kau11,Mageret Abraham Gandu,2348134196683,Female,Kaura,Kaduna
kau12,Happy Dauda Niyango,2347086095451,Female,Kaura,Kaduna
kau13,Sarah Kato,2348073807255,Female,Kaura,Kaduna
kau14,Titus John,2347036006496,Male,Kaura,Kaduna
kau15,Mercy Nicolas,2348092009411,Female,Kaura,Kaduna
kau16,Ibrahim Ya’u Mohammed,2348039702591,Male,Kaura,Kaduna
kau17,Esther Stephen Aboi,2349023213675,Female,Kaura,Kaduna
kds12,Zubairu Khalifa Galadima,2347033308579,Male,Kaduna South,Kaduna
kds13,Nuhu Dorathy,2348108122674,Female,Kaduna South,Kaduna
kea08,Alabi Mazah Felicia,2349017028580,Female,Keana,Nasarawa
kea09,Otonu Grace Idola,2348121899539,Female,Keana,Nasarawa
kea10,Sani Mohammed Wakas,2347037828963,Male,Keana,Nasarawa
kea11,Akor Tersur Micheal,2348169558399,Male,Keana,Nasarawa
kea12,Attah Timothy Yohanna,2347064872751,Male,Keana,Nasarawa
kea13,Asmau Jibrin Ogabo,2348035604073,Female,Keana,Nasarawa
kea14,Galadima Galadima Samuila,2348035097074,Male,Keana,Nasarawa
kea15,Mercy Jacob,2347034744179,Female,Keana,Nasarawa
kir01,Aisha Muhammad Idris,2347046987750,Female,Kiru,Kano
kir02,Khadija Rabiu Umar,2348087645045,Female,Kiru,Kano
kir03,Fa’iza Labaran Shehu,2348024092069,Female,Kiru,Kano
kir04,Samira Yusif Ishaq,2347067668679,Female,Kiru,Kano
kir05,Hauwau Shehu,2349073590937,Female,Kiru,Kano
kir06,Mustapha Muhammad Lawan,2348066345050,Male,Kiru,Kano
kir07,Sadiq Yusif Abdullahi,2347061809630,Male,Kiru,Kano
kir08,Sallau Mato,2347037855578,Male,Kiru,Kano
kir09,Jibrin Yau Idris,2347068739079,Male,Kiru,Kano
kir10,Badamasi Mustapha,2348035933012,Male,Kiru,Kano
kir11,Munira Bashir Muhammad,2347069429628,Female,Kiru,Kano
kir12,Hassana Isah Sani,2347087821409,Female,Kiru,Kano
kir13,Fati Mansur,2348105362582,Female,Kiru,Kano
kir14,Sani Ashahabu,2347035065214,Male,Kiru,Kano
kir15,Kabiru Alasan Kabiru,2348100844445,Male,Kiru,Kano
kir16,Mahmud Mukhtar,2348134520978,Male,Kiru,Kano
kir17,Sulaiman Aminu Tukur,2347038438348,Male,Kiru,Kano
kir18,Yusif Abdulmumini,2347010045815,Male,Kiru,Kano
kir19,Sharifudden Shafiu,2347033439431,Male,Kiru,Kano
kir20,Nazifi Murtala Idris,2348145285981,Male,Kiru,Kano
kir21,Rukayya Usman Kiru,2349038376376,Female,Kiru,Kano
kir22,Munzali Shuaibu Gargai,2347038192939,Male,Kiru,Kano
kuj01,Hadiza Mailafia,2348036444096,Female,Kuje,FCT
kuj02,Akanbi Oluwaseun Blessing,2348104546440,Female,Kuje,FCT
kuj03,Angela Ankyang,2348160030059,Female,Kuje,FCT
kuj04,Sunday Daniel Henry,2348030721395,Male,Kuje,FCT
kuj05,Oni Ronke Elizabeth,2348106301781,Female,Kuje,FCT
kuj06,Sati Mildred Sitkop,2349032777342,Female,Kuje,FCT
kum10,Ahmad Isyaku,2348032137438,Male,Kumbotso,Kano
kum11,Munnir Dahiru,2348039129430,Male,Kumbotso,Kano
kur01,Sadiya Abdulmudalib Sani,2349125438223,Female,Kura,Kano
kur02,Fatima Munkaila Iliyasu,2348105213315,Female,Kura,Kano
kur03,Maryam Muhammad Sale,2348140707045,Female,Kura,Kano
kur04,Jamila Labaran,2348100359203,Female,Kura,Kano
kur05,Saliha Ibrahim Abubakar,2347034545808,Female,Kura,Kano
kur06,Khadija Ibrahim,2349040313575,Female,Kura,Kano
kur07,Aisha Aliyu,2349028879442,Female,Kura,Kano
kur09,Muhammad Auwal Usman,2348102285911,Male,Kura,Kano
kur11,Hamza Yahaya Ismail,2349031960015,Male,Kura,Kano
kur12,Munzali Dahiru,2349049331220,Male,Kura,Kano
kur13,Yusuf Jibril Ishaq,2348061235041,Male,Kura,Kano
kur14,Aminu Jibril Isyaku,2348169949259,Male,Kura,Kano
kwa29,Sani Bello,,Male,Kwami,Gombe
kwl04,Ben Adeka,2348036161196,Male,Kwali,FCT
kwl05,Sadiq Alhassan,2348036341186,Male,Kwali,FCT
kwl06,Odusolu Samson,2347060630926,Male,Kwali,FCT
kwl07,Ajeh Anthony Adoyi,2349055842676,Male,Kwali,FCT
kwl08,Alabi Abubakar Omolowo,2348052256343,Male,Kwali,FCT
kwl09,Lubabatu Abdullahi Ebbo,2349168047693,Female,Kwali,FCT
kwl10,Isaac Samson,2347033604801,Male,Kwali,FCT
kwl11,Shuaibu Nafisat,2349161446572,Female,Kwali,FCT
kwl12,Ibrahim Adamu,2348031365168,Male,Kwali,FCT
kwl13,Abdullahi Muhammad Halimatusadiya,2347087169910,Female,Kwali,FCT
kwl14,Husseini Mustapha,2348060831806,Male,Kwali,FCT
labdemo,Labdemo Labdemo,,Male,Kwali,FCT
laf01,Martins Sani Bako,2347045188505,Male,Lafia,Nasarawa
laf02,Esther Anzaka,2348036118443,Female,Lafia,Nasarawa
laf03,Ovey Oliver Umbugadu,2348164179066,Male,Lafia,Nasarawa
laf04,Nankyer Isaac Dafel,2347067721142,Female,Lafia,Nasarawa
laf05,Joy Choji Ezekiel,2348146832373,Female,Lafia,Nasarawa
laf06,Angbashim Oklo Yerima,2348130286738,Male,Lafia,Nasarawa
laf07,Felix John Azaki,2348032484587,Male,Lafia,Nasarawa
laf08,Keren Simon,2349018969397,Female,Lafia,Nasarawa
laf09,Godsend Ashe Allega,2348062197069,Female,Lafia,Nasarawa
mak12,Joseph Odeh,2348162891645,Male,Makurdi,Benue
mak13,Tyowua Reuben Assamoga,2348061572481,Male,Makurdi,Benue
mak14,Tyozua Doochivir Patience,2347031679399,Female,Makurdi,Benue
mak15,Atoba Mvaaga Theresa,2349037239495,Female,Makurdi,Benue
mak16,Vande Terhile,2348060924598,Male,Makurdi,Benue
nin14,Hauwau Sabo Baba,2348069367679,Female,Ningi,Bauchi
nin15,Husaina Sabo,2347036374560,Female,Ningi,Bauchi
nin16,Muhammad Kaila,2347039564787,Male,Ningi,Bauchi
nin17,Adamu Abubakar Sadiq,2348055516261,Male,Ningi,Bauchi
nsg01,Awazi Ebenezer,2347033632645,Female,Nasarawa Eggon,Nasarawa
nsg02,Irene Nehemiah Enga,2348164105564,Female,Nasarawa Eggon,Nasarawa
nsg03,Abdullahi Sunusi Awuza,2348039570080,Male,Nasarawa Eggon,Nasarawa
nsg04,Hamza Musa Ope,2348160545419,Male,Nasarawa Eggon,Nasarawa
nsg05,Comfort Akpowu Audu,2347030158283,Female,Nasarawa Eggon,Nasarawa
nsg06,Kyauta Victor Ofun,2349154769011,Male,Nasarawa Eggon,Nasarawa
nsg07,Victor Nuhu,2348038825413,Male,Nasarawa Eggon,Nasarawa
nsg08,Attah Okolo Sylvester,2348133260682,Male,Nasarawa Eggon,Nasarawa
nsg09,Anthony Joel,2349123732583,Male,Nasarawa Eggon,Nasarawa
obi14,Amina Abdullahi,2349053341209,Female,Obi,Nasarawa
obi15,Igube Moses Agidi,2348037502394,Male,Obi,Nasarawa
obi16,Simon Ajeh,2348168592827,Male,Obi,Nasarawa
obi17,Zion Achala,2347035071458,Male,Obi,Nasarawa
obi18,Basira Ibrahim Samu,2349038781438,Female,Obi,Nasarawa
obi19,Isha Gamaliel Yege,2348034883422,Male,Obi,Nasarawa
obi20,Ayinda John Namo,2348034730246,Female,Obi,Nasarawa
obi21,Dominic Esson,2349064347850,Male,Obi,Nasarawa
oju09,Eriba Jackson Onah,2347037777946,Male,Oju,Benue
oju10,Agaba Friday,2347037876605,Male,Oju,Benue
oju11,Ogbodo Emmanuel O,2348169554047,Male,Oju,Benue
oju12,Ogebe Promise,2348107916189,Female,Oju,Benue
oju13,Ochi Sunday Ochim,2348038635509,Male,Oju,Benue
oju14,Uro Thomas Adagba,2348160338513,Male,Oju,Benue
oju15,Jonah Ngbede Gabriel,2349030253961,Male,Oju,Benue
ran01,Asiya Lawan Yunusa,2349061535239,Female,Rano,Kano
ran02,Zahara'u Muhammad,2348136476538,Female,Rano,Kano
ran03,Aisha Muhammad Kawu,2349064184725,Female,Rano,Kano
ran04,Baha'ura Abdulaziz,2348038708074,Female,Rano,Kano
ran05,Khadija Abdulaziz,2347030134756,Female,Rano,Kano
ran07,Maimuna Muhammad Kawu,2348169184672,Female,Rano,Kano
ran08,Aisha Kabiru,2349161763994,Female,Rano,Kano
ran09,Abba Isyaku Muhammd,2349167676928,Male,Rano,Kano
ran10,Abdullahi Ahmad,2348069649707,Male,Rano,Kano
ran11,Sulaiman Shuaibu Umar,2348108707026,Male,Rano,Kano
ran12,Ahmad Shehu,2347060484669,Male,Rano,Kano
ran13,Aminu Muhammad Kawu,2348077787778,Male,Rano,Kano
ran14,Ibrahim Muhammad Kawu,2348106249610,Male,Rano,Kano
rig02,Amira Salisu Ibrahim,2349072666185,Female,Rimin Gado,Kano
rig03,Suwaiba Uba Umar,2348123519893,Female,Rimin Gado,Kano
rig04,Binta Lawan,2348132313441,Female,Rimin Gado,Kano
rig05,Hajara Uba Umar,2348166625179,Female,Rimin Gado,Kano
rig06,Maimuna Yusuf Abubakar,2349124178923,Female,Rimin Gado,Kano
rig07,HAFSAT ABDULLAHI,2348038807395,Female,Rimin Gado,Kano
rig08,Sulaiman Uba,2347040847916,Male,Rimin Gado,Kano
rig09,Abba Aliyu Umar,2348069626563,Male,Rimin Gado,Kano
rig11,Aminu Habibu,2348030676353,Male,Rimin Gado,Kano
rig12,Abba Saminu,2349072625506,Male,Rimin Gado,Kano
rig14,Musbahu Sadisu Ibrahim,2348060133908,Male,Rimin Gado,Kano
rig15,Umar Bello Sulaiman,2348038567863,Male,Rimin Gado,Kano
rig16,Idris Ahmad,2348144553617,Male,Rimin Gado,Kano
rig17,ISYAKU IBRAHIM,2348131916749,Male,Rimin Gado,Kano
rin11,Abba Nura,2348069656894,Male,Ringim,Jigawa
rin12,Abba Isah,2347035648677,Male,Ringim,Jigawa
rin13,Jazuli Garba,2348063090116,Male,Ringim,Jigawa
rin14,Abubakar Mustapha,2349165865757,Male,Ringim,Jigawa
rin15,Mubarak Ubali,2348147327912,Male,Ringim,Jigawa
rin16,Usman Ya'u,2348166543976,Male,Ringim,Jigawa
rin17,Isah A Garba,2347068174771,Male,Ringim,Jigawa
rin18,Bilkisu Rabiu Hamza,2349069937638,Female,Ringim,Jigawa
rin19,Faiza Isah,2348106103831,Female,Ringim,Jigawa
rin20,Khadija Sani Usman,2348033214247,Female,Ringim,Jigawa
rin21,Zainab Kabiru,2348109587586,Female,Ringim,Jigawa
rin22,Safarau Hashim,2349168681890,Female,Ringim,Jigawa
rin23,Hadiya Shehu,2348163190268,Female,Ringim,Jigawa
rin24,Khadijah Aminu Usman,2349035874490,Female,Ringim,Jigawa
rin25,Safiyanu A Zangina,2347037105488,Male,Ringim,Jigawa
rin26,Isah Yahaya,2347039599183,Male,Ringim,Jigawa
rin27,Ali Usman,2348100235047,Male,Ringim,Jigawa
rin28,Abdulrazak Shuaibu,2348027882040,Male,Ringim,Jigawa
sab01,Angelina Akok,2347031515689,Male,Sabon Gari,Kaduna
sab02,Khadija Sani,2348162020716,Male,Sabon Gari,Kaduna
sab03,Khadija Umar,2349074754726,Female,Sabon Gari,Kaduna
sab05,Amina M. Nazir,2348106998098,Female,Sabon Gari,Kaduna
sab06,Zainab Ahmed,2347061416052,Female,Sabon Gari,Kaduna
sab07,Naziru Yusuf,2347033402159,Female,Sabon Gari,Kaduna
sab08,Isah Suleiman,2348069185594,Male,Sabon Gari,Kaduna
sab09,Hussaini Muhd Sale,2347035713757,Male,Sabon Gari,Kaduna
sab10,Muhammad Hashim,2347038212308,Male,Sabon Gari,Kaduna
sab11,Suleiman Ibrahim,2347032280481,Female,Sabon Gari,Kaduna
sab12,Suleiman I. Suleiman,2347044575755,Female,Sabon Gari,Kaduna
sab13,Abubakar Umar Farouq,2348032770831,Male,Sabon Gari,Kaduna
sab14,Nazifi Yusuf,2348037461794,Male,Sabon Gari,Kaduna
sab15,Muhammad Malam,2348133841036,Male,Sabon Gari,Kaduna
sab16,Jamilu Idris Adamu,2348037327213,Male,Sabon Gari,Kaduna
sha01,Christopher Lawaya Nabake,2347031544617,Male,Shangom,Gombe
sha02,Gabriel Jonathan,2348068240345,Male,Shangom,Gombe
sha03,Cherish Shakwalo Chechera,2347063964270,Female,Shangom,Gombe
sha04,Maryam Haruna,2348162218559,Female,Shangom,Gombe
sha05,Jennifa Danladi,2348105545005,Female,Shangom,Gombe
sha06,Dantala Jonathan,2349032338224,Male,Shangom,Gombe
taf02,Mobgudi Bomboy Maiduka,2349059618675,Female,Tafawa Balewa,Bauchi
taf03,Saidu Isah Muhammad,2348068646551,Male,Tafawa Balewa,Bauchi
taf04,Zakari Saleh,2348101135639,Male,Tafawa Balewa,Bauchi
taf05,Aminu Ibrahim,2347068989876,Male,Tafawa Balewa,Bauchi
tar01,Ayoo Nguveren,2348134185249,Female,Tarkaa,Benue
tar02,Achimba Nguemo Jennifer,2348066759128,Female,Tarkaa,Benue
tar03,Torsai Prscilla Anauma,2348066547627,Female,Tarkaa,Benue
tar04,Nyitar Jack,2348102259275,Male,Tarkaa,Benue
tar05,Onimkpa John Paul,2348036350986,Male,Tarkaa,Benue
tar06,Gbor Ikuma Victoria,2348163628661,Female,Tarkaa,Benue
tar07,Akemeh Robert Terkuma,2347066009550,Male,Tarkaa,Benue
tau19,Khadija Ibrahim Ubale,2348126757861,Female,Taura,Jigawa
tau20,Ismail Ibrahim,2348027030851,Male,Taura,Jigawa
tau21,Garba Garba Kiri,2348062372113,Male,Taura,Jigawa
tau22,Shuaibu Shehu,2347032598723,Male,Taura,Jigawa
tau23,Ahmed Usman,2347026811409,Male,Taura,Jigawa
tau24,Jamila Nasiru,2349013404109,Female,Taura,Jigawa
tau25,Usman Mustapha,2348089034968,Male,Taura,Jigawa
tau26,Nana Mohammed,2348084211156,Female,Taura,Jigawa
tau27,Zainab Mohammed,2348033515669,Female,Taura,Jigawa
tau28,Umar Ibrahim,234032134786,Male,Taura,Jigawa
tau29,Bashari Idris,2347061705079,Male,Taura,Jigawa
testsuper,testsuper testsuper,,Male,Ikara,Kaduna
testuser1,testuser1 testuser1,,Female,Ikara,Kaduna
tof69,Jabir Shuaibu Tofa,2348162563327,Male,Tofa,Kano
tof71,Sulaiman Yusuf Tofa,2347035937393,Male,Tofa,Kano
tof72,Fatihu Sani Ibrahim,2349067347076,Male,Tofa,Kano
tor02,Abubakar Mubarak,2348030741060,Male,Toro,Bauchi
tor03,Muhammad Umar,2348026793256,Male,Toro,Bauchi
tor04,Farida Aminu,2348035654947,Female,Toro,Bauchi
tor05,Abubakar Adamu,2347030741060,Male,Toro,Bauchi
tun01,Aisha Basiru Sani,2349029681734,Female,Tudun Wada,Kano
tun02,Zainab Bashir,2349161263640,Female,Tudun Wada,Kano
tun03,Hajara Ya’U,2349139119524,Female,Tudun Wada,Kano
tun04,Sa'Adatu Dahiru Haris,2348149195287,Female,Tudun Wada,Kano
tun05,Fatima Saleh Ibrahim,2348064758730,Female,Tudun Wada,Kano
tun07,Aisha Ahmad,2347032554769,Female,Tudun Wada,Kano
tun08,Nafisa Yunus Usman,2347038040626,Female,Tudun Wada,Kano
tun09,Asma'U Mu'Azu Adam,2347041144715,Female,Tudun Wada,Kano
tun11,Aisha Aliyu Muhammad,2348169546844,Female,Tudun Wada,Kano
tun12,Jamila Salisu,2349064356606,Female,Tudun Wada,Kano
tun13,Abubakar Auwal,2349134411119,Male,Tudun Wada,Kano
tun14,Nasir Muhammad Lawan,2347037589436,Male,Tudun Wada,Kano
tun15,Anas Alhaji Muhammad,2349165753858,Male,Tudun Wada,Kano
tun17,Usman Adam Idris,2347063674725,Male,Tudun Wada,Kano
tun18,Shamsuddeen Muhammad Lawan,2348063979284,Male,Tudun Wada,Kano
tun19,Usman Yahaya,2347061581036,Male,Tudun Wada,Kano
tun20,Aminu Abdullahi,2348147929750,Male,Tudun Wada,Kano
tun21,Sulaiman Abdulkadir,2347035754592,Male,Tudun Wada,Kano
tun22,Anas Yahaya Lawan,2348030921305,Male,Tudun Wada,Kano
tun23,Hafizu Haruna,2349031935904,Male,Tudun Wada,Kano
tun24,Ibrahim Abdullahi Yarima,2348132875577,Male,Tudun Wada,Kano
tun25,Muhammad Tijjani Abdullahi,2349064626221,Male,Tudun Wada,Kano
tun26,Idris Ibrahim Yakubu,2347063997227,Male,Tudun Wada,Kano
tun27,Ibrahim Muhammad Sa’Ad,2348135039337,Male,Tudun Wada,Kano
tun28,ISAH ABDULLAHI,2347045906419,Male,Tudun Wada,Kano
tun29,Abubakar Sabo Muhamad,2348100918361,Male,Tudun Wada,Kano
tun30,Abdurrahman Bala,2347044404120,Male,Tudun Wada,Kano
tun31,Ali Ibrahim Dahiru,2348032140258,Male,Tudun Wada,Kano
tun32,Abubakar Tasiu,2349044858175,Male,Tudun Wada,Kano
tun33,Rukayya Haladu Rabiu,2348064658961,Female,Tudun Wada,Kano
war03,Shasuddeen Ishaq,2348168629908,Male,Warji,Bauchi
war04,Bindi Ibrahim Johnathan,2348168889059,Male,Warji,Bauchi
war05,Maryam Nadumi,2348108992626,Female,Warji,Bauchi
yls01,Goodness Haruna,2347065373240,Female,Yola South,Adamawa
yls02,Rahila Kwakwai Jimmy,2348167405588,Female,Yola South,Adamawa
yls03,Ishaq Babayo Mohammed,2348058570469,Male,Yola South,Adamawa
yls04,Abraham Dennis,2348034698310,Male,Yola South,Adamawa
yls05,Larai Sini Tumba,2348137903731,Female,Yola South,Adamawa
yls06,Farida Iya Adamu,2347038949979,Female,Yola South,Adamawa
yls07,Chidimma P. Njoku,2349036413551,Male,Yola South,Adamawa
yls08,Murtala Hammanjoda,2348036078370,Male,Yola South,Adamawa
zan21,Salomi Silas,2348137762749,Female,Zangon Kataf,Kaduna
zan22,Celina Bitrus Joshua,2347039664347,Female,Zangon Kataf,Kaduna
zan23,Mary David,2348135765279,Female,Zangon Kataf,Kaduna
zan24,Anita Jolly,2349154297814,Female,Zangon Kataf,Kaduna
zan25,David Bethel Fremimah,2348167508101,Female,Zangon Kataf,Kaduna
zan26,Bature Salama,2348058703038,Female,Zangon Kataf,Kaduna
zan27,Nehemiah Sule,2347039491007,Male,Zangon Kataf,Kaduna
zan28,Moses Jones,2348135765279,Male,Zangon Kataf,Kaduna
zan29,Idris Abudullahi,2348063646014,Male,Zangon Kataf,Kaduna
zan30,Gideon Gajere,2349021029779,Male,Zangon Kataf,Kaduna
zan31,Ayuba Thaddeus,2348039434079,Male,Zangon Kataf,Kaduna
zan32,Emmanuel Bala Dangana,2348029191682,Male,Zangon Kataf,Kaduna
zar01,Khadija Lami Suleiman,2348030448658,Female,Zaria,Kaduna
zar02,Amina Muhammad Sale,2347069158720,Female,Zaria,Kaduna
zar03,Rahina Muhammad Saleh,2348036442304,Female,Zaria,Kaduna
zar04,Abdullahi Sulaiman,2347046787276,Male,Zaria,Kaduna
zar05,Zuwaira Bature,2348106607963,Female,Zaria,Kaduna
zar06,Saratu Suleiman,2348101050943,Female,Zaria,Kaduna
zar07,Saudatu Muhammad,2347036563346,Female,Zaria,Kaduna
zar08,Amina Mustapha,2349030296084,Female,Zaria,Kaduna
zaria,zaria zaria,,Male,Zaria,Kaduna
ama01,Elizabeth Ndak,2348130458856,Female,Amac,FCT
ama02,Dzer Victor,2347034633820,Male,Amac,FCT
ama03,Ikande Monday,2348063058933,Male,Amac,FCT
ama05,Favour Doom Felix,2347066347462,Female,Amac,FCT
ama06,Biem Ruth Msendoo,2348164099541,Female,Amac,FCT
ama07,Mary Joshua,2348168745757,Female,Amac,FCT
ama08,Oyindamola Olanrewaju,2348037701753,Female,Amac,FCT
ama09,Kaduma Christiana,2347062403493,Female,Amac,FCT
ama10,Dorcas O. Rotimi,2348163592835,Female,Amac,FCT
ama11,Benneth C. Grace,2348062797090,Female,Amac,FCT
ama12,Bako Micah,2348030472071,Male,Amac,FCT
ama13,Precious Ene Ujah,2349038464050,Female,Amac,FCT
ama15,Ebiega Annya Rhoda,2348073066474,Female,Amac,FCT
ama17,Alabi Francis,2348139675453,Male,Amac,FCT
ama18,Onogwu Anne E.,2348136170913,Female,Amac,FCT
ama19,Benjamin Edeh,2348039737215,Male,Amac,FCT
ama20,Abdul Blessing,2348025094558,Female,Amac,FCT
ama21,Yunusa Grace,2348086809863,Female,Amac,FCT
ama23,Shamaki Samson,2347061615454,Male,Amac,FCT
ama26,Odekina Dabbrats O.,2347034564277,Female,Amac,FCT
ama27,Blessing Levi,2348062105265,Female,Amac,FCT
ama28,Moses Josephine,2349068867754,Female,Amac,FCT
ama29,Abu Moses,2347066904637,Male,Amac,FCT
ama30,Abigail Yusuf,2348036354108,Female,Amac,FCT
ama34,Blessing Baba,2348055884120,Female,Amac,FCT
ama37,Balaraba Umar,2348036442685,Female,Amac,FCT
ama39,Mathew Yeminya James,2347081889461,Male,Amac,FCT
awe01,Ochayi A. James,2348110771877,Male,Awe,Nasarawa
awe02,Rakiya Musa Aliyu,2347083650053,Female,Awe,Nasarawa
awe03,Mustapha Ibrahim,2348020975729,Male,Awe,Nasarawa
awe04,Tanko Ibrahim Abu,2348080327395,Male,Awe,Nasarawa
awe05,Adams Mohammed Otuwose,2348036433402,Male,Awe,Nasarawa
awe06,Levi Kachii Terhemba,2348032529175,Male,Awe,Nasarawa
awe07,Abubakar Musa,2348039162006,Male,Awe,Nasarawa
awe50,Rakiya Musa Aliyu,2348160048949,Female,Awe,Nasarawa
awe51,Abubakar Musa,2348039162006,Male,Awe,Nasarawa
awe52,Ochayi A. James,2348110771877,Male,Awe,Nasarawa
bag02,Hajara Ibrahim Muhammad,2348144461955,Female,Bagwai,Kano
bag03,Rabiu Mansur Bagwai,2347062734262,Male,Bagwai,Kano
bag07,Yusuf Sunusi Yusuf,2347030493716,Male,Bagwai,Kano
bag08,Nura Mukhtar Mansur,2347037118386,Male,Bagwai,Kano
bal02,Monica Yahaya Calto,2348036180972,Female,Balanga,Gombe
bal03,Victoria Muhammad,2347037276111,Female,Balanga,Gombe
bal04,Ukasha Umar,2349066112764,Female,Balanga,Gombe
bal05,Ibrahim Bulus,2347030773611,Male,Balanga,Gombe
bal06,Unako S. Sodu,2348107975361,Female,Balanga,Gombe
bal07,Garba Nuhu,2349030135607,Male,Balanga,Gombe
bal08,Betty Bulus,2348132902105,Female,Balanga,Gombe
bal09,Rifkatu Sale,2347080931809,Female,Balanga,Gombe
bal11,Mariya Dauda,2348025317267,Female,Balanga,Gombe
bal12,Yusuf Derge,2348165899524,Male,Balanga,Gombe
bal13,Danbaki Ayuba Ibrahim,2348103548447,Male,Balanga,Gombe
bal14,Mustapha Samaila Jashi,2348064574892,Male,Balanga,Gombe
bal15,Iliya Simon Garka,2349056811007,Male,Balanga,Gombe
bal16,Helen Joshua Bilwa,2348067635115,Female,Balanga,Gombe
bal17,Eglah Sina,2348081818036,Male,Balanga,Gombe
bal18,Ronas Plato,2349060701342,Male,Balanga,Gombe
bal19,Idris Abubakar,2348020787826,Male,Balanga,Gombe
balanga01,Unnaka Sodu,2348107975361,Female,Balanga,Gombe
balanga02,Nahemeia Cecilia Punchak,2349032209724,Female,Balanga,Gombe
balanga03,Betty Bulus,2348132902105,Female,Balanga,Gombe
balanga04,Monica Yaro Caltho,2348036180972,Female,Balanga,Gombe
bar01,Dauda Happy Nyango,2348103698775,Female,Barkin Ladi,Plateau
bar02,Felicia Badung Musa,2348162260728,Female,Barkin Ladi,Plateau
bar03,Jennifer Sylvester,2347032199446,Female,Mangu,Plateau
bar04,Rebecca Alfred Gyang,2347036891233,Female,Barkin Ladi,Plateau
bar05,Louis Kambai Boman,2348033824743,Male,Barkin Ladi,Plateau
bar06,Patric Ezekiel Choji,2347031576032,Male,Barkin Ladi,Plateau
bar07,Stella Yakubu Wash,2348064717914,Female,Barkin Ladi,Plateau
bar08,Deborah Kumbo Atsen,2347032147544,Female,Barkin Ladi,Plateau
bar09,Mercy Bala Hyacienth,2347088644462,Female,Barkin Ladi,Plateau
bar10,Fom-kim Haruna Loze,2348134528249,Female,Barkin Ladi,Plateau
basesup1,Yahaya Yusuf,,Male,Ringim,Jigawa
basesup2,Jonah Tony,,Male,Taura,Jigawa
basesup3,Cham D Yakubu,,Male,Gombe,Gombe
bau01,Hauwa'u Muhammad,2347060894262,Female,Bauchi,Bauchi
bau02,Hadiza Usman,2349028672948,Female,Bauchi,Bauchi
bau03,Maryam Sulaiman,2348168633154,Female,Bauchi,Bauchi
bau04,Aisha Adamu,2348035801658,Female,Bauchi,Bauchi
bau05,Muhammad Idris,2348162899235,Male,Bauchi,Bauchi
bau06,Absalon John,2347063894316,Male,Bauchi,Bauchi
bau07,Nurudden H Babaji,2348058874003,Male,Bauchi,Bauchi
bau08,Shafiu Haladu,2348088713493,Male,Bauchi,Bauchi
bauchi,bauchi bauchi,,Male,Deba,Bauchi
bauchi01,Hauwa Muhammad,2349060945028,Female,Bauchi,Bauchi
bauchi02,Absalon John,2347063894316,Male,Bauchi,Bauchi
bauchi03,Maryam Aliyu,2348168633154,Female,Bauchi,Bauchi
bauchi04,Muhammad Idris,2348162899235,Male,Bauchi,Bauchi
beb01,Rafa'Atu G. Salis,2348036518409,Female,Bebeji,Kano
beb02,Maimuna Ahmad Ladan,2348134690407,Female,Bebeji,Kano
beb04,Rahama Ahmad,2347073576017,Female,Bebeji,Kano
beb05,Maimuna Abdullahi,2348136099194,Female,Bebeji,Kano
beb09,Zulai Hassan,2348084716009,Female,Bebeji,Kano
beb12,Talatuwa Aminu,2348068230518,Female,Bebeji,Kano
beb13,Aisha Suleh,2348032409578,Female,Bebeji,Kano
beb14,Jamila Tasiu,2349134559601,Female,Bebeji,Kano
beb15,Murja Sani,2348167122977,Female,Bebeji,Kano
beb16,Bilkisu Nabahani,2347033578989,Female,Bebeji,Kano
beb18,Aisha Abubakar,2349064464516,Female,Bebeji,Kano
beb19,Rahanatu Umar,2348034166803,Female,Bebeji,Kano
beb21,Hauwa Shuaibu,2348037397454,Female,Bebeji,Kano
beb22,Zainura Garba,2349136990421,Female,Bebeji,Kano
beb23,Sadiya Abubakar,2348128240369,Female,Bebeji,Kano
beb24,Shukura Ashahabu,2349069749286,Female,Bebeji,Kano
beb25,Hamdiyya Labaran,2349065521886,Female,Bebeji,Kano
beb26,Zainura Shehu,2349034397738,Female,Bebeji,Kano
beb27,Habiba Hamza,2348149247119,Female,Bebeji,Kano
beb28,Saudat Musa,2349035238126,Female,Bebeji,Kano
beb29,Harira Abubakar,2348064447595,Female,Bebeji,Kano
beb31,Umma Bala,2349018161492,Female,Bebeji,Kano
beb33,Kabiru Musa,2348066186351,Male,Bebeji,Kano
beb34,Nasidi Ali,2347061576361,Male,Bebeji,Kano
beb35,Hamisu Ibrahim,2348137079948,Male,Bebeji,Kano
beb36,Abbas Dauda,2348132927115,Male,Bebeji,Kano
beb37,Basiru Musa,2347031685665,Male,Bebeji,Kano
beb38,Abdulmalik Haruna Yusuf,2348069147963,Male,Bebeji,Kano
beb39,Abdulkadir Nasiru Abdul,2348163854138,Male,Bebeji,Kano
beb40,Labaran Mukhtar,2347038349811,Male,Bebeji,Kano
beb41,Rabi'U Saidu,2347063888800,Male,Bebeji,Kano
beb42,Zaidu Murtala,2348123335610,Male,Bebeji,Kano
beb43,Muhammad Auwal Shuaibu,2347036373199,Male,Bebeji,Kano
beb44,Tasiu Mustapha,2348036569431,Male,Bebeji,Kano
beb45,Khadija Aliyu,2347068781032,Male,Bebeji,Kano
bebeji01,Hauwa Shuaibu,2348037397454,Female,Bebeji,Kano
bebeji02,Sadiya Umar,2348066220055,Female,Bebeji,Kano
bebeji03,Rahama Ahmad,2349073576015,Female,Bebeji,Kano
bebeji04,Zulai Hassan,2348169832641,Female,Bebeji,Kano
bok01,Musa Solomon Digga,2347026684111,Male,Bokkos,Plateau
bok02,Bitti Moses Azachi,2347062870501,Male,Bokkos,Plateau
bok03,Choji Alexander Dahwol,2347066267233,Male,Bokkos,Plateau
bok04,Musa Anthony,2348068078256,Male,Bokkos,Plateau
bok05,Nankham Solomon Vungmo,2347069604568,Male,Bokkos,Plateau
bok06,John Dung Manu,2349068382801,Male,Bokkos,Plateau
bok07,Gloria Na'Ankang Dakogol,2347035975285,Female,Bokkos,Plateau
bok08,Paulina Joel Ahmadu,2349033073390,Female,Bokkos,Plateau
buj01,Arab Sabo Aujara,2348036568105,Male,Buji,Jigawa
buj02,Mustapha Bashir Ahmad,2348065654328,Male,Buji,Jigawa
bun01,Amina Yau Aliyu,2348068367191,Female,Bunkure,Kano
bun08,Rahama Iliyasu,2348135225831,Female,Bunkure,Kano
bun10,Azizat Mahmud Musa,2348063489225,Female,Bunkure,Kano
bun13,Hafsat Aminu Adam,2348144989895,Female,Bunkure,Kano
bun15,Sani M. Hudu,2347039994037,Male,Bunkure,Kano
bun19,Abduljalil Saleh Alhassan,2348102942860,Male,Bunkure,Kano
bwa01,Benita Biya Paul,2347039085017,Female,Bwari,FCT
bwa02,Fain Hannah,2348108875611,Female,Bwari,FCT
bwa05,Afiniki Fen,2347033667513,Female,Bwari,FCT
bwa06,Tauhid Ndafogi,2348052808837,Male,Bwari,FCT
bwa07,Aremu Samson,2348065704537,Male,Bwari,FCT
bwa09,Ibrahim Mohammad,2348154785578,Male,Bwari,FCT
bwa10,Flowrence Okonkwo,2348057445535,Female,Bwari,FCT
bwa11,Enoba Anthonia,2348036554776,Female,Bwari,FCT
bwa12,Muhammed Nafisatu,2349076353041,Female,Bwari,FCT
bwa13,Adebayo Mariam Damilola,2347051392867,Female,Bwari,FCT
bwa14,Happiness Gideon,2347033253968,Female,Bwari,FCT
bwa15,Oluwatosin Janet Olosunde,2348069632339,Female,Bwari,FCT
bwa16,Fen Gweymn Caphas,2348141993517,Male,Bwari,FCT
bwa17,Mustapha Okanlawon Rafiu,2348032827976,Male,Bwari,FCT
bwa18,Naomi Haruna,2347032668227,Female,Bwari,FCT
bwari01,Fain Hannah,2348108875611,Female,Bwari,FCT
bwari02,Glory Peter,2348064665593,Female,Bwari,FCT
bwari03,Innocent Made,2348133541413,Male,Bwari,FCT
bwari04,Cham D Yakubu,2348061616555,Male,Bwari,FCT
chk01,Patience Lahu,2348034040867,Female,Chikun,Kaduna
chk02,Gladys Bala,2348160094949,Female,Chikun,Kaduna
chk03,Rita Innocent,2349024113912,Female,Chikun,Kaduna
chk04,Reuben Samson,2348037718191,Male,Chikun,Kaduna
chk05,Omonigho Peace,2348092680273,Female,Chikun,Kaduna
chk06,Jenif Jesunyi Jonathan,2348146613148,Male,Chikun,Kaduna
chk07,Dinah Daniel,2348035992902,Female,Chikun,Kaduna
chk08,Heimen Joshua,2348086533911,Female,Chikun,Kaduna
chk09,Charles Maigida,2348069460518,Male,Chikun,Kaduna
chk10,Godiya Shok,2349022220611,Female,Chikun,Kaduna
chk11,Musa Monday Yagwan,2349023639889,Male,Chikun,Kaduna
chk12,Gladys Godiya Shok,2349094615665,Female,Chikun,Kaduna
chk13,Hannatu John,2347061176401,Female,Chikun,Kaduna
dad03,Juliana Jacob,2349012391387,Female,Dadinkowa,Gombe
das01,Adamu Aliyu,2348029085307,Male,Dass,Bauchi
das02,Abdullahi Musa Bunu,2348083741637,Male,Dass,Bauchi
das03,Fatima Abdulmadir,2347084833770,Female,Dass,Bauchi
das04,Asabe Muhammad,2349126149558,Female,Dass,Bauchi
das06,Damaris Kasai,2349038691156,Female,Dass,Bauchi
data04,Ese Solomon,2348168338302,Female,Jos South,Plateau
data06,Nissi Ezekiel,2348147184780,Female,Jama'a,Kaduna
deb01,Juliana Jacob,2348112853877,Female,Deba,Gombe
deb02,Danladi Saminu Sarki,2348092775056,Male,Deba,Gombe
deb03,Deborah Kefas,2348147333315,Female,Deba,Gombe
deb04,Aishat Ibrahim,2349133122223,Female,Deba,Gombe
deb05,Habiba A. Idris,2349063106988,Female,Deba,Gombe
deb06,Israel B. Shamaki,2348062674166,Male,Deba,Gombe
deb07,Abubakar Hamisu,248133411673,Male,Deba,Gombe
deba01,Juliana Jacob,2348112853877,Female,Deba,Gombe
deba02,Ukasha Umar,2349066180972,Male,Deba,Gombe
deba03,Abraham Bulus,2347030773611,Male,Deba,Gombe
deba04,Muhammad Idris,2348162899235,Male,Deba,Gombe
dom01,Yahuza Yakubu,2348065744155,Male,Doma,Nasarawa
dom02,Ibrahim Yusuf Liman,2348039608152,Male,Doma,Nasarawa
dom03,Lami Zara Iliya,2349079653875,Female,Doma,Nasarawa
dom04,Abari Adi,2348069631232,Male,Doma,Nasarawa
dom05,Osabo Kasimu Hussaini,2347068721296,Male,Doma,Nasarawa
dom06,Victoria D Ogoshi,2348177638037,Female,Doma,Nasarawa
dom07,Maryam Jibrin,2348104355079,Female,Doma,Nasarawa
doma01,Victoria D. Ogoshi,2349042802886,Female,Doma,Nasarawa
doma02,Osabo Kasimu Hussaini,2347068721296,Male,Doma,Nasarawa
doma03,Lami Zara Iliya,2348038877153,Female,Doma,Nasarawa
e-obi1,Sebastine James,2348035692282,Male,Obi,Nasarawa
enum1,Enumerator Enumerator,,Male,Bauchi,Bauchi
gan01,Ado Bala,2347060851495,Male,Ganjuwa,Bauchi
gan02,Salamatu J Bindi,2348089381549,Female,Ganjuwa,Bauchi
gan03,Gaji Gaya,2348169146560,Female,Ganjuwa,Bauchi
gan04,Asabe Ladan,2348142390089,Female,Ganjuwa,Bauchi
gan05,Abubakar Lawan,2348030718633,Male,Ganjuwa,Bauchi
gan06,Suwaiba A Sale,2348031149849,Female,Ganjuwa,Bauchi
gan07,Shehu Iliyasu,2348036199977,Male,Ganjuwa,Bauchi
ganjuwa01,Damaris Kasai,2349038691156,Female,Ganjuwa,Bauchi
ganjuwa02,Salamtu J. Bindi,2348089381549,Female,Ganjuwa,Bauchi
ganjuwa03,Suwaiba A. Sale,2348031249849,Female,Ganjuwa,Bauchi
ganjuwa04,Adamu Muhammad Ibrahim,2347060851495,Male,Ganjuwa,Bauchi
garrum01,Zulaihat Hassan,2348169832641,Female,Garun Mallam,Kano
garrum02,Harira Musa,2348064447595,Female,Garun Mallam,Kano
garrum03,Ibrahim Abubakar saddik,2348069082333,Male,Garun Mallam,Kano
garrum04,Iliyasu Sale Alhassan,2347068588543,Male,Garun Mallam,Kano
gmb01,Petuniya Kefas,2348036425662,Female,Gombi,Adamawa
gmb02,Jerry Ali,2347035996869,Male,Gombi,Adamawa
gmb03,Allen Rosemary Kachalla,2347066551219,Female,Gombi,Adamawa
gmb04,Shadrach Wesley,2348125151463,Male,Gombi,Adamawa
gmb05,Serah T. Bulus,2348142993700,Female,Gombi,Adamawa
gmb06,Gift Joseph,2348142078858,Female,Gombi,Adamawa
gmb07,Lilian Z. Helwa,2348060808741,Female,Gombi,Adamawa
gmb08,Hauwa Bello,2347036081296,Female,Gombi,Adamawa
gmb09,Auwal Jauro,2347033912066,Male,Gombi,Adamawa
gmb10,Joy Kennedy,2348063534375,Female,Gombi,Adamawa
gmb11,Alfred Wilberforce,2347065012867,Male,Gombi,Adamawa
gmb12,Mercy Lucas Bamidele,2347066522988,Female,Gombi,Adamawa
gmb13,Zahrau Mohammed,2349030339273,Female,Gombi,Adamawa
gmb14,Hadiza Abba,2347068983723,Female,Gombi,Adamawa
gmb15,Blessing Ahmed,2348038426716,Female,Gombi,Adamawa
gmb16,Raphael Jackson,2349023201342,Male,Gombi,Adamawa
gmb17,Kabir Adamu,2348034663891,Male,Gombi,Adamawa
gmb18,Benjamin Kachalla Allen,2347064396712,Male,Gombi,Adamawa
gmm01,Karimatu Aliyu Idris,2348065642562,Female,Garun Mallam,Kano
gmm02,Maimuna Murtala,2347049206994,Female,Garun Mallam,Kano
gmm03,Khadija Sulaiman,2348147083704,Female,Garun Mallam,Kano
gmm04,Khadija Dahiru,2348138365037,Female,Garun Mallam,Kano
gmm05,Maryam Aliyu,2347061487788,Female,Garun Mallam,Kano
gmm06,Dayyabu Abubakar,2348037557363,Male,Garun Mallam,Kano
gmm07,Aminu Hamza,2349066893122,Male,Garun Mallam,Kano
gmm08,Fatima Alhassan,2347026506507,Female,Garun Mallam,Kano
gmm09,Alhassan Jaafar Said,2348166160250,Male,Garun Mallam,Kano
gmm10,Ibrahim Saminu,2347038170933,Male,Garun Mallam,Kano
gmm12,Sadiya Bala Ibrahim,2348063717171,Female,Garun Mallam,Kano
gmm13,Khadija Yusuf,2349166646311,Female,Garun Mallam,Kano
gmm14,Khairat Auwal,2349022858052,Female,Garun Mallam,Kano
gmm15,Suwaid Aliyu,2349065538757,Male,Garun Mallam,Kano
gmm16,Yusuf Muhammad Inuwa,2347034528449,Male,Garun Mallam,Kano
gmm17,Samauddeen Aliyu,2347062607461,Male,Garun Mallam,Kano
gmm18,Aminu Sani Suleiman,2347035582103,Male,Garun Mallam,Kano
gmm19,Iliyah Saleh Alhassan,2347068588543,Male,Garun Mallam,Kano
gmm20,Ummukulseem Salisu,2349023634012,Female,Garun Mallam,Kano
gmm21,Ummusalama A Zadani,2349063416868,Female,Garun Mallam,Kano
gmm22,Haulatu Shuaibu,23408143944415,Female,Garun Mallam,Kano
gmm23,Akilatu Ahmad,23408105535505,Female,Garun Mallam,Kano
gmm24,Farida Muhammed,23409036693789,Female,Garun Mallam,Kano
gmm25,Zainura Sulaiman,23407060546664,Female,Garun Mallam,Kano
gmm26,Khadija Maawuyya,23409066068758,Female,Garun Mallam,Kano
gmm27,Zainab Ahmad Shafiu,23407085004743,Female,Garun Mallam,Kano
gmm28,Farida Muhammad,23409036693788,Female,Garun Mallam,Kano
gmm29,Rabi Abdullahi,23408106334743,Female,Garun Mallam,Kano
gmm30,Ummu Salama Bala,23407037812332,Female,Garun Mallam,Kano
gmm31,Aisha Shuaibu,23408062341919,Female,Garun Mallam,Kano
gmm32,Karimatu Adam,23407035179944,Female,Garun Mallam,Kano
gmm34,Maryam Balarabe,23408064234228,Female,Garun Mallam,Kano
gmm35,Abdul Lawan,2340703539452,Male,Garun Mallam,Kano
gmm36,Yusuf Muhammad,23408140721180,Male,Garun Mallam,Kano
gmm37,Salisu Falalu,2340706220267,Male,Garun Mallam,Kano
gmm38,Abubakar Yusuf,23407038531908,Male,Garun Mallam,Kano
gmm40,Saifullahi Lawan,23409068094181,Male,Garun Mallam,Kano
gmm41,Sagir Abubakar,23408032565480,Male,Garun Mallam,Kano
gmm42,Ibrahim Abubakar,23407082605293,Male,Garun Mallam,Kano
gmm44,Baba A. Yaro,2348140971829,Male,Garun Mallam,Kano
gmm45,Zulhairu Danladi,2348175501107,Male,Garun Mallam,Kano
gmm46,Abdurrahman Yusif,23408036038537,Male,Garun Mallam,Kano
gmm47,Ummi Lawal,23407060700303,Female,Garun Mallam,Kano
gmm57,Makina Abdullahi Yusuf,2348067844591,Female,Garun Mallam,Kano
gmm62,Ibrahim Abubakar Sadik,2348069082333,Male,Garun Mallam,Kano
gmm63,Abdussamad Abdurra'uf,2349163929274,Male,Garun Mallam,Kano
gom01,Regina Sage Sodu,2348030624113,Male,Gombe,Gombe
gom02,Adamu Musa Okonkwo,2348039527976,Male,Gombe,Gombe
gom03,Umar Tilde,2348034427428,Male,Gombe,Gombe
gombe,gombe gombe,,Male,,Gombe
gombi01,Jerry Ali Bwala,2347065012867,Male,Gombi,Adamawa
gombi02,Rosemary Allen Kachalla,2347066551219,Female,Gombi,Adamawa
gombi03,Joy Kennedy,2348063534375,Female,Gombi,Adamawa
gum01,Genesis Bagidi,2348131942556,Male,Guma,Benue
gum02,Juilet Aperegh,2347039009750,Female,Guma,Benue
gum03,"Nyitar, Terpase Jason",2348107955816,Male,Guma,Benue
gum04,Omanga Hankuli Patience,2348067983023,Female,Guma,Benue
gum05,Wua Abigail Iwueseter,2348122248567,Female,Guma,Benue
gum06,Achiv Reuben Ayange,2348062935568,Male,Guma,Benue
gwa01,Solomon Orokpo,2348169698463,Male,Gwagwalada,FCT
gwa07,Ikediashi Daniel,2348117919667,Male,Gwagwalada,FCT
gwa08,Ukamaka Okugbo,2347037571172,Female,Gwagwalada,FCT
gwagwa01,Elizabeth Ndak,2348130458856,Female,Gwagwalada,FCT
gwagwa02,Dorathy Hyet,2348107741666,Female,Gwagwalada,FCT
gwe01,Adamu Terseer Clifford,2348123220607,Male,Gwer West,Benue
gwe02,Atii Donatus Tersoo,2347033317277,Male,Gwer West,Benue
gwe03,Ikyaan Godwin,2347035968083,Male,Gwer West,Benue
gwe04,Rita Adum,2349077661448,Female,Gwer West,Benue
gwe05,Hua Gabriel Aondolumun,2347011359126,Male,Gwer West,Benue
gwe06,Ikerave Kpadoo Bridget,2348086136895,Female,Gwer West,Benue
gwe07,Aleje Christiana Amina,2348162147036,Female,Gwer West,Benue
gwe08,"Ugah, Msonter Samuel",2347039060273,Male,Gwer West,Benue
gwe09,Dogo Emmanuel,2348070583071,Male,Gwer West,Benue
gwer01,Rita Adum,2349077661448,Female,Gwer West,Benue
gwer02,Atii Donatus,2347033317277,Male,Gwer West,Benue
gwer03,Ikyaan Godwin,2347035968083,Male,Gwer West,Benue
hon01,Victor Inaboya,2347033322305,Male,Hong,Adamawa
hon02,Evelyn Titus Kattan,2347038323186,Female,Hong,Adamawa
hon03,Helen Bala,2348032353089,Female,Hong,Adamawa
hon04,Chimda Joseph,2347039156005,Female,Hong,Adamawa
hon05,Atsahyelsu Zakari,2348168184231,Female,Hong,Adamawa
hon06,Zainab Mohammed Jibril,2348032899863,Female,Hong,Adamawa
hon07,Chabiya Wesley,2347082646663,Female,Hong,Adamawa
hon08,Margaret Thomas,2349036350523,Female,Hong,Adamawa
hon09,Ishaku Tezah Fancy,2348064840964,Female,Hong,Adamawa
hon10,Paulina J Ndomari,2347061137611,Female,Hong,Adamawa
hon11,Emmanuella Sebastine,2348062952826,Female,Hong,Adamawa
hon12,Gumnamir Haniel,2347063074131,Female,Hong,Adamawa
hon13,Nemanda Yohanna,2347033055852,Male,Hong,Adamawa
hon14,Candy Michael Fwah,2348038262346,Female,Hong,Adamawa
hon15,Raheema Moh’D Sani,2349030942206,Female,Hong,Adamawa
hon16,Augustina Mathias Barde,2348065683463,Female,Hong,Adamawa
hon17,Sa'adatu Mohammed Jada,2347065373240,Female,Hong,Adamawa
hong10,Fancy Ishaku Tezah,2348064840964,Female,Hong,Adamawa
hong11,Evelyn Titus Kattan,2347038324186,Female,Hong,Adamawa
hong12,Victor Inaboya,2347033322305,Male,Hong,Adamawa
jab01,Christiana Yero,2349123249629,Female,Jaba,Kaduna
jab02,Gimbya Irmiya Ankuma,2348163797223,Female,Jaba,Kaduna
jab03,Joshua Shedrach,2348138200080,Male,Jaba,Kaduna
jab04,Faith Zaphaniel,2348189912355,Female,Jaba,Kaduna
jab06,Nehemiah Handan David,2347082223478,Male,Jaba,Kaduna
jab07,Iorbee Robert A.,2349066553486,Male,Jaba,Kaduna
jab08,Sarah Emmanuel,2348160136603,Female,Jaba,Kaduna
jab09,Hannatu John,2347061176401,Female,Jaba,Kaduna
jab10,Magdalene Hosea,2349060165460,Female,Jaba,Kaduna
jab12,Aaron Joshua,2348068098319,Male,Jaba,Kaduna
jab13,Jonathan Dowyaro Emmanuel,2347069790647,Male,Jaba,Kaduna
jab14,Tanko Yem,2348029006727,Male,Jaba,Kaduna
jab15,Tunde Bawa Thiza,2349138431421,Male,Jaba,Kaduna
jab16,Andrew Bulus,2347062871104,Male,Jaba,Kaduna
jab17,Richard J. Oyama,2347039048352,Male,Jaba,Kaduna
jab18,Patience Rifunji,2348163929773,Female,Jaba,Kaduna
jab19,Hauwa Jok,2348034365402,Female,Jaba,Kaduna
jab20,Fortune Sheyin,2348024280669,Female,Jaba,Kaduna
jab21,Emmanuel Luka,2348032296260,Male,Jaba,Kaduna
jah01,Tasi'U Sabo Aujara,2348067679518,Male,Jahun,Jigawa
jah02,Hayatu Isyaku,2348033755282,Male,Jahun,Jigawa
jah03,Mannir Musa Aujara,2348034265592,Male,Jahun,Jigawa
jah04,Shamsi Isyaku,2347039578956,Male,Jahun,Jigawa
jah05,Sule Adamu,2347064896610,Male,Jahun,Jigawa
jah06,Ashiru Baffa,2347038689960,Male,Jahun,Jigawa
jah07,Junaidu Sale,2348034591128,Male,Jahun,Jigawa
jah08,Bala Datti,2348065855432,Male,Jahun,Jigawa
jah09,Maimuna Li,2347067818891,Female,Jahun,Jigawa
jah10,Jamila Sani,2347033829858,Female,Jahun,Jigawa
jah11,Maryam Basiru,2347061702199,Female,Jahun,Jigawa
jah12,Amina Yusif,2347068268473,Female,Jahun,Jigawa
jah13,Bashir M. Darai,2348034583449,Male,Jahun,Jigawa
jah14,Halima Usman,2348165207081,Female,Jahun,Jigawa
jah15,Muhammad Khamisu,2348022814267,Male,Jahun,Jigawa
jah17,Bilkisu Isyaku,2347036065606,Female,Jahun,Jigawa
jah18,Khadija Ado,2349061968147,Female,Jahun,Jigawa
jah19,Aisha Abdullahi,2349064103921,Female,Jahun,Jigawa
jah20,Binta Ibrahim,2347030999757,Female,Jahun,Jigawa
jah21,Amina Sunusi,2348130496895,Female,Jahun,Jigawa
jah22,Lawisa Suraka,2347031529185,Female,Jahun,Jigawa
jah23,Nafi Aminu,2349031411586,Female,Jahun,Jigawa
jah24,Ubaida Junaidu,2347046617016,Female,Jahun,Jigawa
jah25,Umamatu Nadabo,2347067852285,Female,Jahun,Jigawa
jah26,Usaina Musa Bako,2349011146835,Female,Jahun,Jigawa
jah27,Mardiyya Isyaku,2348039661253,Female,Jahun,Jigawa
jah28,Rabi Surajo,2348105005980,Female,Jahun,Jigawa
jah29,Hajjo Abdullah,2347068872300,Female,Jahun,Jigawa
jah30,Hadiza Magaji,2347036926475,Female,Jahun,Jigawa
jah31,Khadija Rabi'U Hamza,2347039105482,Female,Jahun,Jigawa
jah32,Maryam Kabiru Usman,2349011836375,Female,Jahun,Jigawa
jah33,Bilkisu Abdullahi Dauda,2348164721782,Female,Jahun,Jigawa
jah34,Khadija Abubakar,2349069745854,Female,Jahun,Jigawa
jah35,Fatima Abdurrahman,2349039392854,Female,Jahun,Jigawa
jah36,Ibrahim S. Darai,2348060138321,Male,Jahun,Jigawa
jah37,Sani Kawunnan,2348065568436,Male,Jahun,Jigawa
jah53,Aliyu Umar,234,Male,Jahun,Jigawa
jah57,Hassana Yahaya,2348168209218,Female,Jahun,Jigawa
jah58,Ahmad Sabo,2348165118072,Male,Jahun,Jigawa
jah62,Zainab Haruna,2348143786084,Female,Jahun,Jigawa
jah74,Abubakar Rabiu Wakili,2348133494025,Male,Jahun,Jigawa
jah76,Samaila Zakiru,2348069339948,Male,Jahun,Jigawa
jah77,Saminu Abdullahi,2347065663298,Male,Jahun,Jigawa
jah82,Adnan Haladu,2347011253643,Male,Jahun,Jigawa
jahun01,Mardiyya Isyaku,2348039661253,Female,Jahun,Jigawa
jahun02,Halima Usman,2348165207081,Female,Jahun,Jigawa
jahun03,Shehu Ibrahim,2347067369245,Male,Jahun,Jigawa
jahun04,Maryam Kabir Usman,2349011836375,Female,Jahun,Jigawa
jam01,Kefas Yakubu Junny,2348100610220,Male,Jama'a,Kaduna
jam02,Abdulsalami salihu danake,2341319529441,Male,Jama'a,Kaduna
jam03,Juliana Bako,2347036187215,Female,Jama'a,Kaduna
jam04,Yakubu Salama,2347061229059,Female,Jama'a,Kaduna
jam05,John David,2347044284154,Male,Jama'a,Kaduna
jam06,Miracle John,2348138910248,Female,Jama'a,Kaduna
jam07,Hosea Laya,2348065492693,Male,Jama'a,Kaduna
jam08,Ruth Solomon,2348060048845,Female,Jama'a,Kaduna
jam09,Dorcas Bulus Chechet,2348067229125,Female,Jama'a,Kaduna
jam10,Bello hamza muhammad,2349139953841,Male,Jama'a,Kaduna
jam11,Ibrahim muhammad yaro,2347041684747,Male,Jama'a,Kaduna
jigawa,jigawa jigawa,,Female,Ringim,Jigawa
jos01,Sarah Bongmikat Binfa,2347037474658,Female,Jos South,Plateau
jos02,Pheetami Alexander,2348097794974,Female,Jos South,Plateau
jos03,Nancy Yohanna Davou,2347063002766,Female,Jos South,Plateau
jos04,Davou Simi Samuel,2348138237472,Female,Jos South,Plateau
jos05,Paulina Bitrus Pam,2349065381333,Female,Jos South,Plateau
jos06,Simi Audu Agumun,2347038667923,Female,Jos South,Plateau
jos07,Dyek Kangyang .D.,2348107403843,Female,Jos South,Plateau
kaduna01,Murja Muhammad,2348038877153,Female,Kaduna South,Kaduna
kaduna02,Grace Markus,2348038877153,Female,Kaduna South,Kaduna
kaduna03,Balarabe Mohammed,2348038877153,Male,Kaduna South,Kaduna
kaduna04,Rose Kasham Istifanus,2347038455266,Female,Zangon Kataf,Kaduna
kaduna05,Johnson Michael,2347088360984,Male,Kaduna South,Kaduna
kal06,Dinatu Ibrahim,2349032153810,Female,Kaltungo,Gombe
kal07,Nehemiah Cecilia Punshak,2349032209724,Female,Kaltungo,Gombe
kal08,Emanuel Simon Miyin,2348025544314,Male,Kaltungo,Gombe
kal09,Muhammad Muh'd,2348038182704,Male,Kaltungo,Gombe
kal10,Muhammed Usman Bello,2348065318395,Male,Kaltungo,Gombe
kal11,Linda Oliver,2349161858997,Female,Kaltungo,Gombe
kano,Kano Kano,,Male,Garun Mallam,Kano
kau01,Ali George Takad,2347068796994,Male,Kaura,Kaduna
kau02,Juliet Luka,2347034925036,Female,Kaura,Kaduna
kau03,Linus Musa,2347068412254,Male,Kaura,Kaduna
kau04,Betty John,2347035649748,Female,Kaura,Kaduna
kau05,Peter Iliya,2348134919215,Male,Kaura,Kaduna
kau06,Saleh Yohanna Pau,2347038008964,Male,Kaura,Kaduna
kau07,Enoch Dallah,2347019321505,Male,Kaura,Kaduna
kds01,Blessing Matthew,2349035530137,Female,Kaduna South,Kaduna
kds02,Aji Sunday Okpachu,2347062692322,Male,Kaduna South,Kaduna
kds03,Aminu Haruna,2349077085714,Male,Kaduna South,Kaduna
kds04,Orer Sesugh Peter,2348137739713,Male,Kaduna South,Kaduna
kds05,Michael Saidu,2347055576807,Male,Kaduna South,Kaduna
kds06,Helen Henry,2348033330172,Female,Kaduna South,Kaduna
kds07,Zainab Lawal,2348134565644,Female,Kaduna South,Kaduna
kds08,Hadiza E. Tingon,2348023800796,Female,Kaduna South,Kaduna
kds09,Binta Mohhamed Yahaya,2348036281247,Female,Kaduna South,Kaduna
kds10,Elisha Favour,2348068515241,Female,Kaduna South,Kaduna
kds11,Dorathy Kafoi,2348099788520,Female,Kaduna South,Kaduna
kea01,Cathrine Yavenga,2347069325739,Female,Keana,Nasarawa
kea02,Boniface Aondona,2348160323239,Male,Keana,Nasarawa
kea03,Aliyu Badamasi,2347066109643,Male,Keana,Nasarawa
kea04,Juliana Shamaki,2348065079011,Female,Keana,Nasarawa
kea05,Egye Yusuf,2348063508999,Male,Keana,Nasarawa
kea06,Samu Agama,2347068074776,Male,Keana,Nasarawa
kea07,Musa Shuaibu,2349033232868,Male,Keana,Nasarawa
kuje01,Hadiza Mailafia,2348036444096,Female,Kuje,FCT
kuje02,Sadiq Alhassan,2348036341186,Male,Kuje,FCT
kum01,Ahmad Isiyaku,23408032137438,Male,Kumbotso,Kano
kum02,Ismail Umar Mohd,2349036244774,Male,Kumbotso,Kano
kum03,Aminu Isa,2348162722233,Male,Kumbotso,Kano
kum04,Zakari Aliyu Nasir,2348069849351,Male,Kumbotso,Kano
kum05,Muhammad Murtala Bilya,2348064352542,Male,Kumbotso,Kano
kum06,Najaatu Nasir Muhammad,2348135120536,Female,Kumbotso,Kano
kum07,Kabiru Yakubu,2348032077755,Male,Kumbotso,Kano
kum08,Zulydaini Sharif,2348038499108,Male,Kumbotso,Kano
kum09,Munnir Dahiru Andullahi,2348039129430,Male,Kumbotso,Kano
kur08,Zainab Garba Butalawa,2348035832915,Female,Kura,Kano
kur10,Abubakar Ismail Adam,2349038204050,Male,Kura,Kano
kwa01,Ibrahim Aliyu Doho,2347033227340,Male,Kwami,Gombe
kwa02,Habiba Bukar Tina,2348065560520,Female,Kwami,Gombe
kwa03,Fiti Muhammad Mele,2348149189149,Female,Kwami,Gombe
kwa04,Nafisa Manga,2348083779427,Female,Kwami,Gombe
kwa05,Rhoda Habila,2348031150934,Female,Kwami,Gombe
kwa06,Nesira Lazarus,2347088647644,Female,Kwami,Gombe
kwa07,Safiyanu Ya'U,2348114109693,Male,Kwami,Gombe
kwa08,Sule Haruna,2347030159024,Male,Kwami,Gombe
kwa09,Shehu Jungudo,2349061645859,Male,Kwami,Gombe
kwa10,Adamu Abba,2348066920900,Male,Kwami,Gombe
kwa12,Dinatu Ibrahim,2349032153810,Female,Kwami,Gombe
kwa13,Asabe Mamman Twan,2348067505886,Female,Kwami,Gombe
kwa14,Juliana Jacob,2348112853877,Female,Kwami,Gombe
kwa15,Danladi Saminu Sarki,2348092775056,Male,Kwami,Gombe
kwa16,Emanuel Simon Miyin,2348025544314,Male,Kwami,Gombe
kwa17,Nehemiah Cecilia Punshak,2349032209724,Female,Kwami,Gombe
kwa18,Umar Musa,2348140154099,Male,Kwami,Gombe
kwa19,Asabe Mamman Twan,2348067505886,Female,Kwami,Gombe
kwa20,Umar Musa,2348140154099,Male,Kwami,Gombe
kwa21,Abbas Yakubu Doho,2347030668378,Male,Kwami,Gombe
kwa22,Abdulbasid Jibrin Mohammed,2348082056495,Male,Kwami,Gombe
kwa23,MasudJibrin Mohammed,2348168179092,Male,Kwami,Gombe
kwa24,Aliyu Mohammed Bello,2347017688465,Male,Kwami,Gombe
kwa25,Zainab Adamu,2349036406103,Female,Kwami,Gombe
kwa26,Maryam Musa,2347062196048,Female,Kwami,Gombe
kwa27,Mary Elisha,2347035568177,Female,Kwami,Gombe
kwa28,Maryam Aliyu,2348030675000,Female,Kwami,Gombe
kwami01,Safiyanu Ya'u,2348114109693,Male,Kwami,Gombe
kwami02,Asabe Manman Twan,2348067505886,Female,Kwami,Gombe
kwami03,Nerisa Lazaru,2347088647644,Female,Kwami,Gombe
kwami04,Rueben Ibrahim,2348131375139,Male,Kwami,Gombe
mak01,Jeremiah Iorhuna,2348038483101,Male,Makurdi,Benue
mak02,Veronica Ijir,2348032102396,Female,Makurdi,Benue
mak03,Mercy Kwaghlaade,2348032102396,Female,Makurdi,Benue
mak04,Iorfa Tersoo,2348147199533,Male,Makurdi,Benue
mak05,Grace Wanye,2347062447044,Female,Makurdi,Benue
mak06,Agu Soomon,2347041951900,Male,Makurdi,Benue
mak07,Sunday Achiligi,2348137124893,Male,Makurdi,Benue
mak08,Angela Seember,2348061334868,Female,Makurdi,Benue
mak09,Blessing Age,2348074260327,Female,Makurdi,Benue
mak1,Evelyn Masev,2347033679834,Female,Makurdi,Benue
mak11,Priscilla Fave,2349064271033,Female,Makurdi,Benue
makurdi01,Nguhemen Fave,2349064271033,Female,Makurdi,Benue
makurdi02,Mercy Kwaghlaade,2347032739663,Female,Makurdi,Benue
makurdi03,Agu Solomon,2347041951900,Male,Makurdi,Benue
man01,Achigak Agnes Ogah,2348141576721,Male,Mangu,Plateau
man02,Chuhwak Mary Davou,2349048863902,Male,Mangu,Plateau
man03,Plangnan Mwelchet,2348069742090,Female,Mangu,Plateau
man04,Azi Masoyi Akawu,2347032467679,Male,Mangu,Plateau
man05,Mutdin Nanbam Dastok,2349133933345,Female,Mangu,Plateau
man06,Mangse Domshak Fwangyil,2348138100321,Male,Mangu,Plateau
man07,Mwanret Alfred Parpus,2347037990861,Female,Mangu,Plateau
man08,Shuaibu Umar Adamu,2349079532428,Male,Mangu,Plateau
nin01,Sagir Adamu,2348037586298,Male,Ningi,Bauchi
nin02,Saidu Sule,2348139139396,Male,Ningi,Bauchi
nin03,Halima Musa,2347036305595,Female,Ningi,Bauchi
nin04,Hauwa Husaini,2348106808313,Female,Ningi,Bauchi
nin05,Docars Mahdi,2348137815454,Female,Ningi,Bauchi
nin06,Lawi Garu Irmiya,2348069642141,Male,Ningi,Bauchi
nin07,Muhammad Sadisu Abdulsalam,2348055553808,Male,Ningi,Bauchi
nin08,Hauwau Muhammed,2349060945028,Female,Ningi,Bauchi
nin09,Rukayya S Umar,2348168061666,Female,Ningi,Bauchi
nin10,Amon Amos,2348053330023,Male,Ningi,Bauchi
nin11,Rahab Magaji,2347038519957,Female,Ningi,Bauchi
nin12,Hauwa'u Muhammed S,2349060945028,Female,Ningi,Bauchi
nin13,Muhammad Sadisu Abdulsalam,2348055553808,Male,Ningi,Bauchi
ningi01,Sule Sule,2348139139396,Male,Ningi,Bauchi
ningi02,Sagir Adamu,2348037586298,Male,Ningi,Bauchi
ningi03,Dorcas Mahdi,2348137815434,Female,Ningi,Bauchi
ningi04,Halima Musa,2347036305595,Female,Ningi,Bauchi
obi01,Bem Kwaghaondo,2347065901419,Male,Obi,Nasarawa
obi02,Akonaye Emmanuel,2349033866984,Male,Obi,Nasarawa
obi03,Esther Ejeh,2347085864499,Female,Obi,Nasarawa
obi04,Shafaatu O. Magaji,2348036252953,Female,Obi,Nasarawa
obi05,Ramatu Yahaya Kanje,2347066951776,Female,Obi,Nasarawa
obi06,Naomi Alang Bature,2347063750326,Female,Obi,Nasarawa
obi07,Umar Bala Samu,2348032859422,Male,Obi,Nasarawa
obi08,Innocent Giwa Francis,2348030778300,Male,Obi,Nasarawa
obi09,Hassan Ejeh,,Female,Obi,Nasarawa
obi10,Liatu Baba,2348064087703,Female,Obi,Nasarawa
obi11,Ogwuche James Benjamin,2347068027805,Male,Obi,Nasarawa
obi12,Stephen Joel Dadi,2348060983307,Male,Obi,Nasarawa
obi13,Briskila Oliver Ombugadu,2348160319741,Female,Obi,Nasarawa
obi50,Briskilla Oliver Ombugadu,2348160319741,Female,Obi,Nasarawa
obi51,Oguche James Benjamin,2347068027805,Male,Obi,Nasarawa
obi52,Esther Ejeh,2347085864499,Female,Obi,Nasarawa
oju01,Mary U Odey,2347062745934,Female,Oju,Benue
oju02,Odeeh Michael Adoga,2348052672541,Male,Oju,Benue
oju03,Ogbu Otor John,2347062091526,Male,Oju,Benue
oju04,Blessing Egwube Agbanugo,2347037104679,Female,Oju,Benue
oju05,Mary Eko,2348134307410,Female,Oju,Benue
oju06,Dzever Sesugh,2348065705771,Female,Oju,Benue
oju07,James Ogirinye Oko,2348024774265,Male,Oju,Benue
oju08,Alice Okwori,2348065875494,Female,Oju,Benue
oju50,Mary Odey,2347062745934,Female,Oju,Benue
oju51,Mary Eko,2348134307410,Female,Oju,Benue
oju52,James Ogirinye,2348024774265,Male,Oju,Benue
proj01,Nurudeen Olayinka Sabitu,2348038305522,Male,Gombe,Gombe
proj02,Ibrahim Nanga,2347038532995,Male,Kwami,Gombe
ran06,Sumayya Usman,2349019123762,Female,Rano,Kano
rig01,Shamsiyya Sadauki Tofa,2349076561888,Female,Rimin Gado,Kano
rig10,Ibrahim Bashir Tahir,2348167529756,Male,Rimin Gado,Kano
rig13,Abdulkadir Ibrahim Abubakar,2347012622191,Male,Rimin Gado,Kano
rin01,Sahalatu Muhammad,2348037655900,Female,Ringim,Jigawa
rin02,Hauwa Halliru,2347031077917,Female,Ringim,Jigawa
rin03,Salma Adam,2347034255718,Female,Ringim,Jigawa
rin04,Isah Yakubu,2348036501746,Male,Ringim,Jigawa
rin05,Rufa'I Aminu,2347067860577,Male,Ringim,Jigawa
rin06,Salamatu Shehu,2349163910734,Female,Ringim,Jigawa
rin07,Umar Dantata,2348140970570,Male,Ringim,Jigawa
rin08,Magaji M. Yahaya,2347036066233,Male,Ringim,Jigawa
rin09,Ali Muhammad,2347031640667,Male,Ringim,Jigawa
rin10,Mansur M. Dalha,2348107057980,Male,Ringim,Jigawa
ringim01,Magaji M. Yahaya,2347036066233,Male,Ringim,Jigawa
ringim02,Hadiza Magaji,2347036926475,Female,Ringim,Jigawa
ringim03,Jamila Sani,2347033829858,Female,Ringim,Jigawa
ringim04,Hauwa Halliru,2347031077917,Female,Ringim,Jigawa
sabo01,Yahaya Abdulkadir,2349040909134,Male,Sabon Gari,Kaduna
sabo02,Rabi Abdulsalam,2348147874617,Female,Sabon Gari,Kaduna
sabo03,Saratu Suleiman,2348101050943,Female,Sabon Gari,Kaduna
sabo04,Zainab Aliyu,2347032282020,Female,Sabon Gari,Kaduna
sup,Supervisor Supervisor,2347031669118,Male,Jaba,Kaduna
taf01,Lawi Garu Irmiya,2348069642141,Male,Tafawa Balewa,Bauchi
tafawa01,Ruqayya S. Umar,2348168061666,Female,Tafawa Balewa,Bauchi
tafawa02,Lami Garu Irmiya,2348069642141,Female,Tafawa Balewa,Bauchi
tafawa04,Amon Amos,2347053330023,Male,Tafawa Balewa,Bauchi
tau01,Jadida Garba,2348148341516,Female,Taura,Jigawa
tau02,Zainab Ali,2348135421110,Female,Taura,Jigawa
tau03,Fa'Iza Abbas,2347045331246,Female,Taura,Jigawa
tau04,Fatima Haruna,2349014775986,Female,Taura,Jigawa
tau05,Gaje Mustapha,2347062488167,Female,Taura,Jigawa
tau06,Sadiya Suleman,2349041436340,Female,Taura,Jigawa
tau07,Ummi Tasi'U,2347061205941,Female,Taura,Jigawa
tau08,Muhammad Mustapah.,2348089365351,Male,Taura,Jigawa
tau09,Kabiru Yau,2348025627191,Male,Taura,Jigawa
tau10,Idris Ibrahim,2347031264140,Male,Taura,Jigawa
tau11,Amina Shuaibu,2348928142814,Female,Taura,Jigawa
tau12,Aisha Muhammad,2349070803667,Female,Taura,Jigawa
tau14,Zaharau Mustapah,2348130392136,Female,Taura,Jigawa
tau15,Fiddausi Usaini,2348022392009,Female,Taura,Jigawa
tau16,Suwaiba Auwalu,2349045542545,Female,Taura,Jigawa
taura01,Aisha Muhammad,2349070803667,Female,Taura,Jigawa
taura02,Isah Yahaya,23437039599183,Male,Taura,Jigawa
taura03,Bilkisu Rabiu Hamza,2349069937638,Female,Taura,Jigawa
taura04,Nariyya Yahaya,2347044570027,Female,Taura,Jigawa
testuser2,testuser2 testuser2,,Female,Garun Mallam,Kano
testuser3,testuser3 testuser3,,Male,Tofa,Kano
tof01,Raihanatu Uba Umar,23407031000449,Female,Tofa,Kano
tof02,Umma Salisu,23409069141325,Female,Tofa,Kano
tof03,Amina Abdu,23407063121377,Female,Tofa,Kano
tof04,Maryam Aliyu,23407083372919,Female,Tofa,Kano
tof05,Hadiza Isa,23408103641566,Female,Tofa,Kano
tof06,Lubabatu Ado,23408147917754,Female,Tofa,Kano
tof07,Saadatu Shuaibu,23409166839089,Female,Tofa,Kano
tof08,Bahijja Isyaku,23408065883267,Female,Tofa,Kano
tof10,Abba Rabi'U Ibrahim,23408132495081,Male,Tofa,Kano
tof11,Yahaya Muktar,23408063801579,Male,Tofa,Kano
tof12,Murtala Umar Ahmad,23409038338212,Male,Tofa,Kano
tof13,Auwalu Dabo Jibril,23408064901494,Male,Tofa,Kano
tof14,Nura Abubakar,23408163235699,Male,Tofa,Kano
tof15,Umma Ado,23409017132184,Female,Tofa,Kano
tof16,Dahiru Abdu Tofa,23407036205574,Male,Tofa,Kano
tof17,Ayuba Mamuda,23408034969661,Male,Tofa,Kano
tof18,Ibrahim Ado Garba,23408138300408,Male,Tofa,Kano
tof19,Ali Jibrin,23408064449085,Male,Tofa,Kano
tof20,Bello Salisu Tofa,23408060567094,Male,Tofa,Kano
tof21,Umar Uba Tofa,23407030274416,Male,Tofa,Kano
tof22,Garzali Adamu,23407035104960,Male,Tofa,Kano
tof23,Ishaq Muhammad Dansudu,23408067043719,Male,Tofa,Kano
tof24,Ado Isah Dindere,23408068225150,Male,Tofa,Kano
tof25,Ayuba Uba Umar,23408036955735,Male,Tofa,Kano
tof26,Yusuf Habibu,23407069052698,Male,Tofa,Kano
tof27,Amina Abdu Umar,23407043707777,Male,Tofa,Kano
tof28,Abdullahi Ado,23408031547054,Male,Tofa,Kano
tof29,Ado Mansur,23408103251223,Male,Tofa,Kano
tof30,Tahir Aliyu Bashir,23408069135536,Male,Tofa,Kano
tof31,Abubakar Rabiu,23407036169544,Male,Tofa,Kano
tof32,Amiru Abdu Abubakar,23408106757646,Male,Tofa,Kano
tof33,Auwal Isah Alhassan,23408069475527,Male,Tofa,Kano
tof34,Hadiza Muktar,23407034281097,Female,Tofa,Kano
tof35,Gambo Danlami,23407034300417,Female,Tofa,Kano
tof36,Karimatu Jazuli,23408068366162,Female,Tofa,Kano
tof37,Sumayya Garba Sani,23408132106089,Female,Tofa,Kano
tof38,Aisha Sani,23409030428465,Female,Tofa,Kano
tof39,Rukayya Mohd Alahore,23407038008415,Female,Tofa,Kano
tof40,Zainab Isa Jibrin,23407047509251,Female,Tofa,Kano
tof41,Murjanatu Sani Suleiman,23409047527188,Female,Tofa,Kano
tof42,Hauwau Ibrahim,23409063413072,Female,Tofa,Kano
tof43,Samsiyya Lawan Garba,23409169541894,Female,Tofa,Kano
tof44,Abdulhwahid Salimanu,2348080420823,Male,Tofa,Kano
tof45,Salisu Ibrahim,2348175501107,Male,Tofa,Kano
tof46,Tukur Wakili,2348062654943,Male,Tofa,Kano
tof47,Danladi Kabiru,2349129478356,Male,Tofa,Kano
tof48,Sulaiman Mansur,2348065925139,Male,Tofa,Kano
tof49,Jamilu Shuaibu,2348030540053,Male,Tofa,Kano
tof50,Haruna Mansur,2348132960540,Male,Tofa,Kano
tof51,Sabo Shuaibu,2347068036059,Male,Tofa,Kano
tof52,Saida Sani,2348027471349,Female,Tofa,Kano
tof53,Marawiyya Mansur,2347034583065,Female,Tofa,Kano
tof54,Daharatu Aliyu,2348103621237,Female,Tofa,Kano
tof55,Jamila Aliyu,2348080032368,Female,Tofa,Kano
tof56,Aisha Murtala,2349013059675,Female,Tofa,Kano
tof57,Hafsat Abubakar Sabiu,2348069979569,Female,Tofa,Kano
tof58,Musa Said,2347066660791,Male,Tofa,Kano
tof59,Abdulrashid Abdullahi Haladu,2349124469939,Male,Tofa,Kano
tof60,Hauwau Saidu Musa,2349126339571,Female,Tofa,Kano
tof61,Salihu Ado Wakili,2348100913580,Male,Tofa,Kano
tof62,Aisha Said,2347013476285,Female,Tofa,Kano
tof63,Musa Abdulsalam Umar,2349026499718,Male,Tofa,Kano
tof64,Fatima Lawan Ahmad,2349020646668,Female,Tofa,Kano
tof65,Hauwau Garba Abdullahi,2349011703501,Female,Tofa,Kano
tof66,Halima Saidu Musa,2348074669959,Female,Tofa,Kano
tof67,Khadija Mukhtar,2348082405588,Female,Tofa,Kano
tof68,Faiza Haruna Lambu,2347039434148,Female,Tofa,Kano
tof70,Hadiza Yusif Ibrahim,2348066578382,Male,Tofa,Kano
tofa01,Raihanatu Umar,2348034166803,Female,Tofa,Kano
tofa02,Rabi Sani Ibrahim,2349120704544,Female,Tofa,Kano
tofa03,Nura Abubakar,2348163235699,Male,Tofa,Kano
tofa04,Zainab Sani Adam,2348109739176,Female,Tofa,Kano
tor01,Rukayya S Umar,2348168061666,Female,Toro,Bauchi
tun06,Hafsat Mustapha,2347065890610,Female,Tudun Wada,Kano
tun10,Mariya Ali Bukar,2349033831862,Female,Tudun Wada,Kano
tun16,Usman Bashir Usman,2348105853709,Male,Tudun Wada,Kano
war01,Rahab Magaji,2347038519957,Female,Warji,Bauchi
war02,Amon Amos,2348053330023,Male,Warji,Bauchi
zan01,Florence Haruna,2348022369544,Female,Zangon Kataf,Kaduna
zan02,Stephen Haruna,2348062987196,Male,Zangon Kataf,Kaduna
zan03,Salamatu Luka Mutashi,2348037718103,Female,Zangon Kataf,Kaduna
zan04,Clement Bege,2347038286802,Male,Zangon Kataf,Kaduna
zan05,Ella Elly Adamu,2347036930395,Female,Zangon Kataf,Kaduna
zan06,Musa Blessing Joseph,2348169093276,Female,Zangon Kataf,Kaduna
zan07,Isaac Emmanuel Bakoshi,2347036071563,Male,Zangon Kataf,Kaduna
zan08,Amana Alex,2348033317254,Female,Zangon Kataf,Kaduna
zan09,Calvin Idzi Idziruna,2349067731484,Male,Zangon Kataf,Kaduna
zan10,Faith Dogara,2348108960698,Female,Zangon Kataf,Kaduna
zan11,Naomi Agwaza Bakimi,2347066937197,Female,Zangon Kataf,Kaduna
zan12,William Salihu David,2347037687467,Male,Zangon Kataf,Kaduna
zan13,Joshua Iliya,2348075589099,Male,Zangon Kataf,Kaduna
zan14,Jacob Bitrus,2348133390491,Male,Zangon Kataf,Kaduna
zan15,Moses Emmanuel,2348123662072,Male,Zangon Kataf,Kaduna
zan16,Yafeni Hosea,2348036076950,Female,Zangon Kataf,Kaduna
zan17,Dorcas Ayuba,2348052829831,Female,Zangon Kataf,Kaduna
zan18,Esther Fie Haruna,2347039065419,Female,Zangon Kataf,Kaduna
zan19,Josephine Edeh,2348038307151,Female,Zangon Kataf,Kaduna
zan20,Lucky Dominic Adams,2347019362644,Male,Zangon Kataf,Kaduna
zango01,Laitu Pius,2348038877153,Female,Zangon Kataf,Kaduna
zango02,Douglas Dominic,2348038877153,Male,Zangon Kataf,Kaduna
zango03,Anna Manasseh,2348038877153,Female,Zangon Kataf,Kaduna
zango04,Joshua Jirbril Haruna,2347037888110,Male,Zangon Kataf,Kaduna
zango05,Julius Joshua,2348032091190,Male,Zangon Kataf,Kaduna
zango06,Emmanuel Moses,2349159381358,Male,Zangon Kataf,Kaduna
zango07,Jethro Jeremiah,2348130642076,Male,Zangon Kataf,Kaduna
zango08,Zachariah Peter,2348061616536,Male,Zangon Kataf,Kaduna
