username,name,Gender,Intervention_belong_to,LGA,State,State-IP
aba4001,Victoria Simon,Male,Mini Project,Abaji,FCT,FCT-WOFAN
aba4002,Nabala Iyaklalo Ishaku,Male,Mini Project,Abaji,FCT,FCT-WOFAN
aba4003,Rosemary Uzoka Omenogo,Male,Mini Project,Abaji,FCT,FCT-WOFAN
aba4004,Sani Usman,Male,Mini Project,Abaji,FCT,FCT-WOFAN
aba4005,Pada Stephen Elisha,Male,Mini Project,Abaji,FCT,FCT-WOFAN
aba4006,Salihu Huzafa,Male,Mini Project,Abaji,FCT,FCT-WOFAN
aba4007,Alhamdu Goroh Godwin,Male,Mini Project,Abaji,FCT,FCT-WOFAN
aba4008,Favour Malachi,Male,Mini Project,Abaji,FCT,FCT-WOFAN
aba4009,Matthew Ene Peace,Male,Mini Project,Abaji,FCT,FCT-WOFAN
aba4010,Idowu Shalom Oluwafunmilayo,Male,Mini Project,Abaji,FCT,FCT-WOFAN
aba4011,Magaji Salihu,Male,Mini Project,Abaji,FCT,FCT-WOFAN
aba4012,Yakubu Mohammed,Male,Mini Project,Abaji,FCT,FCT-WOFAN
aba4013,Yunusa Shamsiya,Male,Mini Project,Abaji,FCT,FCT-WOFAN
aba4014,Suleiman Raheema Princess,Male,Mini Project,Abaji,FCT,FCT-WOFAN
aba4015,Bello Aliyu Babatunde,Male,Mini Project,Abaji,FCT,FCT-WOFAN
aba4016,Comfort Lawal Onize,Male,Mini Project,Abaji,FCT,FCT-WOFAN
aba4017,Ebozele Victory,Male,Mini Project,Abaji,FCT,FCT-WOFAN
aba4018,Fatima Abubakar,Male,Mini Project,Abaji Area Council,FCT,FCT-WOFAN
aba4019,Azaki Timothy,Male,Mini Project,Abaji Area Council,FCT,FCT-WOFAN
aba4020,Abdulmukit Abdulkarim,Male,Mini Project,Abaji Area Council,FCT,FCT-WOFAN
aba4021,Reginald Divine Favour Destiny,Male,Mini Project,Abaji Area Council,FCT,FCT-WOFAN
aba4022,Danladi Halidu Doris,Male,Mini Project,Abaji Area Council,FCT,FCT-WOFAN
aba4023,Samari Shekwonuzhibo Lizzy,Male,Mini Project,Abaji Area Council,FCT,FCT-WOFAN
aba419,Azaki Timothy,Male,Mini Project,Abaji Area Council,FCT,FCT-WOFAN
aba420,Abdulmukit Abdulkarim,Male,Mini Project,Abaji Area Council,FCT,FCT-WOFAN
aba421,Reginald Divine Favour Destiny,Male,Mini Project,Abaji Area Council,FCT,FCT-WOFAN
aba422,Danladi Halidu Doris,Male,Mini Project,Abaji Area Council,FCT,FCT-WOFAN
aba423,Samari Shekwonuzhibo Lizzy,Male,Mini Project,Abaji Area Council,FCT,FCT-WOFAN
akk400,Aisha Maigari Lawanti,Female,Mini Project,Akko,Gombe,Gombe-WOFAN
akk4001,Abubakar Adamu Alhaji,Male,Mini Project,Akko,Gombe,Gombe-WOFAN
akk4002,Hannatu Khadi,Female,Mini Project,Akko,Gombe,Gombe-WOFAN
akk4003,Habila Baraye,Female,Mini Project,Akko,Gombe,Gombe-WOFAN
akk4004,Abubakar Lawan Garba,Male,Mini Project,Akko,Gombe,Gombe-WOFAN
akk4005,Abdulaziz Modibbo,Male,Mini Project,Akko,Gombe,Gombe-WOFAN
akk4006,Olanike Janet Olatunbosun,Female,Mini Project,Akko,Gombe,Gombe-WOFAN
akk401,Fatima Zakari,Female,Mini Project,Akko,Gombe,Gombe-WOFAN
akk402,Mubarak Haruna Misa,Male,Mini Project,Akko,Gombe,Gombe-WOFAN
akk403,Amina Usman Musa,Female,Mini Project,Akko,Gombe,Gombe-WOFAN
akk404,Bwele Haruna Dogari,Male,Mini Project,Akko,Gombe,Gombe-WOFAN
akk405,Naima Babaali,Female,Mini Project,Akko,Gombe,Gombe-WOFAN
akk406,Aishatu Yaya,Female,Mini Project,Akko,Gombe,Gombe-WOFAN
akk407,Muhammad Auwal Idris,Male,Mini Project,Akko,Gombe,Gombe-WOFAN
akk408,Ummahani Bashir Adamu,Female,Mini Project,Akko,Gombe,Gombe-WOFAN
akk409,Hafsat Abubakar Musa,Female,Mini Project,Akko,Gombe,Gombe-WOFAN
akk410,Hannatu Yunusa Kampani,Female,Mini Project,Akko,Gombe,Gombe-WOFAN
akk411,Amina Abdulsalam Malum,Female,Mini Project,Akko,Gombe,Gombe-WOFAN
akk412,Daniel Braima,Male,Mini Project,Akko,Gombe,Gombe-WOFAN
akw400,Gideon Aneju Pessu,Male,Mini Project,Akwanga,Nasarawa,Nasarawa-PVNL
akw401,Haruna Hamametu,Female,Mini Project,Akwanga,Nasarawa,Nasarawa-PVNL
akw402,Gloria Asaba Wayas,Female,Mini Project,Akwanga,Nasarawa,Nasarawa-PVNL
akw403,Alu A Akolo,Male,Mini Project,Akwanga,Nasarawa,Nasarawa-PVNL
akw404,Namo Ewuga Charles,Male,Mini Project,Akwanga,Nasarawa,Nasarawa-PVNL
akw405,Aisha Jibrin Abimiku,Female,Mini Project,Akwanga,Nasarawa,Nasarawa-PVNL
akw406,Sumaiya Ashe Aminu,Female,Mini Project,Akwanga,Nasarawa,Nasarawa-PVNL
akw407,Okala Baba Agidi,Male,Mini Project,Akwanga,Nasarawa,Nasarawa-PVNL
alk4001,Abubakar Muhammad Hassan,Male,Mini Project,Alkaleri,Bauchi,Bauchi-WOFAN
alk4002,Maimuna Abdullahi,Female,Mini Project,Alkaleri,Bauchi,Bauchi-WOFAN
ama400,Ahmed Sani,Male,Mini Project,Municipal Area Council (AMAC),FCT,FCT-WOFAN
ama401,Safiyya Saminu,Male,Mini Project,Municipal Area Council (AMAC),FCT,FCT-WOFAN
ama402,Israel Okpo Omojah,Male,Mini Project,Municipal Area Council (AMAC),FCT,FCT-WOFAN
ama403,Innocent Gift Ogor,Male,Mini Project,Municipal Area Council (AMAC),FCT,FCT-WOFAN
ama404,Thomas Adamilo Wisdom,Male,Mini Project,Municipal Area Council (AMAC),FCT,FCT-WOFAN
ama405,Odekina Dabbrats Ojonoka,Male,Mini Project,Municipal Area Council (AMAC),FCT,FCT-WOFAN
ama406,Timothy Save Salvation,Male,Mini Project,Municipal Area Council (AMAC),FCT,FCT-WOFAN
ama407,Ogenyi Peace Ogeyi,Male,Mini Project,Municipal Area Council (AMAC),FCT,FCT-WOFAN
ama408,Khadijah Muhammad,Male,Mini Project,Municipal Area Council (AMAC),FCT,FCT-WOFAN
ama409,Aisha Muhammed,Male,Mini Project,Municipal Area Council (AMAC),FCT,FCT-WOFAN
ama410,Christabel Wanger Ume,Male,Mini Project,Municipal Area Council (AMAC),FCT,FCT-WOFAN
ama411,Enamino Progress,Male,Mini Project,Municipal Area Council (AMAC),FCT,FCT-WOFAN
ama412,Sadiya Usman Yunusa,Female,Mini Project,AMAC,FCT,FCT-WOFAN
ama413,Hasbatullah Janan Tanimu,Female,Mini Project,Municipal Area Council,FCT,FCT-WOFAN
auy400,Haruna Yakubu,Male,Mini Project,Auyo,Jigawa,Jigawa-WOFAN
auy401,Amina Usman,Female,Mini Project,Auyo,Jigawa,Jigawa-WOFAN
auy402,Fatima Umar Muhammad,Female,Mini Project,Auyo,Jigawa,Jigawa-WOFAN
auy403,Rumasa'U Muhammad,Female,Mini Project,Auyo,Jigawa,Jigawa-WOFAN
auy404,Muhammad Sani Abdullahi,Male,Mini Project,Auyo,Jigawa,Jigawa-WOFAN
auy405,Muhammad Auwal Umar,Male,Mini Project,Auyo,Jigawa,Jigawa-WOFAN
auy406,Jibrin Yusuf,Male,Mini Project,Auyo,Jigawa,Jigawa-WOFAN
auy407,Hassan Ibrahim,Male,Mini Project,Auyo,Jigawa,Jigawa-WOFAN
auy408,Amina Abdussalam,Female,Mini Project,Auyo,Jigawa,Jigawa-WOFAN
auy409,Khadija Muhammad Umar,Female,Mini Project,Auyo,Jigawa,Jigawa-WOFAN
auy410,Nabayi Biliya,Male,Mini Project,Auyo,Jigawa,Jigawa-WOFAN
bal4001,Sarah Irmiya,Female,Mini Project,Balanga,Gombe,Gombe-WOFAN
bau400,Khadija Haruna,Female,Mini Project,Bauchi,Bauchi,Bauchi-WOFAN
bau4001,Aisha Adamu,Female,Mini Project,Bauchi,Bauchi,Bauchi-WOFAN
bau4002,Muhammad Idris,Male,Mini Project,Bauchi,Bauchi,Bauchi-WOFAN
bau4003,Absalon John,Male,Mini Project,Bauchi,Bauchi,Bauchi-WOFAN
bau4004,Abubakar Aliyu,Male,Mini Project,Bauchi,Bauchi,Bauchi-WOFAN
bau4005,Haruna Haladu Babaji,Male,Mini Project,Bauchi,Bauchi,Bauchi-WOFAN
bau4006,Fatima Suleiman Salisu,Female,Mini Project,Bauchi,Bauchi,Bauchi-WOFAN
bau4007,Halima Haladu Babaji,Female,Mini Project,Bauchi,Bauchi,Bauchi-WOFAN
bau401,Sagir Adamu,Male,Mini Project,Bauchi,Bauchi,Bauchi-WOFAN
bau402,Khadija Aliyu Adam,Female,Mini Project,Bauchi,Bauchi,Bauchi-WOFAN
bau403,Firdausi Aminu Mijinyawa,Female,Mini Project,Bauchi,Bauchi,Bauchi-WOFAN
bau404,Fatima Haladu Babaji,Female,Mini Project,Bauchi,Bauchi,Bauchi-WOFAN
bau405,Naima Abdulkadir Aliyu,Female,Mini Project,Bauchi,Bauchi,Bauchi-WOFAN
bau406,Sagir Abdullahi,Male,Mini Project,Bauchi,Bauchi,Bauchi-WOFAN
bau407,Sarbilu Adamu,Male,Mini Project,Bauchi,Bauchi,Bauchi-WOFAN
bau408,Maryam Abubakar Ibrahim,Female,Mini Project,Bauchi,Bauchi,Bauchi-WOFAN
bau409,Ummulkhairi Idris Halilu,Female,Mini Project,Bauchi,Bauchi,Bauchi-WOFAN
bau410,Hafsat Aliyu Abubakar,Female,Mini Project,Bauchi,Bauchi,Bauchi-WOFAN
bau411,Amina Abdullahi,Female,Mini Project,Bauchi,Bauchi,Bauchi-WOFAN
bau412,Habiba Umar,Female,Mini Project,Bauchi,Bauchi,Bauchi-WOFAN
bau413,Furera Muhammad Tukur,Female,Mini Project,Bauchi,Bauchi,Bauchi-WOFAN
bau414,Khadija Muhammad Inuwa,Female,Mini Project,Bauchi,Bauchi,Bauchi-WOFAN
bau415,Abdulrahman Aliyu,Male,Mini Project,Bauchi,Bauchi,Bauchi-WOFAN
bau416,Hassan Muhammad,Male,Mini Project,Bauchi,Bauchi,Bauchi-WOFAN
bau417,Auwal Adamu Noma,Male,Mini Project,Bauchi,Bauchi,Bauchi-WOFAN
bau418,Balkisu Umar Aliyu,Female,Mini Project,Bauchi,Bauchi,Bauchi-WOFAN
bau419,Fadila Haruna Bununu,Female,Mini Project,Bauchi,Bauchi,Bauchi-WOFAN
bau420,Mohammed Yau,Male,Mini Project,Bauchi,Bauchi,Bauchi-WOFAN
beb4001,Hamdiyya Labaran,Female,Mini Project,Bebeji,Kano,Kano-WOFAN
beb4002,Harira Abubakar,Female,Mini Project,Bebeji,Kano,Kano-WOFAN
beb4003,Umma Bala,Female,Mini Project,Bebeji,Kano,Kano-WOFAN
beb4004,Kubriyya Mustapha,Female,Mini Project,Bebeji,Kano,Kano-WOFAN
beb4005,Bashir Zakari Sani,Male,Mini Project,Bebeji,Kano,Kano-WOFAN
beb4006,Adam Musa Muhammad,Male,Mini Project,Bebeji,Kano,Kano-WOFAN
beb4007,Sani Salad Muhammad,Male,Mini Project,Bebeji,Kano,Kano-WOFAN
beb4008,Sadiq Mustapha Alhassan,Male,Mini Project,Bebeji,Kano,Kano-WOFAN
bil4001,Rahila John Thomas,Female,Mini Project,Billiri,Gombe,Gombe-WOFAN
bil4002,Yila Pangara,Male,Mini Project,Billiri,Gombe,Gombe-WOFAN
bil4003,Sihiyona Amos Babale,Female,Mini Project,Billiri,Gombe,Gombe-WOFAN
bil4004,Lois Ayuba,Male,Mini Project,Billiri,Gombe,Gombe-WOFAN
bil4005,Faith Usman,Female,Mini Project,Billiri,Gombe,Gombe-WOFAN
bir400,Fatima Sulaiman,Female,Mini Project,Birnin kudu,Jigawa,Jigawa-WOFAN
bir401,Sumayya Saleh Muhammad,Female,Mini Project,Birnin kudu,Jigawa,Jigawa-WOFAN
bir402,Abubakar A Abubakar,Male,Mini Project,Birnin kudu,Jigawa,Jigawa-WOFAN
bir403,Sani Hassan,Male,Mini Project,Birnin kudu,Jigawa,Jigawa-WOFAN
bir404,Alhassan Garba Hassan,Male,Mini Project,Birnin kudu,Jigawa,Jigawa-WOFAN
bir405,Zainab Hussaini Hassan,Female,Mini Project,Birnin kudu,Jigawa,Jigawa-WOFAN
bir406,Halima Abdullahi,Female,Mini Project,Birnin kudu,Jigawa,Jigawa-WOFAN
bir407,Maryam Musa,Female,Mini Project,Birnin kudu,Jigawa,Jigawa-WOFAN
bir408,Hauwau Hussaini Hassan,Female,Mini Project,Birnin kudu,Jigawa,Jigawa-WOFAN
bir409,Maryam Abdullahi Sani,Female,Mini Project,Birnin kudu,Jigawa,Jigawa-WOFAN
buj400,Faiza Sabo Abdullahi,Female,Mini Project,Buji,Jigawa,Jigawa-WOFAN
buj401,Asiya Abdullahi,Female,Mini Project,Buji,Jigawa,Jigawa-WOFAN
buj402,Fatima Sabo Abdullahi,Female,Mini Project,Buji,Jigawa,Jigawa-WOFAN
buj403,Zainab Bala Ado,Female,Mini Project,Buji,Jigawa,Jigawa-WOFAN
buj404,Zainab Umar,Female,Mini Project,Buji,Jigawa,Jigawa-WOFAN
buj405,Ibrahim Babawuro,Male,Mini Project,Buji,Jigawa,Jigawa-WOFAN
buj406,Abdullahi Nasiru,Male,Mini Project,Buji,Jigawa,Jigawa-WOFAN
buj407,Fatima Yusuf Usman,Female,Mini Project,Buji,Jigawa,Jigawa-WOFAN
buj408,Shema'U Adamu,Female,Mini Project,Buji,Jigawa,Jigawa-WOFAN
buj409,Fatima Muhammad,Female,Mini Project,Buji,Jigawa,Jigawa-WOFAN
buj410,Badi'A Sani,Female,Mini Project,Buji,Jigawa,Jigawa-WOFAN
bun4001,Binta Khamis Isah,Female,Mini Project,Bunkure,Kano,Kano-WOFAN
bun4002,Zahariyya Salisu Muhd,Female,Mini Project,Bunkure,Kano,Kano-WOFAN
bun4003,Halima Garba,Female,Mini Project,Bunkure,Kano,Kano-WOFAN
bun4004,Yusuf Isyaku,Male,Mini Project,Bunkure,Kano,Kano-WOFAN
chk400,Esther Nnawo Aliyu,Female,Mini Project,Chikun,Kaduna,Kaduna 1-PVNL
chk401,Ezekiel Jatau,Male,Mini Project,Chikun,Kaduna,Kaduna 1-PVNL
chk402,Henriata Istifanus Namse,Female,Mini Project,Chikun,Kaduna,Kaduna 1-PVNL
chk403,Abigail Bege,Female,Mini Project,Chikun,Kaduna,Kaduna 1-PVNL
chk405,Laah Zanang Beatrice,Female,Mini Project,Chikun,Kaduna,Kaduna 1-PVNL
chk406,Yahuza Barsaba Yusuf,Male,Mini Project,Chikun,Kaduna,Kaduna 1-PVNL
chk407,Shedrach Ayuba Thomas,Male,Mini Project,Chikun,Kaduna,Kaduna 1-PVNL
chk408,Juliana Garba,Female,Mini Project,Chikun,Kaduna,Kaduna 1-PVNL
chk409,Salama Bala,Female,Mini Project,Chikun,Kaduna,Kaduna 1-PVNL
dal400,Saifullahi Abdulkadir Nura,Male,Mini Project,Dala,Kano,Kano-WOFAN
dar400,Rabiu Saleh,Male,Mini Project,Darazo,Bauchi,Bauchi-WOFAN
dar401,Hajara Ladan Babaji,Female,Mini Project,Darazo,Bauchi,Bauchi-WOFAN
dar402,Rabiu Muhammad Lawal,Male,Mini Project,Darazo,Bauchi,Bauchi-WOFAN
dar403,Sani Samaila,Male,Mini Project,Darazo,Bauchi,Bauchi-WOFAN
dar404,Ziya'Ulhaq Aliyu,Male,Mini Project,Darazo,Bauchi,Bauchi-WOFAN
dar405,Ibrahim Hamza Gabarin,Male,Mini Project,Darazo,Bauchi,Bauchi-WOFAN
dar406,Hafsat Ahmad,Female,Mini Project,Darazo,Bauchi,Bauchi-WOFAN
dar407,Abdu Mohammed,Male,Mini Project,Darazo,Bauchi,Bauchi-WOFAN
das400,Joseph Gift,Female,Mini Project,Dass,Bauchi,Bauchi-WOFAN
das4001,Adamu Aliyu,Male,Mini Project,Dass,Bauchi,Bauchi-WOFAN
das4002,Lawiza Haruna,Female,Mini Project,Dass,Bauchi,Bauchi-WOFAN
das4003,Yusuf Usman,Male,Mini Project,Dass,Bauchi,Bauchi-WOFAN
das401,Garu Zulfau Shekarau,Female,Mini Project,Dass,Bauchi,Bauchi-WOFAN
daw400,Baraatu Alhaji Abdu,Female,Mini Project,Dawakin Tofa,Kano,Kano-WOFAN
daw401,Rukayya Aliyu Isah,Female,Mini Project,Dawakin Tofa,Kano,Kano-WOFAN
daw402,Usama Ibrahim Ayuba,Male,Mini Project,Dawakin Tofa,Kano,Kano-WOFAN
daw403,Sadiya Ado Zuwo,Female,Mini Project,Dawakin Tofa,Kano,Kano-WOFAN
daw404,Khadija Yushau Suleiman,Female,Mini Project,Dawakin Tofa,Kano,Kano-WOFAN
deb400,Zainab Ibrahim,Female,Mini Project,Yamaltu Deba,Gombe,Gombe-WOFAN
deb401,Halima Isah,Female,Mini Project,Yamaltu Deba,Gombe,Gombe-WOFAN
deb402,Ibrahim Isah Garba,Male,Mini Project,Yamaltu Deba,Gombe,Gombe-WOFAN
deb403,Rabiu Marliya Yusuf,Female,Mini Project,Yamaltu Deba,Gombe,Gombe-WOFAN
deb404,Abubakar Muhammad,Male,Mini Project,Yamaltu Deba,Gombe,Gombe-WOFAN
deb405,Bila Ibrahim,Male,Mini Project,Yamaltu Deba,Gombe,Gombe-WOFAN
deb406,Samaila Suzana,Female,Mini Project,Yamaltu Deba,Gombe,Gombe-WOFAN
deb407,Yusuf Hussaini,Male,Mini Project,Yamaltu Deba,Gombe,Gombe-WOFAN
deb408,Christopher Anah,Male,Mini Project,Yamaltu Deba,Gombe,Gombe-WOFAN
deb409,Habiba Abdullahi,Female,Mini Project,Yamaltu Deba,Gombe,Gombe-WOFAN
dem400,Catherine Mathias,Female,Mini Project,Demsa,Adamawa,Adamawa-Farm Innovation
dem401,Sapwa'ada John Everson,Female,Mini Project,Demsa,Adamawa,Adamawa-Farm Innovation
dem402,Mighty Joraham,Female,Mini Project,Demsa,Adamawa,Adamawa-Farm Innovation
dem403,Pwatakaino Kefas Namasodo,Female,Mini Project,Demsa,Adamawa,Adamawa-Farm Innovation
demo01,Demo Demo,Male,Mini Project,Municipal Area Council,FCT,FCT-WOFAN
dukk400,Adamu Sabo,Male,Mini Project,Dukku,Gombe,Gombe-WOFAN
dukk401,Ashiru Babayo,Female,Mini Project,Dukku,Gombe,Gombe-WOFAN
dukk402,Zainab Abdullahi Chiroma,Female,Mini Project,Dukku,Gombe,Gombe-WOFAN
dukk403,Maryam Jabbo Abubakar,Female,Mini Project,Dukku,Gombe,Gombe-WOFAN
dukk404,Fatima Jibrin Ibrahim,Female,Mini Project,Dukku,Gombe,Gombe-WOFAN
dut400,Aliyu Muhammad,Male,Mini Project,Dutse,Jigawa,Jigawa-WOFAN
dut401,Aliyu K Muhd,Male,Mini Project,Dutse,Jigawa,Jigawa-WOFAN
dut402,Faith Salihu Alabi,Female,Mini Project,Dutse,Jigawa,Jigawa-WOFAN
dut403,Zainab Hassan,Female,Mini Project,Dutse,Jigawa,Jigawa-WOFAN
dut404,Abdulmalik Hussaini,Male,Mini Project,Dutse,Jigawa,Jigawa-WOFAN
dut405,Safiya Ismail,Female,Mini Project,Dutse,Jigawa,Jigawa-WOFAN
dut406,Saddika Yau,Female,Mini Project,Dutse,Jigawa,Jigawa-WOFAN
dut407,Marakisiya Muhammad Rashid,Female,Mini Project,Dutse,Jigawa,Jigawa-WOFAN
dut408,Hosea Tanko Danladi,Male,Mini Project,Dutse,Jigawa,Jigawa-WOFAN
dut409,Sulaiman Ahmad Sulaiman,Male,Mini Project,Dutse,Jigawa,Jigawa-WOFAN
dut410,Abdullahi Hamza,Male,Mini Project,Dutse,Jigawa,Jigawa-WOFAN
dut411,Aisha Muhammad,Female,Mini Project,Dutse,Jigawa,Jigawa-WOFAN
fag400,Farida Lawan Bala,Female,Mini Project,Fagge,Kano,Kano-WOFAN
fag401,Rukayya Sani,Female,Mini Project,Fagge,Kano,Kano-WOFAN
gan4001,Suwaiba A Sale,Female,Mini Project,Ganjuwa,Bauchi,Bauchi-WOFAN
gan4002,Mashakura Musa,Female,Mini Project,Ganjuwa,Bauchi,Bauchi-WOFAN
gan4003,Lawiza Sani Shehu,Female,Mini Project,Ganjuwa,Bauchi,Bauchi-WOFAN
gee400,Mary Agbo,Female,Mini Project,G/East,Benue,Benue-PVNL
gee401,Iorumbur Benedict Bem,Male,Mini Project,G/East,Benue,Benue-PVNL
gee402,Adaje Ijegwa,Male,Mini Project,G/East,Benue,Benue-PVNL
gee403,Terna Henry,Male,Mini Project,G/East,Benue,Benue-PVNL
gee404,Tarbee Mfanega Frank,Male,Mini Project,G/East,Benue,Benue-PVNL
gee405,Grace Mlumun Ugese,Female,Mini Project,G/East,Benue,Benue-PVNL
gee406,Orgo Vivian,Female,Mini Project,G/East,Benue,Benue-PVNL
gee407,Ayange Moses Melu,Male,Mini Project,G/East,Benue,Benue-PVNL
gir400,Hauwa Abubakar,Female,Mini Project,Girei,Adamawa,Adamawa-Farm Innovation
gir401,Payik Suleiman,Female,Mini Project,Girei,Adamawa,Adamawa-Farm Innovation
gir402,Haga Bunduku,Female,Mini Project,Girei,Adamawa,Adamawa-Farm Innovation
gir403,Tufonakwadan Benedict Daniel,Female,Mini Project,Girei,Adamawa,Adamawa-Farm Innovation
gle400,Bahijja Auwal Abdullahi,Female,Mini Project,Gwale,Kano,Kano-WOFAN
gle401,Nazifa Auwal Abdullahi,Female,Mini Project,Gwale,Kano,Kano-WOFAN
gle402,Fatima Abdullahi,Female,Mini Project,Gwale,Kano,Kano-WOFAN
gle403,Hafsa Mukhtar,Female,Mini Project,Gwale,Kano,Kano-WOFAN
gle404,Najib Kabir Ado,Male,Mini Project,Gwale,Kano,Kano-WOFAN
gle405,Umar Ibrahim,Male,Mini Project,Gwale,Kano,Kano-WOFAN
gle406,Hauwa Yakubu,Female,Mini Project,Gwale,Kano,Kano-WOFAN
gle407,Khadija Umar Muhammad,Female,Mini Project,Gwale,Kano,Kano-WOFAN
gle408,Aisha Bashir Usman,Female,Mini Project,Gwale,Kano,Kano-WOFAN
gle409,Bashir Magaji,Male,Mini Project,Gwale,Kano,Kano-WOFAN
gle410,Usman Aminu,Male,Mini Project,Gwale,Kano,Kano-WOFAN
gle411,Mustapha A Ibrahim,Male,Mini Project,Gwale,Kano,Kano-WOFAN
gle412,Bashir Ibrahim Umar,Male,Mini Project,Gwale,Kano,Kano-WOFAN
gle413,Maryam Sani Ashir,Female,Mini Project,Gwale,Kano,Kano-WOFAN
gle414,Abdulkadir Abubakar Goni,Male,Mini Project,Gwale,Kano,Kano-WOFAN
gle415,Ummukursim Adamu Durbunde,Male,Mini Project,Gwale,Kano,Kano-WOFAN
gmb400,Farida Mohammed,Female,Mini Project,Gombi,Adamawa,Adamawa-Farm Innovation
gmb401,Omega Irmiya,Female,Mini Project,Gombi,Adamawa,Adamawa-Farm Innovation
gmb402,Mary Dauda,Female,Mini Project,Gombi,Adamawa,Adamawa-Farm Innovation
gmb403,Adams Usman,Male,Mini Project,Gombi,Adamawa,Adamawa-Farm Innovation
gml4001,Khairat Auwal,Female,Mini Project,Garun Malam,Kano,Kano-WOFAN
gml4002,Aminu Sani Suleiman,Male,Mini Project,Garun Malam,Kano,Kano-WOFAN
gml4003,Iliyah Saleh Alhassan,Male,Mini Project,Garun Malam,Kano,Kano-WOFAN
gml4004,Ummukulseem Salisu,Female,Mini Project,Garun Malam,Kano,Kano-WOFAN
gml4005,Karimatu Adam,Female,Mini Project,Garun Malam,Kano,Kano-WOFAN
gml4006,Umar Muhammad Lawan,Male,Mini Project,Garun Malam,Kano,Kano-WOFAN
gml4007,Abubakar Umar,Male,Mini Project,Garun Malam,Kano,Kano-WOFAN
gom400,Usman Felix,Male,Mini Project,Gombe,Gombe,Gombe-WOFAN
gom4001,Hauwa Babayo,Female,Mini Project,Gombe,Gombe,Gombe-WOFAN
gom401,Elisha Sarfatu,Female,Mini Project,Gombe,Gombe,Gombe-WOFAN
gom402,Hauwau Usman Abubakar,Female,Mini Project,Gombe,Gombe,Gombe-WOFAN
gom403,Zara Aliyu Abba,Female,Mini Project,Gombe,Gombe,Gombe-WOFAN
gom404,Hauwa Hamza,Female,Mini Project,Gombe,Gombe,Gombe-WOFAN
gom405,Ikilima Abdulkareem Fatima,Female,Mini Project,Gombe,Gombe,Gombe-WOFAN
gom406,Keren Ayuba Chiroma,Female,Mini Project,Gombe,Gombe,Gombe-WOFAN
gom407,Aisha Adamu Musa,Female,Mini Project,Gombe,Gombe,Gombe-WOFAN
gom408,Lauratu Abdullahi,Female,Mini Project,Gombe,Gombe,Gombe-WOFAN
gom409,Mohammed Raqib Haruna,Male,Mini Project,Gombe,Gombe,Gombe-WOFAN
gom410,Babayo Magaji,Male,Mini Project,Gombe,Gombe,Gombe-WOFAN
gum400,Nguyilan Shakungwa,Female,Mini Project,Guma,Benue,Benue-PVNL
gum401,Terkende Michael Aondofa,Male,Mini Project,Guma,Benue,Benue-PVNL
gum402,Ujoh Rosemary Doom,Female,Mini Project,Guma,Benue,Benue-PVNL
gum403,Othaniel Orngu Iorungwa,Male,Mini Project,Guma,Benue,Benue-PVNL
gum404,Agnes Nguseer Usuh,Female,Mini Project,Guma,Benue,Benue-PVNL
gum405,Achir Emmmanuel,Male,Mini Project,Guma,Benue,Benue-PVNL
gwa4001,Dorathy Hyet,Male,Mini Project,Gwagwalada,FCT,FCT-WOFAN
gwa4002,Haruna Raliya Abubakar,Male,Mini Project,Gwagwalada,FCT,FCT-WOFAN
gwa4003,Shedrack John Terry,Male,Mini Project,Gwagwalada,FCT,FCT-WOFAN
gwa4004,Favour Ferguson Chiamaka,Male,Mini Project,Gwagwalada,FCT,FCT-WOFAN
gwa4005,Hadiza Umaru Mambo,Male,Mini Project,Gwagwalada,FCT,FCT-WOFAN
gwa4006,Aliyu Mohammed,Male,Mini Project,Gwagwalada,FCT,FCT-WOFAN
gwa4007,Elizabeth Thilama,Male,Mini Project,Gwagwalada,FCT,FCT-WOFAN
gwa4008,Isaiah Idowu Oluwaseun,Male,Mini Project,Gwagwalada,FCT,FCT-WOFAN
gwa4009,Gambo Kaura Samuel,Male,Mini Project,Gwagwalada,FCT,FCT-WOFAN
gwa4010,Fauziya Ishaq,Male,Mini Project,Gwagwalada,FCT,FCT-WOFAN
gwa4011,Bibiana Terumbu Tyokase,Male,Mini Project,Gwagwalada,FCT,FCT-WOFAN
gwa4012,Mary Yusuf,Male,Mini Project,Gwagwalada,FCT,FCT-WOFAN
gwa4013,Theophilus Reach,Male,Mini Project,Gwagwalada,FCT,FCT-WOFAN
gwa4014,Audu Yosi Ibrahim,Male,Mini Project,Gwagwalada Area Council,FCT,FCT-WOFAN
gwa4015,Umaru Salamatu Mambo,Male,Mini Project,Gwagwalada Area Council,FCT,FCT-WOFAN
gwa4016,Paulina Abbas,Male,Mini Project,Gwagwalada Area Council,FCT,FCT-WOFAN
gwa4017,Ebozele Miracle,Male,Mini Project,Gwagwalada Area Council,FCT,FCT-WOFAN
gwa4018,Idowu Jeremiah Oluwafemi,Male,Mini Project,Gwagwalada Area Council,FCT,FCT-WOFAN
gwa4019,Sule Faruk Galadima,Male,Mini Project,Gwagwalada Area Council,FCT,FCT-WOFAN
gwa4020,Jamila Abdullahi,Male,Mini Project,Gwagwalada Area Council,FCT,FCT-WOFAN
gwa4021,Esther Ajagbe,Male,Mini Project,Gwagwalada Area Council,FCT,FCT-WOFAN
gwa4023,Ayuba Timothy Destiny,Male,Mini Project,Gwagwalada Area Council,FCT,FCT-WOFAN
gwa4024,Hasbatullah Janan Tanimu,Male,Mini Project,Gwagwalada Area Council,FCT,FCT-WOFAN
gwa414,Audu Yosi Ibrahim,Male,Mini Project,Gwagwalada Area Council,FCT,FCT-WOFAN
gwa415,Umaru Salamatu Mambo,Male,Mini Project,Gwagwalada Area Council,FCT,FCT-WOFAN
gwa416,Paulina Abbas,Male,Mini Project,Gwagwalada Area Council,FCT,FCT-WOFAN
gwa417,Ebozele Miracle,Male,Mini Project,Gwagwalada Area Council,FCT,FCT-WOFAN
gwa418,Idowu Jeremiah Oluwafemi,Male,Mini Project,Gwagwalada Area Council,FCT,FCT-WOFAN
gwa419,Sule Faruk Galadima,Male,Mini Project,Gwagwalada Area Council,FCT,FCT-WOFAN
gwa420,Jamila Abdullahi,Male,Mini Project,Gwagwalada Area Council,FCT,FCT-WOFAN
gwa421,Esther Ajagbe,Male,Mini Project,Gwagwalada Area Council,FCT,FCT-WOFAN
gwa422,Mussawira Muhammad,Male,Mini Project,Gwagwalada Area Council,FCT,FCT-WOFAN
gwa423,Ayuba Timothy Destiny,Male,Mini Project,Gwagwalada Area Council,FCT,FCT-WOFAN
gwa425,Fatima Abubakar,Female,Mini Project,Gwagwalada,FCT,FCT-WOFAN
had400,Salma Muhammad Hadi,Female,Mini Project,Hadejia,Jigawa,Jigawa-WOFAN
had401,Annur Aminu Barde,Male,Mini Project,Hadejia,Jigawa,Jigawa-WOFAN
had402,Rakiya Usman,Female,Mini Project,Hadejia,Jigawa,Jigawa-WOFAN
had403,Nazifi Muhammad Auwal,Male,Mini Project,Hadejia,Jigawa,Jigawa-WOFAN
had404,Tashir Umar,Male,Mini Project,Hadejia,Jigawa,Jigawa-WOFAN
had405,Amina Muhammad Auwal,Female,Mini Project,Hadejia,Jigawa,Jigawa-WOFAN
had406,Fadilah Haruna Baita,Female,Mini Project,Hadejia,Jigawa,Jigawa-WOFAN
had407,Aminu Muhammed Garba,Male,Mini Project,Hadejia,Jigawa,Jigawa-WOFAN
had408,Nura Umar,Male,Mini Project,Hadejia,Jigawa,Jigawa-WOFAN
had409,Hasiya Isah,Female,Mini Project,Hadejia,Jigawa,Jigawa-WOFAN
had410,Laila Haruna Baita,Female,Mini Project,Hadejia,Jigawa,Jigawa-WOFAN
had411,Hussaina Muhd Auwal,Female,Mini Project,Hadejia,Jigawa,Jigawa-WOFAN
had412,Fatima Iliyasu Zakar,Female,Mini Project,Hadejia,Jigawa,Jigawa-WOFAN
had413,Yusuf Muhammad,Male,Mini Project,Hadejia,Jigawa,Jigawa-WOFAN
had414,Hauwa Muhammad Hadi,Female,Mini Project,Hadejia,Jigawa,Jigawa-WOFAN
had415,Fatima Muhammad Ubali,Female,Mini Project,Hadejia,Jigawa,Jigawa-WOFAN
hon400,Hya'ari K . Audu,Male,Mini Project,Hong,Adamawa,Adamawa-Farm Innovation
hon401,Gaji John Gundiri,Male,Mini Project,Hong,Adamawa,Adamawa-Farm Innovation
ika4001,Yusuf Maki,Male,Mini Project,Ikara,Kaduna,Kaduna-WOFAN
ika4002,Sani A. Abdullahi,Male,Mini Project,Ikara,Kaduna,Kaduna-WOFAN
ika4003,Mubarak Makama,Male,Mini Project,Ikara,Kaduna,Kaduna-WOFAN
ika4004,Aliyu Ishaq Aliyu,Male,Mini Project,Ikara,Kaduna,Kaduna-WOFAN
ika4005,Bello Suleiman,Male,Mini Project,Ikara,Kaduna,Kaduna-WOFAN
ika4006,Hajara Ladan,Female,Mini Project,Ikara,Kaduna,Kaduna-WOFAN
ika4007,Abubakar Sadiq,Male,Mini Project,Ikara,Kaduna,Kaduna-WOFAN
ika4008,Jamilu Saidu,Male,Mini Project,Ikara,Kaduna,Kaduna-WOFAN
ika4009,Adamu Usman,Male,Mini Project,Ikara,Kaduna,Kaduna-WOFAN
ika4010,Mamuda Musa,Male,Mini Project,Ikara,Kaduna,Kaduna-WOFAN
ika4011,Muhammad Bello Suleiman,Male,Mini Project,Ikara,Kaduna,Kaduna-WOFAN
ika4012,Victor Gaku,Male,Mini Project,Ikara,Kaduna,Kaduna-WOFAN
ika4013,Idris Abdullahi,Male,Mini Project,Ikara,Kaduna,Kaduna-WOFAN
ika4014,Fatima Ya'u,Female,Mini Project,Ikara,Kaduna,Kaduna-WOFAN
ika4015,Hauwau Ja'Afar,Female,Mini Project,Ikara,Kaduna,Kaduna-WOFAN
ika4016,Wumshi Nuhu,Female,Mini Project,Ikara,Kaduna,Kaduna-WOFAN
ika4017,Sani Dalhatu,Male,Mini Project,Ikara,Kaduna,Kaduna-WOFAN
jab400,Cyrus Ishaku,Male,Mini Project,Jaba,Kaduna,Kaduna 2-PVNL
jab401,Julius Somo,Male,Mini Project,Jaba,Kaduna,Kaduna 2-PVNL
jab402,Umaru Charity Lami,Female,Mini Project,Jaba,Kaduna,Kaduna 2-PVNL
jab403,Ruth Kurah,Female,Mini Project,Jaba,Kaduna,Kaduna 2-PVNL
jab404,Joseph Garba Yunana,Male,Mini Project,Jaba,Kaduna,Kaduna 2-PVNL
jab405,Evelyn Jonathan Markus,Female,Mini Project,Jaba,Kaduna,Kaduna 2-PVNL
jab406,Salama Fumen,Female,Mini Project,Jaba,Kaduna,Kaduna 2-PVNL
jah400,Maryam Abdulhadi Ahmad,Female,Mini Project,Jahun,Jigawa,Jigawa-WOFAN
jah4001,Tasi'U Sabo Aujara,Male,Mini Project,Jahun,Jigawa,Jigawa-WOFAN
jah4002,Junaidu Sale,Male,Mini Project,Jahun,Jigawa,Jigawa-WOFAN
jah4003,Halima Usman,Female,Mini Project,Jahun,Jigawa,Jigawa-WOFAN
jah4004,Binta Ibrahim,Female,Mini Project,Jahun,Jigawa,Jigawa-WOFAN
jah4005,Mardiyya Isyaku,Female,Mini Project,Jahun,Jigawa,Jigawa-WOFAN
jah4006,Hajjo Abdullah,Female,Mini Project,Jahun,Jigawa,Jigawa-WOFAN
jah4007,Bilkisu Mustapha,Female,Mini Project,Jahun,Jigawa,Jigawa-WOFAN
jah4008,Hussaini Aliyu,Male,Mini Project,Jahun,Jigawa,Jigawa-WOFAN
jah4009,Zainab Ali,Female,Mini Project,Jahun,Jigawa,Jigawa-WOFAN
jah401,Ibrahim Adamu Baita,Male,Mini Project,Jahun,Jigawa,Jigawa-WOFAN
jah4010,Maryam Kabiru Usman,Female,Mini Project,Jahun,Jigawa,Jigawa-WOFAN
jah4011,Haruna Ahmad,Male,Mini Project,Jahun,Jigawa,Jigawa-WOFAN
jah4012,Rabiu Haruna Muhammad,Male,Mini Project,Jahun,Jigawa,Jigawa-WOFAN
jah4013,Inuwa Shehu,Male,Mini Project,Jahun,Jigawa,Jigawa-WOFAN
jah4014,Shamsiyya Usman,Female,Mini Project,Jahun,Jigawa,Jigawa-WOFAN
jah4015,Sadi Nasiru,Male,Mini Project,Jahun,Jigawa,Jigawa-WOFAN
jah4016,Ummi Ahmad,Female,Mini Project,Jahun,Jigawa,Jigawa-WOFAN
jah4017,Abba Dahiru,Male,Mini Project,Jahun,Jigawa,Jigawa-WOFAN
jah4018,Auwal Sabo,Male,Mini Project,Jahun,Jigawa,Jigawa-WOFAN
jah4019,Baffa Ibrahim,Male,Mini Project,Jahun,Jigawa,Jigawa-WOFAN
jah402,Ibrahim Magaji,Male,Mini Project,Jahun,Jigawa,Jigawa-WOFAN
jah4020,Shehu Ibrahim,Male,Mini Project,Jahun,Jigawa,Jigawa-WOFAN
jah403,Nafiu Ismail,Male,Mini Project,Jahun,Jigawa,Jigawa-WOFAN
jah404,Ummukulsum Umar Abbas,Female,Mini Project,Jahun,Jigawa,Jigawa-WOFAN
jah405,Fatima Aminu Danmallam,Female,Mini Project,Jahun,Jigawa,Jigawa-WOFAN
jah406,Abdulmajid Umar,Male,Mini Project,Jahun,Jigawa,Jigawa-WOFAN
jah407,Ibrahim Sabo Hamza,Male,Mini Project,Jahun,Jigawa,Jigawa-WOFAN
jah408,Usman Aminu Danmalam,Male,Mini Project,Jahun,Jigawa,Jigawa-WOFAN
jah409,Ahmadu Sule,Male,Mini Project,Jahun,Jigawa,Jigawa-WOFAN
jah410,Bilkisu Salisu,Female,Mini Project,Jahun,Jigawa,Jigawa-WOFAN
jah411,Mardiya Isyaku,Female,Mini Project,Jahun,Jigawa,Jigawa-WOFAN
jah412,Zainab Ali,Female,Mini Project,Jahun,Jigawa,Jigawa-WOFAN
jah413,Muhammad Arab,Male,Mini Project,Jahun,Jigawa,Jigawa-WOFAN
jah414,Mubarak Arab,Male,Mini Project,Jahun,Jigawa,Jigawa-WOFAN
jah415,Auwalu Sabo,Male,Mini Project,Jahun,Jigawa,Jigawa-WOFAN
jah416,Sunusi Shuaibu,Male,Mini Project,Jahun,Jigawa,Jigawa-WOFAN
jam400,Orpha lliya,Female,Mini Project,Jama'a,Kaduna,Kaduna 2-PVNL
jam401,Sarah Zabrang Yakubu,Female,Mini Project,Jama'a,Kaduna,Kaduna 2-PVNL
jam402,Stephen Samuel,Male,Mini Project,Jama'a,Kaduna,Kaduna 2-PVNL
jam403,Abdulrasheed Babaji Husaini,Male,Mini Project,Jama'a,Kaduna,Kaduna 2-PVNL
jam404,Jessica Daniel,Female,Mini Project,Jama'a,Kaduna,Kaduna 2-PVNL
jam405,Happy Livinus,Female,Mini Project,Jama'a,Kaduna,Kaduna 2-PVNL
jam406,Joy Salihu Ali,Female,Mini Project,Jama'a,Kaduna,Kaduna 2-PVNL
jam407,Abel Ezra,Male,Mini Project,Jama'a,Kaduna,Kaduna 2-PVNL
jam408,Finum Isaac,Male,Mini Project,Jama'a,Kaduna,Kaduna 2-PVNL
jam409,Patience Kevin,Female,Mini Project,Jama'a,Kaduna,Kaduna 2-PVNL
kab400,Amina Dahiru Usman,Female,Mini Project,Kabo,Kano,Kano-WOFAN
kab4001,Amina Dahiru Usman,Female,Mini Project,Kabo,Kano,Kano-WOFAN
kab4002,Abdussalam Abubakar Abdussalam,Male,Mini Project,,Kano,Kano-WOFAN
kab4003,Bilyaminu Abdusdalam,Male,Mini Project,Kabo,Kano,Kano-WOFAN
kab4004,Furera Yusuf Usman,Female,Mini Project,Kabo,Kano,Kano-WOFAN
kab4005,Hassan Usman,Male,Mini Project,Kabo,Kano,Kano-WOFAN
kab4006,Rumasau Rabiu,Female,Mini Project,Kabo,Kano,Kano-WOFAN
kab4007,Mustapha Shafiu Haruna,Male,Mini Project,Kabo,Kano,Kano-WOFAN
kab4008,Fatima Shuaibu Haruna,Female,Mini Project,Kabo,Kano,Kano-WOFAN
kab4009,Shamsuddeen Usman,Male,Mini Project,Kabo,Kano,Kano-WOFAN
kab401,Abdussalam Abubakar Abdussalam,Male,Mini Project,Kabo,Kano,Kano-WOFAN
kab4010,Kudsiyya Sani Usman,Female,Mini Project,Kabo,Kano,Kano-WOFAN
kab4011,Bashir Sulaiman Muhammad,Male,Mini Project,Kabo,Kano,Kano-WOFAN
kab4012,Amina Tasiu,Female,Mini Project,Kabo,Kano,Kano-WOFAN
kab4013,Saifullahi Magaji,Male,Mini Project,Kabo,Kano,Kano-WOFAN
kab4014,Aliyu Muhammad Auwal,Male,Mini Project,Kabo,Kano,Kano-WOFAN
kab4015,Amina Aminu Usman,Female,Mini Project,Kabo,Kano,Kano-WOFAN
kab4016,Hauwau Jafar Imam,Female,Mini Project,Kabo,Kano,Kano-WOFAN
kab4017,Abubakar Usman,Male,Mini Project,Kabo,Kano,Kano-WOFAN
kab4019,Mustapha Usman,Male,Mini Project,Kabo,Kano,Kano-WOFAN
kab402,Furera Yusuf Usman,Female,Mini Project,Kabo,Kano,Kano-WOFAN
kab4020,Ruqayya Bala,Male,Mini Project,Kabo,Kano,Kano-WOFAN
kab4021,Umma Usman,Male,Mini Project,Kabo,Kano,Kano-WOFAN
kab4022,Aisha Inusa,Male,Mini Project,Kabo,Kano,Kano-WOFAN
kab403,Hassan Usman,Male,Mini Project,Kabo,Kano,Kano-WOFAN
kab404,Abubakar Usman,Male,Mini Project,Kabo,Kano,Kano-WOFAN
kab405,Mustapha Usman,Male,Mini Project,Kabo,Kano,Kano-WOFAN
kab406,Ruqayya Bala,Male,Mini Project,Kabo,Kano,Kano-WOFAN
kab407,Umma Usman,Male,Mini Project,Kabo,Kano,Kano-WOFAN
kab408,Aisha Inusa,Male,Mini Project,Kabo,Kano,Kano-WOFAN
kab409,Rumasau Rabiu,Female,Mini Project,Kabo,Kano,Kano-WOFAN
kab410,Mustapha Shafiu Haruna,Male,Mini Project,Kabo,Kano,Kano-WOFAN
kab411,Fatima Shuaibu Haruna,Female,Mini Project,Kabo,Kano,Kano-WOFAN
kab412,Shamsuddeen Usman,Male,Mini Project,Kabo,Kano,Kano-WOFAN
kab413,Kudsiyya Sani Usman,Female,Mini Project,Kabo,Kano,Kano-WOFAN
kab414,Bashir Sulaiman Muhammad,Male,Mini Project,Kabo,Kano,Kano-WOFAN
kab415,Amina Tasiu,Female,Mini Project,Kabo,Kano,Kano-WOFAN
kab416,Saifullahi Magaji,Male,Mini Project,Kabo,Kano,Kano-WOFAN
kab417,Aliyu Muhammad Auwal,Male,Mini Project,Kabo,Kano,Kano-WOFAN
kab418,Amina Aminu Usman,Female,Mini Project,Kabo,Kano,Kano-WOFAN
kab419,Hauwau Jafar Imam,Female,Mini Project,Kabo,Kano,Kano-WOFAN
kac400,Catherine Philip,Female,Mini Project,Kachia,Kaduna,Kaduna 2-PVNL
kac401,Gaius Yunana,Male,Mini Project,Kachia,Kaduna,Kaduna 2-PVNL
kac402,Musa Joseph,Male,Mini Project,Kachia,Kaduna,Kaduna 2-PVNL
kac403,Nathan Danjuma Sarki,Male,Mini Project,Kachia,Kaduna,Kaduna 2-PVNL
kac404,Ruth Agom James,Female,Mini Project,Kachia,Kaduna,Kaduna 2-PVNL
kac405,Chere Jidona Jimmy,Male,Mini Project,Kachia,Kaduna,Kaduna 2-PVNL
kac406,Samuel Kobo,Male,Mini Project,Kachia,Kaduna,Kaduna 2-PVNL
kac407,Bernard Raphael,Male,Mini Project,Kachia,Kaduna,Kaduna 2-PVNL
kac408,Bala Kantiyok,Male,Mini Project,Kachia,Kaduna,Kaduna 2-PVNL
kadn400,Abdul Rasheed Abdulsalam,Male,Mini Project,Kaduna North,Kaduna,Kaduna 1-PVNL
kadn401,Michael Danjuma,Male,Mini Project,Kaduna North,Kaduna,Kaduna 1-PVNL
kadn402,Christiana Agaba,Female,Mini Project,Kaduna North,Kaduna,Kaduna 1-PVNL
kadn403,Hosea Ishaku,Male,Mini Project,Kaduna North,Kaduna,Kaduna 1-PVNL
kadn404,Gideon Andrew,Male,Mini Project,Kaduna North,Kaduna,Kaduna 1-PVNL
kadn405,Hafsat Bala,Female,Mini Project,Kaduna North,Kaduna,Kaduna 1-PVNL
kadn406,Ishaya Godiya Mary,Female,Mini Project,Kaduna North,Kaduna,Kaduna 1-PVNL
kads400,Peace Inuwa,Female,Mini Project,Kaduna South,Kaduna,Kaduna 1-PVNL
kads401,Amina Yem,Female,Mini Project,Kaduna South,Kaduna,Kaduna 1-PVNL
kads402,Limaro Ishaya,Female,Mini Project,Kaduna South,Kaduna,Kaduna 1-PVNL
kads403,Barde Garba Marvin,Male,Mini Project,Kaduna South,Kaduna,Kaduna 1-PVNL
kads404,Daniel Samuel,Male,Mini Project,Kaduna South,Kaduna,Kaduna 1-PVNL
kads405,Godiya Yohanna Waziri,Female,Mini Project,Kaduna South,Kaduna,Kaduna 1-PVNL
kads406,Amina Bature,Female,Mini Project,Kaduna South,Kaduna,Kaduna 1-PVNL
kads407,Anna Shekwoyemi Dauda,Female,Mini Project,Kaduna South,Kaduna,Kaduna 1-PVNL
kads408,Hannatu Muktar Yusuf,Female,Mini Project,Kaduna South,Kaduna,Kaduna-PVNL
kaf400,Abubakar Maje Isah,Male,Mini Project,Kafin Hausa,Jigawa,Jigawa-WOFAN
kaf401,Mustapha Muhammad,Male,Mini Project,Kafin Hausa,Jigawa,Jigawa-WOFAN
kaf402,Tijjani Yahaya,Male,Mini Project,Kafin Hausa,Jigawa,Jigawa-WOFAN
kaf403,Idris Abdullahi Zakar,Male,Mini Project,Kafin Hausa,Jigawa,Jigawa-WOFAN
kaf404,Dahiru Yunusa,Male,Mini Project,Kafin Hausa,Jigawa,Jigawa-WOFAN
kaf405,Kabiru Hassan,Male,Mini Project,Kafin Hausa,Jigawa,Jigawa-WOFAN
kaf406,Amina Garba Abdullahi,Female,Mini Project,Kafin Hausa,Jigawa,Jigawa-WOFAN
kaf407,Muhammad Abdulwahab,Male,Mini Project,Kafin Hausa,Jigawa,Jigawa-WOFAN
kaf408,Fatima Abdullahi,Female,Mini Project,Kafin Hausa,Jigawa,Jigawa-WOFAN
kaf409,Zakar Ibrahim,Male,Mini Project,Kafin Hausa,Jigawa,Jigawa-WOFAN
kaf410,Abbas Ahmad S,Male,Mini Project,Kafin Hausa,Jigawa,Jigawa-WOFAN
kaf411,Abdulhameed Mukhtar,Male,Mini Project,Kafin Hausa,Jigawa,Jigawa-WOFAN
kaf412,Salma Muhammad Toro,Female,Mini Project,Kafin Hausa,Jigawa,Jigawa-WOFAN
kaf413,Sulaiman Sidi Sulaiman,Male,Mini Project,Kafin Hausa,Jigawa,Jigawa-WOFAN
kaf414,Fatima Ahmad Labbo,Female,Mini Project,Kafin Hausa,Jigawa,Jigawa-WOFAN
kag400,Ibrahim Kabiru,Male,Mini Project,Kagarko,Kaduna,Kaduna 1-PVNL
kag401,James Yero Haro,Male,Mini Project,Kagarko,Kaduna,Kaduna 1-PVNL
kag402,Patience Gabriel,Female,Mini Project,Kagarko,Kaduna,Kaduna 1-PVNL
kag403,Shunom Elisha Yakubu,Male,Mini Project,Kagarko,Kaduna,Kaduna 1-PVNL
kaj400,Daniel John,Male,Mini Project,Kajuru,Kaduna,Kaduna 2-PVNL
kaj401,Baiwa Oba Kwasau,Female,Mini Project,Kajuru,Kaduna,Kaduna 2-PVNL
kaj402,Comfort John,Female,Mini Project,Kajuru,Kaduna,Kaduna 2-PVNL
kaj403,Jaafaru Dominic,Male,Mini Project,Kajuru,Kaduna,Kaduna 2-PVNL
kaj404,Reuben Magaji,Male,Mini Project,Kajuru,Kaduna,Kaduna 2-PVNL
kaj405,Samuel Tajo Gideon,Male,Mini Project,Kajuru,Kaduna,Kaduna 2-PVNL
kaj406,Naomi Stephen,Female,Mini Project,Kajuru,Kaduna,Kaduna 2-PVNL
kal4001,Hadiza Umar,Female,Mini Project,Kaltungo,Gombe,Gombe-WOFAN
kal4002,Ibrahim Eunice Kalatau,Female,Mini Project,Kaltungo,Gombe,Gombe-WOFAN
kal4003,Thomas Ezbon Thomas,Male,Mini Project,Kaltungo,Gombe,Gombe-WOFAN
kam400,Muhammad Hafsat,Female,Mini Project,Kaugama,Jigawa,Jigawa-WOFAN
kam401,Isah Yusuf,Male,Mini Project,Kaugama,Jigawa,Jigawa-WOFAN
kam402,Saddiqa Muhd,Female,Mini Project,Kaugama,Jigawa,Jigawa-WOFAN
kam403,Aliyu Saidu Ismail,Male,Mini Project,Kaugama,Jigawa,Jigawa-WOFAN
kam404,Adamu Garba,Male,Mini Project,Kaugama,Jigawa,Jigawa-WOFAN
kam405,Rammanatu Auwalu,Female,Mini Project,Kaugama,Jigawa,Jigawa-WOFAN
kam406,Shamaki Muhammed,Male,Mini Project,Kaugama,Jigawa,Jigawa-WOFAN
kam407,Aminu Ado Kaugama,Male,Mini Project,Kaugama,Jigawa,Jigawa-WOFAN
kam408,Yanbiyu Aliyu,Male,Mini Project,Kaugama,Jigawa,Jigawa-WOFAN
kam409,Rahilat Muhammad Yakub,Female,Mini Project,Kaugama,Jigawa,Jigawa-WOFAN
kan400,Hassan Salisu,Male,Mini Project,Kano Municipal,Kano,Kano-WOFAN
kan4001,Ibrahim Yakubu,Male,Mini Project,Kano Municipal,Kano,Kano-WOFAN
kan4002,Abasiya Sani,Female,Mini Project,Kano Municipal,Kano,Kano-WOFAN
kan4003,Harisu Sani Hayatu,Male,Mini Project,Kano Municipal,Kano,Kano-WOFAN
kan4004,Isiyaku Muhd Isah,Male,Mini Project,Kano Municipal,Kano,Kano-WOFAN
kan4005,Adamu Musa,Male,Mini Project,Kano Municipal,Kano,Kano-WOFAN
kan4006,Hauwa Isiyaku,Female,Mini Project,Kano Municipal,Kano,Kano-WOFAN
kan4007,Muhammad Yahaya,Male,Mini Project,Kano Municipal,Kano,Kano-WOFAN
kan4008,Fiddausi Ayuba,Female,Mini Project,Kano Municipal,Kano,Kano-WOFAN
kan4009,Muhammad Sani,Male,Mini Project,Kano Municipal,Kano,Kano-WOFAN
kan401,Hajara Danladi,Female,Mini Project,Kano Municipal,Kano,Kano-WOFAN
kan402,Haruna Musa Zakaria,Male,Mini Project,Kano Municipal,Kano,Kano-WOFAN
kan403,Abduljabbar Lawan Abdullahi,Male,Mini Project,Kano Municipal,Kano,Kano-WOFAN
kan404,Ahmad Isa Said,Male,Mini Project,Kano Municipal,Kano,Kano-WOFAN
kan405,Mustapha Abdullahi Muhammad,Male,Mini Project,Kano Municipal,Kano,Kano-WOFAN
kan406,Muftahu Sani Hayatu,Male,Mini Project,Kano Municipal,Kano,Kano-WOFAN
kan407,Yassar Ibrahim Zubairu,Male,Mini Project,Kano Municipal,Kano,Kano-WOFAN
kan408,Farida Ayuba Ibrahim,Female,Mini Project,Kano Municipal,Kano,Kano-WOFAN
kan409,Hajara Muhammad Abdullahi,Female,Mini Project,Kano Municipal,Kano,Kano-WOFAN
kan410,Aisha Musa,Female,Mini Project,Kano Municipal,Kano,Kano-WOFAN
kan411,Rukayya Ibrahim Abdullahi,Female,Mini Project,Kano Municipal,Kano,Kano-WOFAN
kan412,Khadija Lawan Ahmad,Female,Mini Project,Kano Municipal,Kano,Kano-WOFAN
kan413,Saudat Auwal Yunus,Female,Mini Project,Kano Municipal,Kano,Kano-WOFAN
kan414,Rabiu Musa Aliyu,Male,Mini Project,Kano Municipal,Kano,Kano-WOFAN
kan415,Aliyu Usman Mustapha,Male,Mini Project,Kano Municipal,Kano,Kano-WOFAN
kan416,Abdulaziz Abubakar Danladi,Male,Mini Project,Kano Municipal,Kano,Kano-WOFAN
kan417,Bashir Yakubu,Male,Mini Project,Kano Municipal,Kano,Kano-WOFAN
kan418,Aisha Aliyu Sulaiman,Female,Mini Project,Kano Municipal,Kano,Kano-WOFAN
kan419,Fatima Musa Usman,Female,Mini Project,Kano Municipal,Kano,Kano-WOFAN
kan420,Khadija Musa Usman,Female,Mini Project,Kano Municipal,Kano,Kano-WOFAN
kan421,Rabia Adam Umar,Female,Mini Project,Kano Municipal,Kano,Kano-WOFAN
kan422,Jamilu Ibrahim Yakasai,Male,Mini Project,Kano Municipal,Kano,Kano-WOFAN
kan423,Salma Adnan,Female,Mini Project,Kano Municipal,Kano,Kano-WOFAN
kan424,Musa Muhammad Shehu,Male,Mini Project,Kano Municipal,Kano,Kano-WOFAN
kan425,Zainab Hamza Abdullahi,Female,Mini Project,Kano Municipal,Kano,Kano-WOFAN
kar400,Abigail Wuni Ayuba,Female,Mini Project,Karu,Nasarawa,Nasarawa-PVNL
kar401,Magdaline Bala,Female,Mini Project,Karu,Nasarawa,Nasarawa-PVNL
kar402,Jibrin Iklima,Female,Mini Project,Karu,Nasarawa,Nasarawa-PVNL
kar403,Stephen Musa,Male,Mini Project,Karu,Nasarawa,Nasarawa-PVNL
kar404,Dorathy Asukudu,Female,Mini Project,Karu,Nasarawa,Nasarawa-PVNL
kar405,Awyetu Danjuma,Female,Mini Project,Karu,Nasarawa,Nasarawa-PVNL
kar406,Isa Bashir Aselema,Female,Mini Project,Karu,Nasarawa,Nasarawa-PVNL
kar407,Eche Blessing Ojum,Female,Mini Project,Karu,Nasarawa,Nasarawa-PVNL
kar408,Christy Gideon,Female,Mini Project,Karu,Nasarawa,Nasarawa-PVNL
kar410,Gimba Faith Emmanuel,Female,Mini Project,Karu,Nasarawa,Nasarawa-PVNL
kau400,Slvia Nayari,Female,Mini Project,Kaura,Kaduna,Kaduna 2-PVNL
kau401,Edward Joshua,Male,Mini Project,Kaura,Kaduna,Kaduna 2-PVNL
kau402,Cletus Shuwai Amos,Male,Mini Project,Kaura,Kaduna,Kaduna 2-PVNL
kau403,Yanet Zaka Yagwon,Male,Mini Project,Kaura,Kaduna,Kaduna 2-PVNL
kau404,Joji Blessing,Female,Mini Project,Kaura,Kaduna,Kaduna 2-PVNL
kauu400,Ruga Gwari Joffrey,Male,Mini Project,Kauru,Kaduna,Kaduna 1-PVNL
kauu401,Musa Stephen Musa,Male,Mini Project,Kauru,Kaduna,Kaduna 1-PVNL
kauu402,Blessing Dau,Female,Mini Project,Kauru,Kaduna,Kaduna 1-PVNL
kauu403,Bobai Jeremiah Austine,Male,Mini Project,Kauru,Kaduna,Kaduna 1-PVNL
kauu404,Moses Ibrahim,Male,Mini Project,Kauru,Kaduna,Kaduna 1-PVNL
kef400,Hannah Jatau,Female,Mini Project,Keffi,Nasarawa,Nasarawa-PVNL
kef401,Blessing Samuel,Female,Mini Project,Keffi,Nasarawa,Nasarawa-PVNL
kef402,Enjola Matthew,Female,Mini Project,Keffi,Nasarawa,Nasarawa-PVNL
kef403,Ogah Ejembi Thomas,Male,Mini Project,Keffi,Nasarawa,Nasarawa-PVNL
kef404,Henry Goni,Male,Mini Project,Keffi,Nasarawa,Nasarawa-PVNL
kef405,Edwin A. Laka,Male,Mini Project,Keffi,Nasarawa,Nasarawa-PVNL
kef406,Christiana Ibrahim Mohammed,Female,Mini Project,Keffi,Nasarawa,Nasarawa-PVNL
kef407,Aliyu Abubakar,Male,Mini Project,keffi,Nasarawa,Nasarawa-PVNL
kef408,Comfort Kyutaluta Timothy,Female,Mini Project,Keffi,Nasarawa,Nasarawa-PVNL
kif400,Shehu Saleh,Male,Mini Project,Kirfi,Bauchi,Bauchi-WOFAN
kif401,Halima Ibrahim,Female,Mini Project,Kirfi,Bauchi,Bauchi-WOFAN
kir400,"Hauwa,U Abdullahi",Female,Mini Project,Kiru,Kano,Kano-WOFAN
kir4001,Faiza Labaran Shehu,Female,Mini Project,Kiru,Kano,Kano-WOFAN
kir4002,Samira Yusif Ishaq,Female,Mini Project,Kiru,Kano,Kano-WOFAN
kir4003,Mahmoud Mukhtar,Male,Mini Project,Kiru,Kano,Kano-WOFAN
kir4004,Suwaiba Muktar Umar,Female,Mini Project,Kiru,Kano,Kano-WOFAN
kir4005,Labiru Haruna Muhammad,Male,Mini Project,Kiru,Kano,Kano-WOFAN
kir4006,Hauwau Rabe,Female,Mini Project,Kiru,Kano,Kano-WOFAN
kir4007,Nuraddeen Shehu Mustapha,Male,Mini Project,Kiru,Kano,Kano-WOFAN
kir401,Hauwa'u Sani Sale,Female,Mini Project,Kiru,Kano,Kano-WOFAN
kir402,Asma'U Musa S Yalwa,Female,Mini Project,Kiru,Kano,Kano-WOFAN
kiy400,Alesau Musa,Male,Mini Project,Kiyawa,Jigawa,Jigawa-WOFAN
kiy401,Ummi Musa,Female,Mini Project,Kiyawa,Jigawa,Jigawa-WOFAN
kiy402,Jabir Aminu Nuhu,Male,Mini Project,Kiyawa,Jigawa,Jigawa-WOFAN
kiy403,Abba Basiru,Male,Mini Project,Kiyawa,Jigawa,Jigawa-WOFAN
kiy404,Hassana Kabir Baffah,Female,Mini Project,Kiyawa,Jigawa,Jigawa-WOFAN
kiy405,Ahmad Ukashatu,Male,Mini Project,Kiyawa,Jigawa,Jigawa-WOFAN
kiy406,Saifullahi Aminu,Male,Mini Project,Kiyawa,Jigawa,Jigawa-WOFAN
kiy407,Maryam Aliyu,Female,Mini Project,Kiyawa,Jigawa,Jigawa-WOFAN
kiy408,Suleiman Dalhatu,Male,Mini Project,Kiyawa,Jigawa,Jigawa-WOFAN
kiy409,Aliyu Abdullahi Makama,Male,Mini Project,Kiyawa,Jigawa,Jigawa-WOFAN
kiy410,Jamila Mustapha Ahmad,Female,Mini Project,Kiyawa,Jigawa,Jigawa-WOFAN
kiy411,Gali Hassan,Male,Mini Project,Kiyawa,Jigawa,Jigawa-WOFAN
kiy412,Jamilu Abdullahi,Male,Mini Project,Kiyawa,Jigawa,Jigawa-WOFAN
kiy413,Zakiya Saleh,Female,Mini Project,Kiyawa,Jigawa,Jigawa-WOFAN
kuj4001,Angela Ankyang,Male,Mini Project,Kuje,FCT,FCT-WOFAN
kuj4002,Henry Sunday Daniel,Male,Mini Project,Kuje,FCT,FCT-WOFAN
kuj4003,Elizabeth Oni Ronke,Male,Mini Project,Kuje,FCT,FCT-WOFAN
kuj4004,Roseline Verdi Joseph,Male,Mini Project,Kuje,FCT,FCT-WOFAN
kuj4005,Martins Malachi,Male,Mini Project,Kuje,FCT,FCT-WOFAN
kuj4006,Amali Ameh Joseph,Male,Mini Project,Kuje,FCT,FCT-WOFAN
kuj4007,Adigun Blessing Oyebisi,Male,Mini Project,Kuje,FCT,FCT-WOFAN
kuj4008,Philip Timothy Shagi,Male,Mini Project,Kuje Area Council,FCT,FCT-WOFAN
kuj4009,James Cynthia,Male,Mini Project,Kuje Area Council,FCT,FCT-WOFAN
kuj4010,Muhammad Dahiru Mailafiya,Male,Mini Project,Kuje Area Council,FCT,FCT-WOFAN
kuj4011,Grace Akande,Male,Mini Project,Kuje Area Council,FCT,FCT-WOFAN
kuj408,Philip Timothy Shagi,Male,Mini Project,Kuje Area Council,FCT,FCT-WOFAN
kuj409,James Cynthia,Male,Mini Project,Kuje Area Council,FCT,FCT-WOFAN
kuj410,Muhammad Dahiru Mailafiya,Male,Mini Project,Kuje Area Council,FCT,FCT-WOFAN
kuj411,Grace Akande,Male,Mini Project,Kuje Area Council,FCT,FCT-WOFAN
kum400,Abubakar Abdullahi Musa,Male,Mini Project,Kumbotso,Kano,Kano-WOFAN
kum401,Musa Ibrahim,Male,Mini Project,Kunbotso,Kano,Kano-WOFAN
kum402,Mustapha Muktar Ibrahim,Male,Mini Project,Kunbotso,Kano,Kano-WOFAN
kur4001,Sadiya Abdulmudallib Sani,Female,Mini Project,Kura,Kano,Kano-WOFAN
kur4002,Jamila Labaran,Female,Mini Project,Kura,Kano,Kano-WOFAN
kur4003,Aminu Jibril Ishaq,Male,Mini Project,Kura,Kano,Kano-WOFAN
kur4004,Fatima Ali Idris,Female,Mini Project,Kura,Kano,Kano-WOFAN
kur4005,Muhammad Tasiu Salisu,Male,Mini Project,Kura,Kano,Kano-WOFAN
kwa400,Joshua Stephen,Male,Mini Project,Kwami,Gombe,Gombe-WOFAN
kwa4001,Victoria Nnaye Mathew,Male,Mini Project,Kwali,FCT,FCT-WOFAN
kwa4002,Akeredolu Damilola Temitope,Male,Mini Project,Kwali,FCT,FCT-WOFAN
kwa4003,Yahaya Abdulmajeed,Male,Mini Project,Kwali,FCT,FCT-WOFAN
kwa4004,Saratu Rabiu,Male,Mini Project,Kwali,FCT,FCT-WOFAN
kwa4005,Ahmad Fatima,Male,Mini Project,Kwali,FCT,FCT-WOFAN
kwa4006,Abubakar Aisha,Male,Mini Project,Kwali,FCT,FCT-WOFAN
kwa4007,Abubakar Alabi Omolowo,Male,Mini Project,Kwali,FCT,FCT-WOFAN
kwa4008,Lubabatu Abdullahi Ebbo,Male,Mini Project,Kwali,FCT,FCT-WOFAN
kwa4009,Samson Isaac,Male,Mini Project,Kwali,FCT,FCT-WOFAN
kwa401,Nafiu Manga,Male,Mini Project,Kwami,Gombe,Gombe-WOFAN
kwa4010,Nafisat Shuaibu,Male,Mini Project,Kwali,FCT,FCT-WOFAN
kwa4011,Ibrahim Adamu,Male,Mini Project,Kwali,FCT,FCT-WOFAN
kwa4012,Halimatusadiya Muhammad Abdullahi,Male,Mini Project,Kwali,FCT,FCT-WOFAN
kwa4013,Alhassan Hamidu,Male,Mini Project,Kwali Area Council,FCT,FCT-WOFAN
kwa4014,Paul Theophilus,Male,Mini Project,Kwali Area Council,FCT,FCT-WOFAN
kwa4016,Adamu Faisal,Male,Mini Project,Kwali Area Council,FCT,FCT-WOFAN
kwa4017,Daudu Nama Joy,Male,Mini Project,Kwali Area Council,FCT,FCT-WOFAN
kwa4018,Ahmed Isaac Kabir,Male,Mini Project,Kwali Area Council,FCT,FCT-WOFAN
kwa4019,Waliu Monsuru Adetunji,Male,Mini Project,Kwali Area Council,FCT,FCT-WOFAN
kwa402,Buhari Haruna Salihu,Male,Mini Project,Kwami,Gombe,Gombe-WOFAN
kwa403,Aisha Abdullahi,Female,Mini Project,Kwami,Gombe,Gombe-WOFAN
kwa404,Yodah Solomon Magaji,Male,Mini Project,Kwami,Gombe,Gombe-WOFAN
kwa405,Gladys Gideon Mailafiya,Female,Mini Project,Kwami,Gombe,Gombe-WOFAN
kwa406,Lazarus Titus,Male,Mini Project,Kwami,Gombe,Gombe-WOFAN
kwa413,Alhassan Hamidu,Male,Mini Project,Kwali Area Council,FCT,FCT-WOFAN
kwa414,Paul Theophilus,Male,Mini Project,Kwali Area Council,FCT,FCT-WOFAN
kwa415,Ibrahim Zainab Ashara,Male,Mini Project,Kwali Area Council,FCT,FCT-WOFAN
kwa416,Adamu Faisal,Male,Mini Project,Kwali Area Council,FCT,FCT-WOFAN
kwa417,Daudu Nama Joy,Male,Mini Project,Kwali Area Council,FCT,FCT-WOFAN
kwa418,Ahmed Isaac Kabir,Male,Mini Project,Kwali Area Council,FCT,FCT-WOFAN
kwa419,Waliu Monsuru Adetunji,Male,Mini Project,Kwali Area Council,FCT,FCT-WOFAN
laf400,Amudo Patience,Female,Mini Project,Lafia,Nasarawa,Nasarawa-PVNL
laf401,Sunita Binta,Female,Mini Project,Lafia,Nasarawa,Nasarawa-PVNL
laf402,Alhassan A. Precious,Female,Mini Project,Lafia,Nasarawa,Nasarawa-PVNL
laf406,Joyce Mwuanret Guwal,Female,Mini Project,Lafia,Nasarawa,Nasarawa-PVNL
laf407,Anda Patricia Simon,Female,Mini Project,Lafia,Nasarawa,Nasarawa-PVNL
laf408,Ushahemba Kachina,Male,Mini Project,Lafia,Nasarawa,Nasarawa-PVNL
laf409,Rekiya Mercy,Female,Mini Project,Lafia,Nasarawa,Nasarawa-PVNL
mad400,Saudat Yusuf Ismail,Female,Mini Project,Madobi,Kano,Kano-WOFAN
mad401,Ibrahim Musa Abubakar,Male,Mini Project,Madobi,Kano,Kano-WOFAN
mad402,Adamu Musa Jinjiri,Male,Mini Project,Madobi,Kano,Kano-WOFAN
mad403,Abubakar Idris Abdulmumin,Male,Mini Project,Madobi,Kano,Kano-WOFAN
mad404,Jamila Shehu Adam,Female,Mini Project,Madobi,Kano,Kano-WOFAN
mad405,Isa Bilya,Male,Mini Project,Madobi,Kano,Kano-WOFAN
mad406,Nafisat Abdulkadir Dahiru,Female,Mini Project,Madobi,Kano,Kano-WOFAN
mad407,Hafsat Hamza Akilu,Female,Mini Project,Madobi,Kano,Kano-WOFAN
mad408,Humaira Nasiru Yusuf,Female,Mini Project,Madobi,Kano,Kano-WOFAN
mad409,Abubakar Mudassir Lawan,Male,Mini Project,Madobi,Kano,Kano-WOFAN
mad410,Khadija Ahmad Shuaibu,Female,Mini Project,Madobi,Kano,Kano-WOFAN
mad411,Rabiu Lawan Umar,Male,Mini Project,Madobi,Kano,Kano-WOFAN
mad412,IS,Male,Mini Project,Madobi,Kano,Kano-WOFAN
mad413,Khadija Shehu Muhmud,Female,Mini Project,Madobi,Kano,Kano-WOFAN
mad414,Rabiatu Shehu Mahmud,Female,Mini Project,Madobi,Kano,Kano-WOFAN
mak400,Amina Victoria Audu,Female,Mini Project,Makurdi,Benue,Benue-PVNL
mak401,Ipev Victor Terkula,Male,Mini Project,Makurdi,Benue,Benue-PVNL
mak402,Tseem Sefa Stella,Female,Mini Project,Makurdi,Benue,Benue-PVNL
mak403,Terngu Adeshimana Christiana,Female,Mini Project,Makurdi,Benue,Benue-PVNL
mak404,Veronica Igyuse,Female,Mini Project,Makurdi,Benue,Benue-PVNL
mak405,Atsehekaa Ruth Mimidoo,Female,Mini Project,Makurdi,Benue,Benue-PVNL
mak406,Godwin Ocheifa Ngbede,Male,Mini Project,Makurdi,Benue,Benue-PVNL
mak407,Tarnongu Simeon,Male,Mini Project,Makurdi,Benue,Benue-PVNL
mak408,Igohia Eunice,Female,Mini Project,Makurdi,Benue,Benue-PVNL
mak409,Ochefu Anjenu James,Male,Mini Project,Makurdi,Benue,Benue-PVNL
mak410,Gbilekaa Ivy Nguseer,Female,Mini Project,Makurdi,Benue,Benue-PVNL
mak411,Atondo Joyce Ngukuran,Female,Mini Project,Makurdi,Benue,Benue-PVNL
mak412,Ochefa Emmanuel Paul,Male,Mini Project,Makurdi,Benue,Benue-PVNL
mak413,Apeh Linus Apeh,Female,Mini Project,Makurdi,Benue,Benue-PVNL
mak414,Orkpe Kwaghdoo Bubiana,Female,Mini Project,Makurdi,Benue,Benue-PVNL
mak415,Nachia Joy Ngu-ungwan,Female,Mini Project,Makurdi,Benue,Benue-PVNL
mig400,Maimuna Sani,Female,Mini Project,Miga,Jigawa,Jigawa-WOFAN
mig401,Salisu Dauda,Male,Mini Project,Miga,Jigawa,Jigawa-WOFAN
mig402,Walida Abubakar,Female,Mini Project,Miga,Jigawa,Jigawa-WOFAN
mig403,Abubakar Umar,Male,Mini Project,Miga,Jigawa,Jigawa-WOFAN
mig404,Saddika Adam,Female,Mini Project,Miga,Jigawa,Jigawa-WOFAN
mig405,Abubakar Sani,Male,Mini Project,Miga,Jigawa,Jigawa-WOFAN
mig406,Hussaini Muhammad,Male,Mini Project,Miga,Jigawa,Jigawa-WOFAN
mig407,Adamu Muhammad,Male,Mini Project,Miga,Jigawa,Jigawa-WOFAN
mig408,Hafsat Hamisu,Female,Mini Project,Miga,Jigawa,Jigawa-WOFAN
mig409,Aisha Danladi,Female,Mini Project,Miga,Jigawa,Jigawa-WOFAN
mig410,Hussaini Danladi,Male,Mini Project,Miga,Jigawa,Jigawa-WOFAN
mig411,Shahida Aliyu Khalid,Female,Mini Project,Miga,Jigawa,Jigawa-WOFAN
mkf400,Jennifer Madaki,Female,Mini Project,Makarfi,Kaduna,Kaduna-WOFAN
mkf401,Asabe Bako,Female,Mini Project,Makarfi,Kaduna,Kaduna-WOFAN
mkf402,Usman Isah Mustapha,Male,Mini Project,Makarfi,Kaduna,Kaduna-WOFAN
mkf403,Shehu Umar,Male,Mini Project,Makarfi,Kaduna,Kaduna-WOFAN
mkf404,Mannir Wada,Male,Mini Project,Makarfi,Kaduna,Kaduna-WOFAN
nas400,Bilkisu Kabir Abubakar,Female,Mini Project,Nasarawa,Kano,Kano-WOFAN
nas401,Hannatu Aliyu Umar,Female,Mini Project,Nasarawa,Kano,Kano-WOFAN
nas402,Asmau Muhammad Bello,Female,Mini Project,Nasarawa,Kano,Kano-WOFAN
nas403,Sadiya Yusuf Ishaq,Female,Mini Project,Nasarawa,Kano,Kano-WOFAN
nas404,Umar Kabir Mai Nasara,Male,Mini Project,Nasarawa,Kano,Kano-WOFAN
nas405,Nasiru Ahmad,Male,Mini Project,Nasarawa,Kano,Kano-WOFAN
nas406,Hauwau Abdullahi,Female,Mini Project,Nassarawa,Kano,Kano-WOFAN
nas407,Umar Muhd Yaro,Male,Mini Project,Nassarawa,Kano,Kano-WOFAN
nas408,Zakariyya Abdullahi,Male,Mini Project,Nassarawa,Kano,Kano-WOFAN
nas409,Musa Balarabe Khalid,Male,Mini Project,Nassarawa,Kano,Kano-WOFAN
nin400,Nazifi M Gali,Male,Mini Project,Ningi,Bauchi,Bauchi-WOFAN
nin4001,Sagir Adamu,Male,Mini Project,Ningi,Bauchi,Bauchi-WOFAN
nin4002,Hauwa'u Muhammed S,Female,Mini Project,Ningi,Bauchi,Bauchi-WOFAN
nin4003,Ummi Ibrahim,Female,Mini Project,Ningi,Bauchi,Bauchi-WOFAN
nin401,Usman Saidu Usman,Male,Mini Project,Ningi,Bauchi,Bauchi-WOFAN
nin402,Amina Muhammad Sadisu,Female,Mini Project,Ningi,Bauchi,Bauchi-WOFAN
nin403,Maryam Muhammad,Female,Mini Project,Ningi,Bauchi,Bauchi-WOFAN
nin404,Bilya Shafiu,Male,Mini Project,Ningi,Bauchi,Bauchi-WOFAN
nin405,Fatima Musa,Female,Mini Project,Ningi,Bauchi,Bauchi-WOFAN
nin406,Abdulkadir Adamu,Male,Mini Project,Ningi,Bauchi,Bauchi-WOFAN
nsg400,Olaku Favour Uluri,Female,Mini Project,Nasarawa Eggon,Nasarawa,Nasarawa-PVNL
nsg401,Ezekiel Daniel Gambo,Male,Mini Project,Nasarawa Eggon,Nasarawa,Nasarawa-PVNL
nsg402,Adoku Isaac Atekoojo,Male,Mini Project,Nasarawa Eggon,Nasarawa,Nasarawa-PVNL
nsg403,Veronica Michael,Female,Mini Project,Nasarawa Eggon,Nasarawa,Nasarawa-PVNL
ram400,Zailani Adamu,Male,Mini Project,Gwaram,Jigawa,Jigawa-WOFAN
ram401,Hafsat Abubakar Ahmad,Female,Mini Project,Gwaram,Jigawa,Jigawa-WOFAN
ram402,Usman Musa,Male,Mini Project,Gwaram,Jigawa,Jigawa-WOFAN
ram403,Maryam Ibrahim,Female,Mini Project,Gwaram,Jigawa,Jigawa-WOFAN
ram404,Aminu Salisu,Male,Mini Project,Gwaram,Jigawa,Jigawa-WOFAN
ram405,Aliyu Idris,Male,Mini Project,Gwaram,Jigawa,Jigawa-WOFAN
ram406,Sadiq Iliyasu,Male,Mini Project,Gwaram,Jigawa,Jigawa-WOFAN
ram407,Umar Salisu,Male,Mini Project,Gwaram,Jigawa,Jigawa-WOFAN
ram408,Abdullahi Umar,Male,Mini Project,Gwaram,Jigawa,Jigawa-WOFAN
ram409,Abdullahi Maijamaa,Male,Mini Project,Gwaram,Jigawa,Jigawa-WOFAN
rig4001,Hajara Umar Uba,Female,Mini Project,Rimi Gado,Kano,Kano-WOFAN
rig4002,Hafsat Garzali Ibrahim,Female,Mini Project,Rimi Gado,Kano,Kano-WOFAN
rig4003,Ubaida Haruna,Female,Mini Project,Rimi Gado,Kano,Kano-WOFAN
rig4004,Zainab Sani Adam,Female,Mini Project,Rimi Gado,Kano,Kano-WOFAN
rig4005,Abba Uba,Male,Mini Project,Rimi Gado,Kano,Kano-WOFAN
rim400,Rabiu Yahaya Inuwa,Male,Mini Project,Rimin Gado,Kano,Kano-WOFAN
rim401,Faiza Ibrahim,Female,Mini Project,Rimin Gado,Kano,Kano-WOFAN
rim402,Khadija Umar Kallah,Female,Mini Project,Rimin Gado,Kano,Kano-WOFAN
rim403,Hussaini Haruna Adam,Male,Mini Project,Rimin Gado,Kano,Kano-WOFAN
rim404,Narjisa Musa Abubakar,Female,Mini Project,Rimin Gado,Kano,Kano-WOFAN
rin400,Zainab Danladi Hamza,Female,Mini Project,Ringim,Jigawa,Jigawa-WOFAN
rin4001,Hauwa Halliru,Female,Mini Project,Ringim,Jigawa,Jigawa-WOFAN
rin4002,Rufa'I Aminu,Male,Mini Project,Ringim,Jigawa,Jigawa-WOFAN
rin4003,Salamatu Shehu,Female,Mini Project,Ringim,Jigawa,Jigawa-WOFAN
rin4004,Abba Isah,Male,Mini Project,Ringim,Jigawa,Jigawa-WOFAN
rin4005,Hadiya Shehu,Female,Mini Project,Ringim,Jigawa,Jigawa-WOFAN
rin4006,Isah Yahaya,Male,Mini Project,Ringim,Jigawa,Jigawa-WOFAN
rin4007,Hussaini Kabir,Male,Mini Project,Ringim,Jigawa,Jigawa-WOFAN
rin4008,Bashari Abdullahi,Male,Mini Project,Ringim,Jigawa,Jigawa-WOFAN
rin4009,Muhammad Yawale,Male,Mini Project,Ringim,Jigawa,Jigawa-WOFAN
rin401,Rukayya Aminu,Female,Mini Project,Ringim,Jigawa,Jigawa-WOFAN
rin4010,Yusif Yahaya,Male,Mini Project,Ringim,Jigawa,Jigawa-WOFAN
rin402,Hassan Magaji,Male,Mini Project,Ringim,Jigawa,Jigawa-WOFAN
rin403,Adamu Mustapha,Male,Mini Project,Ringim,Jigawa,Jigawa-WOFAN
rin404,Fatima Abdullahi,Female,Mini Project,Ringim,Jigawa,Jigawa-WOFAN
rin405,Yakubu Idris,Male,Mini Project,Ringim,Jigawa,Jigawa-WOFAN
rin406,Zainab Mustapha,Female,Mini Project,Ringim,Jigawa,Jigawa-WOFAN
rin407,Rukayya Usman,Female,Mini Project,Ringim,Jigawa,Jigawa-WOFAN
rin408,Abubakar Mansur,Male,Mini Project,Ringim,Jigawa,Jigawa-WOFAN
rin409,Yazid Sunusi,Male,Mini Project,Ringim,Jigawa,Jigawa-WOFAN
rin410,Yahaya Musa Basiru,Male,Mini Project,Ringim,Jigawa,Jigawa-WOFAN
rin411,Yahaya Yusuf,Male,Mini Project,Ringim,Jigawa,Jigawa-WOFAN
rin412,Ali Usman,Male,Mini Project,Ringim,Jigawa,Jigawa-WOFAN
rin413,Isah A. Garba,Male,Mini Project,Ringim,Jigawa,Jigawa-WOFAN
rin414,Salamatu Shehu,Female,Mini Project,Ringim,Jigawa,Jigawa-WOFAN
rin415,Umamatu Nadabo,Female,Mini Project,Ringim,Jigawa,Jigawa-WOFAN
rin416,Abdulrazak Shuaibu,Male,Mini Project,Ringim,Jigawa,Jigawa-WOFAN
rin417,Haruna Ali,Male,Mini Project,Ringim,Jigawa,Jigawa-WOFAN
rin418,Rabi Surajo,Female,Mini Project,Ringim,Jigawa,Jigawa-WOFAN
sab400,Fatima Saeed,Female,Mini Project,Sabon Gari,Kaduna,Kaduna-WOFAN
sab4001,Khadija Umar,Female,Mini Project,Sabon Gari,Kaduna,Kaduna-WOFAN
sab4002,Amina M. Nazir,Female,Mini Project,Sabon Gari,Kaduna,Kaduna-WOFAN
sab4003,Zainab Ahmed,Female,Mini Project,Sabon Gari,Kaduna,Kaduna-WOFAN
sab4004,Muhammad Hashim,Male,Mini Project,Sabon Gari,Kaduna,Kaduna-WOFAN
sab4005,Titi Apeabu,Female,Mini Project,Sabon Gari,Kaduna,Kaduna-WOFAN
sab4006,Suleiman I Suleiman,Male,Mini Project,Sabon Gari,Kaduna,Kaduna-WOFAN
sab4007,Abubakar Umar Farouq,Male,Mini Project,Sabon Gari,Kaduna,Kaduna-WOFAN
sab4008,Nazifi Yusuf,Male,Mini Project,Sabon Gari,Kaduna,Kaduna-WOFAN
sab4009,Jamilu Idris Adamu,Male,Mini Project,Sabon Gari,Kaduna,Kaduna-WOFAN
sab401,Zahrau Bala,Female,Mini Project,Sabon Gari,Kaduna,Kaduna-WOFAN
sab402,Asma'U Abubakar Lawal,Female,Mini Project,Sabon Gari,Kaduna,Kaduna-WOFAN
sab403,Dalhatu Dalhatu Jamu,Male,Mini Project,Sabon Gari,Kaduna,Kaduna-WOFAN
sab404,Bilkisu Usman,Female,Mini Project,Sabon Gari,Kaduna,Kaduna-WOFAN
sab405,Arsalan Yakubu,Male,Mini Project,Sabon Gari,Kaduna,Kaduna-WOFAN
sab406,Kasim Yusuf,Male,Mini Project,Sabon Gari,Kaduna,Kaduna-WOFAN
sab407,Ruth Olorunmola,Female,Mini Project,Sabon Gari,Kaduna,Kaduna-WOFAN
sab408,Lawal Muyideen,Male,Mini Project,Sabon Gari,Kaduna,Kaduna-WOFAN
sab409,Rabi Suleiman,Female,Mini Project,Sabon Gari,Kaduna,Kaduna-WOFAN
sab410,Muhammad Musa,Male,Mini Project,Sabon Gari,Kaduna,Kaduna-WOFAN
sab411,Zakari Saleh,Male,Mini Project,Sabon Gari,Kaduna,Kaduna-WOFAN
sab412,Mas'ud Muhammad Saleh,Male,Mini Project,Sabon Gari,Kaduna,Kaduna-WOFAN
sho4001,Christopher Lawaya Nabake,Male,Mini Project,Shongom,Gombe,Gombe-WOFAN
sho4002,Maryam Haruna,Female,Mini Project,Shongom,Gombe,Gombe-WOFAN
sho4003,Haruna Ali Usman,Male,Mini Project,Shongom,Gombe,Gombe-WOFAN
sho4004,Abubakar Gideon Tonga,Male,Mini Project,Shongom,Gombe,Gombe-WOFAN
sho4005,Rejoice Bello,Female,Mini Project,Shongom,Gombe,Gombe-WOFAN
son400,Loveth Gaman,Female,Mini Project,Song,Adamawa,Adamawa-Farm Innovation
son401,Munde Junior Yusuf,Male,Mini Project,Song,Adamawa,Adamawa-Farm Innovation
tab4001,Mobgudi Bomboy Maiduka,Female,Mini Project,Tafawa Balewa,Bauchi,Bauchi-WOFAN
tab4002,Saidu Isah Muhammad,Male,Mini Project,Tafawa Balewa,Bauchi,Bauchi-WOFAN
tab4003,Sani Hussaini,Male,Mini Project,Tafawa Balewa,Bauchi,Bauchi-WOFAN
taf400,Murjanatu Ayuba Aliyu,Female,Mini Project,Tafawa Balewa,Bauchi,Bauchi-WOFAN
taf401,Hassana Ibrahim,Female,Mini Project,Tafawa Balewa,Bauchi,Bauchi-WOFAN
taf402,Badamasi Ibrahim,Male,Mini Project,Tafawa Balewa,Bauchi,Bauchi-WOFAN
taf403,Ezra Audu,Male,Mini Project,Tafawa Balewa,Bauchi,Bauchi-WOFAN
tan400,Hafizu Salisu Hayatu,Male,Mini Project,Tarauni,Kano,Kano-WOFAN
tan401,Sadiya Muhammad Zakari,Female,Mini Project,Tarauni,Kano,Kano-WOFAN
tan402,Isah Said Isah,Male,Mini Project,Tarauni,Kano,Kano-WOFAN
tan403,Abdullahi Abdullahi Ibrahim,Male,Mini Project,Tarauni,Kano,Kano-WOFAN
tan404,Zainab Musa,Female,Mini Project,Tarauni,Kano,Kano-WOFAN
tan405,Jummai Mamuda,Female,Mini Project,Tarauni,Kano,Kano-WOFAN
tan406,Saifullahi Sani,Male,Mini Project,Tarauni,Kano,Kano-WOFAN
tan407,Abdulkadir Gambo,Male,Mini Project,Tarauni,Kano,Kano-WOFAN
tan408,Aminu Abubaar,Male,Mini Project,Tarauni,Kano,Kano-WOFAN
tan409,Maryam Garba Suleiman,Female,Mini Project,Tarauni,Kano,Kano-WOFAN
tan410,Mustapha Isah Muhammad,Male,Mini Project,Tarauni,Kano,Kano-WOFAN
tan411,Abdullahi Saminu,Male,Mini Project,Tarauni,Kano,Kano-WOFAN
tar400,Orban Benjamin,Male,Mini Project,Tarka,Benue,Benue-PVNL
tar401,Tyowua Mbatoon Jacintha,Female,Mini Project,Tarka,Benue,Benue-PVNL
tar402,Faith Girgi,Female,Mini Project,Tarka,Benue,Benue-PVNL
tar403,Orshio Joseph,Male,Mini Project,Tarka,Benue,Benue-PVNL
tar404,Vandeor Aondongu Simon,Male,Mini Project,Tarka,Benue,Benue-PVNL
tar405,Gyakpo Onyirman Terwase,Female,Mini Project,Tarka,Benue,Benue-PVNL
tar406,Christiana Omanga,Female,Mini Project,Tarka,Benue,Benue-PVNL
tar407,Akpaki Shiminenge Francisca,Female,Mini Project,Tarka,Benue,Benue-PVNL
tau400,Mamuda Salisu,Male,Mini Project,Taura,Jigawa,Jigawa-WOFAN
tau4001,Ismail Ibrahim,Male,Mini Project,Taura,Jigawa,Jigawa-WOFAN
tau4002,Shuaibu Shehu,Male,Mini Project,Taura,Jigawa,Jigawa-WOFAN
tau4003,Bashari Idris,Male,Mini Project,Taura,Jigawa,Jigawa-WOFAN
tau4004,Abubakar Ahmed,Male,Mini Project,Taura,Jigawa,Jigawa-WOFAN
tau401,Sulaiman Isah,Male,Mini Project,Taura,Jigawa,Jigawa-WOFAN
tau402,Sagiru Isah,Male,Mini Project,Taura,Jigawa,Jigawa-WOFAN
tau403,Zaliha Ismail,Female,Mini Project,Taura,Jigawa,Jigawa-WOFAN
tau404,Fatima Mukhtar,Female,Mini Project,Taura,Jigawa,Jigawa-WOFAN
tau405,Hafsat Yusuf,Female,Mini Project,Taura,Jigawa,Jigawa-WOFAN
tof400,Magaji Isah Ali,Male,Mini Project,Tofa,Kano,Kano-WOFAN
tof4001,Raihanatu Uba Umar,Female,Mini Project,Tofa,Kano,Kano-WOFAN
tof4002,Sulaiman Yusuf Tofa,Male,Mini Project,Tofa,Kano,Kano-WOFAN
tof4003,Fatihu Sani Ibrahim,Male,Mini Project,Tofa,Kano,Kano-WOFAN
tof401,Nabila Sani Abdurrahman,Female,Mini Project,Tofa,Kano,Kano-WOFAN
tof402,Fatima Adam Tofa,Female,Mini Project,Tofa,Kano,Kano-WOFAN
tof403,Hauwa Lawan Maiunguwa,Female,Mini Project,Tofa,Kano,Kano-WOFAN
tof404,Shafa'Atu Abdulhamid Yahaya,Female,Mini Project,Tofa,Kano,Kano-WOFAN
tof405,Farida Adam Yusuf,Female,Mini Project,Tofa,Kano,Kano-WOFAN
tof406,Hassana Umar,Female,Mini Project,Tofa,Kano,Kano-WOFAN
tof407,Murtala Shehu Musa,Male,Mini Project,Tofa,Kano,Kano-WOFAN
tof408,Sadiya Muhammad Sulaiman,Female,Mini Project,Tofa,Kano,Kano-WOFAN
tof409,Salim Kabiru Buhari,Male,Mini Project,Tofa,Kano,Kano-WOFAN
tor400,Khadija Haladu Babaji,Female,Mini Project,Toro,Bauchi,Bauchi-WOFAN
tor4001,Abubakar Mubarak,Male,Mini Project,Toro,Bauchi,Bauchi-WOFAN
tor4002,Maniru Ibrahim,Male,Mini Project,Toro,Bauchi,Bauchi-WOFAN
tor401,Lurwanu Faruk,Male,Mini Project,Toro,Bauchi,Bauchi-WOFAN
tor402,Danlami Saleh,Male,Mini Project,Toro,Bauchi,Bauchi-WOFAN
tud4001,Anas Alhaji Muhammad,Male,Mini Project,Tudun Wada,Kano,Kano-WOFAN
tud4002,Murja Ibrahim Waziri,Female,Mini Project,Tudun Wada,Kano,Kano-WOFAN
tud4003,Hauwau Adamu Ibrahim,Female,Mini Project,Tudun Wada,Kano,Kano-WOFAN
tud4004,Ismail Sani Yaryasa,Male,Mini Project,Tudun Wada,Kano,Kano-WOFAN
tud4005,Hayatuddin Abdulaziz,Male,Mini Project,Tudun Wada,Kano,Kano-WOFAN
tud4006,Abubakar Tasiu,Male,Mini Project,Tudun Wada,Kano,Kano-WOFAN
ung400,Yusif Ibrahim Said,Male,Mini Project,Ungoggo,Kano,Kano-WOFAN
ung401,Muhammad Auwal Tamim,Male,Mini Project,Ungoggo,Kano,Kano-WOFAN
ung402,Ahmad Uba Sulaiman,Male,Mini Project,Ungoggo,Kano,Kano-WOFAN
ung403,Sa'Adatu Ado Abubakar,Female,Mini Project,Ungoggo,Kano,Kano-WOFAN
ung404,Yahaya Ado Ahmad,Male,Mini Project,Ungoggo,Kano,Kano-WOFAN
ung405,Fadila Sani Danguda,Female,Mini Project,Ungoggo,Kano,Kano-WOFAN
ung406,Fatima Danguda Danbatta,Female,Mini Project,Ungoggo,Kano,Kano-WOFAN
ung407,Khaulat Abubakar Lalo,Female,Mini Project,Ungoggo,Kano,Kano-WOFAN
ung408,Sabiu Salisu Ibrahim,Male,Mini Project,Ungoggo,Kano,Kano-WOFAN
ung409,Fauziyya Sani,Female,Mini Project,Ungoggo,Kano,Kano-WOFAN
ung410,Saadatu Sulaiman,Female,Mini Project,Ungoggo,Kano,Kano-WOFAN
ung411,Maryam Saidu,Female,Mini Project,Ungoggo,Kano,Kano-WOFAN
war400,Job Silvanus,Male,Mini Project,Warji,Bauchi,Bauchi-WOFAN
war4001,John Williams,Male,Mini Project,Warji,Bauchi,Bauchi-WOFAN
war401,Abigail Ahmed,Female,Mini Project,Warji,Bauchi,Bauchi-WOFAN
yam4001,Adamu Jessicah Mahdi,Female,Mini Project,Yamaltu Deba,Gombe,Gombe-WOFAN
yam4002,Blessing Ayinno Victor,Female,Mini Project,Yamaltu Deba,Gombe,Gombe-WOFAN
yam4003,Milka Matus,Female,Mini Project,Yamaltu Deba,Gombe,Gombe-WOFAN
yln400,Tuliya Linus Wageti,Female,Mini Project,Yola North,Adamawa,Adamawa-Farm Innovation
yln401,Esther Kayam,Female,Mini Project,Yola North,Adamawa,Adamawa-Farm Innovation
yln402,Fatima Yahaya,Female,Mini Project,Yola North,Adamawa,Adamawa-Farm Innovation
yln403,Raliya Umar Julde,Female,Mini Project,Yola North,Adamawa,Adamawa-Farm Innovation
yln404,Sandra Ezra,Female,Mini Project,Yola North,Adamawa,Adamawa-Farm Innovation
yln405,Joy Nathaniel,Female,Mini Project,Yola North,Adamawa,Adamawa-Farm Innovation
yln406,Safura Jibril Kure,Female,Mini Project,Yola North,Adamawa,Adamawa-Farm Innovation
yln407,Josaine Nkwinte,Female,Mini Project,Yola North,Adamawa,Adamawa-Farm Innovation
yln408,Theresa Yakubu,Female,Mini Project,Yola North,Adamawa,Adamawa-Farm Innovation
yln409,Amos Ijakirayu,Male,Mini Project,Yola North,Adamawa,Adamawa-Farm Innovation
yln410,Murtala Mohammed,Male,Mini Project,Yola North,Adamawa,Adamawa-Farm Innovation
yls400,Unity Samuel,Female,Mini Project,Yola South,Adamawa,Adamawa-Farm Innovation
yls401,Favour Noah,Female,Mini Project,Yola South,Adamawa,Adamawa-Farm Innovation
yls402,Zainab Umar,Female,Mini Project,Yola South,Adamawa,Adamawa-Farm Innovation
yls403,Pwajinteino Sunday Zidon,Female,Mini Project,Yola South,Adamawa,Adamawa-Farm Innovation
yls404,Yinama Nicholas,Female,Mini Project,Yola South,Adamawa,Adamawa-Farm Innovation
yls405,Zipporah Yohanna,Female,Mini Project,Yola South,Adamawa,Adamawa-Farm Innovation
yls406,Beauty Yakubu,Female,Mini Project,Yola South,Adamawa,Adamawa-Farm Innovation
yls407,Enuseh Amos Danladi,Female,Mini Project,Yola South,Adamawa,Adamawa-Farm Innovation
yls408,David M Abba,Male,Mini Project,Yola South,Adamawa,Adamawa-Farm Innovation
yls409,Simon Abraham Danpullo,Male,Mini Project,Yola South,Adamawa,Adamawa-Farm Innovation
yls410,Shenba Ishaya,Male,Mini Project,Yola South,Adamawa,Adamawa-Farm Innovation
zan400,John Philip Yusuf,Male,Mini Project,Zango Kataf,Kaduna,Kaduna 1-PVNL
zan401,Sunday markus,Male,Mini Project,Zango kataf,Kaduna,Kaduna 1-PVNL
zan402,Abel John,Male,Mini Project,Zango kataf,Kaduna,Kaduna 1-PVNL
zan404,Titus Isuwa,Male,Mini Project,Zango kataf,Kaduna,Kaduna 1-PVNL
zar400,Muhammed Jemilat Musa,Female,Mini Project,Zaria,Kaduna,Kaduna-WOFAN
zar4001,Rahina Muhammad Saleh,Female,Mini Project,Zaria,Kaduna,Kaduna-WOFAN
zar4002,Auwal I. Suleiman,Male,Mini Project,Zaria,Kaduna,Kaduna-WOFAN
zar4003,Zuwaira Rabiu,Female,Mini Project,Zaria,Kaduna,Kaduna-WOFAN
zar4004,Saratu Suleiman,Female,Mini Project,Zaria,Kaduna,Kaduna-WOFAN
zar4005,Saudatu Muhammad,Female,Mini Project,Zaria,Kaduna,Kaduna-WOFAN
zar4006,Amina Mustapha,Female,Mini Project,Zaria,Kaduna,Kaduna-WOFAN
zar4007,Mas'ud Muhammad Saleh,Male,Mini Project,Zaria,Kaduna,Kaduna-WOFAN
zar401,Laurat Bello Alhaji,Female,Mini Project,Zaria,Kaduna,Kaduna-WOFAN
zar402,Ahmed Jaafar,Male,Mini Project,Zaria,Kaduna,Kaduna-WOFAN
zar403,Khadija Ibrahim,Female,Mini Project,Zaria,Kaduna,Kaduna-WOFAN
zar404,Hannatu Mahmud,Female,Mini Project,Zaria,Kaduna,Kaduna-WOFAN
zar405,Saidu Asad Ali,Male,Mini Project,Zaria,Kaduna,Kaduna-WOFAN
zar406,Nache Didam Maximilian,Male,Mini Project,Zaria,Kaduna,Kaduna-WOFAN
zar407,Samhat Shehu,Female,Mini Project,Zaria,Kaduna,Kaduna-WOFAN
zar408,Fauziya Sani,Female,Mini Project,Zaria,Kaduna,Kaduna-WOFAN
zar409,Hauwa Mikail,Female,Mini Project,Zaria,Kaduna,Kaduna-WOFAN
zar410,Fatima Ibrahim,Female,Mini Project,Zaria,Kaduna,Kaduna-WOFAN
zar411,Aisha Nuraddeen,Female,Mini Project,Zaria,Kaduna,Kaduna-WOFAN
zar412,Rahma Abdulmumin,Female,Mini Project,Zaria,Kaduna,Kaduna-WOFAN
zar413,Maryam Muhammad,Female,Mini Project,Zaria,Kaduna,Kaduna-WOFAN
zar414,Salima Sani Idris,Female,Mini Project,Zaria,Kaduna,Kaduna-WOFAN
zar415,Maryam Suleiman,Female,Mini Project,Zaria,Kaduna,Kaduna-WOFAN
zar416,Karimatu Abubakar,Female,Mini Project,Zaria,Kaduna,Kaduna-WOFAN
zar417,Sahura Idris,Female,Mini Project,Zaria,Kaduna,Kaduna-WOFAN
zar418,Fauziyah Adam Muhammad,Female,Mini Project,Zaria,Kaduna,Kaduna-WOFAN
zar419,Ibrahim Ismail Muhammad,Male,Mini Project,Zaria,Kaduna,Kaduna-WOFAN
zar420,Amina Aliyu,Female,Mini Project,Zaria,Kaduna,Kaduna-WOFAN
zar421,Muhammad Umma,Female,Mini Project,Zaria,Kaduna,Kaduna-WOFAN
zar422,Yahaya Sadiq G,Male,Mini Project,Zaria,Kaduna,Kaduna-WOFAN
zar423,Nafisa Saidu,Female,Mini Project,Zaria,Kaduna,Kaduna-WOFAN
aba418,Fatima Abubakar,Male,Mini Project,Abaji Area Council,FCT,FCT-WOFAN
bir410,Fatima Ahmed Labbo,Female,Mini Project,Birnin kudu,Jigawa,Jigawa-WOFAN
chk404,Grace Gnamsna Madami,Female,Mini Project,Chikun,Kaduna,Kaduna 1-PVNL
gwa424,Hasbatullah Janan Tanimu,Male,Mini Project,Gwagwalada Area Council,FCT,FCT-WOFAN
kab4018,Ibrahim Auwal,Male,Mini Project,Kabo,Kano,Kano-WOFAN
laf403,Comfort Kyutaluta Timothy,Female,Mini Project,Lafia,Nasarawa,Nasarawa-PVNL
laf404,Gimba F. Emmanuel,Female,Mini Project,Lafia,Nasarawa,Nasarawa-PVNL
laf405,Okala Baba Agidi,Male,Mini Project,Lafia,Nasarawa,Nasarawa-PVNL
zan403,Shimkyang P Hosea,Male,Mini Project,Zango kataf,Kaduna,Kaduna 1-PVNL
