formid,Equipmentsgiventothecluster | Modified_Motorbike_for_PWDs,Equipmentsgiventothecluster | Modified_Tricycle_for_PWDs_(Hand-driven),Equipmentsgiventothecluster | Micro_Portable_multi_sheller_and_maize_milling_appliances,Equipmentsgiventothecluster | Fabricated_stoves_with_chimney_2_sets,Equipmentsgiventothecluster | burner_base_(6_sets),Equipmentsgiventothecluster | Mini_rice_miller,Equipmentsgiventothecluster | Mini_Destoner,Equipmentsgiventothecluster | Others,Equipmentsgiventothecluster | extra,NumberofModifiedMotorbikeforPWDs,NumberofModifiedTricyclesforPWDsHand-driven,NumberOfMicroPortablemultishellerandmaizemillingappliances,NumberofFrabricated stoves with chimneys,Numberof FabricatedRiceparboilerspot/burnerbase,NumberofMiniRicemiller,NumberofMiniDestoner,Please Specify numberofothe equipment,Qty of Treadle pump,Qty of Fertilizer planter,Qty of Umbrella,Date,State,Implementing_Partner,Cluster_Unique_ID
ef701b8f-a879-4a81-86f7-6fca0056af8e,1,1,,,,,,,,1,10,---,---,---,---,---,---,---,,---,2024-07-04,Kano,WOFAN,BebYO9M13
d7e7a205-f064-488a-a64e-68557fba777e,1,1,,,,,,,,1,10,---,---,---,---,---,---,---,,---,2024-07-04,Gombe,WOFAN,AkkV0BI47
af5dada6-0877-4867-b311-240659694d23,1,1,,,,,,,,1,10,---,---,---,---,---,---,---,,---,2024-07-04,Gombe,WOFAN,Akk733313
523bffa6-2764-4ab2-8b0a-c16d60cdcc9f,1,1,,,,,,,,1,10,---,---,---,---,---,---,---,,---,2024-07-05,Gombe,WOFAN,AkkNVQV37
a728542d-e833-421e-bb2a-1d85568fc031,1,1,,,,,,,,1,10,---,---,---,---,---,---,---,,---,2024-07-06,Gombe,WOFAN,AkkXBVT22
47c30e30-227c-44ae-b830-c12e2f0e6a28,1,1,,,,,,,,1,10,---,---,---,---,---,---,---,,---,2024-07-24,Bauchi,WOFAN,AlkT06C29
325b7062-095c-4a61-acf0-fb76c4164463,1,1,,,,,,,,1,10,---,---,---,---,---,---,---,,---,2024-07-24,Bauchi,WOFAN,AlkWVXG47
8a531ac3-f0db-45f6-9f36-799229509861,1,1,,,,,,,,1,10,---,---,---,---,---,---,---,,---,2024-07-24,Bauchi,WOFAN,AlkNUP624
d935cd02-ff2b-4ad4-8349-3561f62fcd28,1,1,,,,,,,,1,10,---,---,---,---,---,---,---,,---,2024-07-24,Bauchi,WOFAN,BauCR2H09
3a276170-3773-4be0-96fb-41b2d971eb7b,1,1,,,,,,,,1,10,---,---,---,---,---,---,---,,---,2024-07-24,Bauchi,WOFAN,BauHPGI27
5bca2b1d-8e8c-4980-ad73-993adcd6f7a6,1,1,,,,,,,,1,10,---,---,---,---,---,---,---,,---,2024-07-24,Bauchi,WOFAN,Bau5H3W05
0ffeb76f-2650-47d9-8300-57c88bcd3d9d,1,1,,,,,,,,1,10,---,---,---,---,---,---,---,,---,2024-07-24,Bauchi,WOFAN,BauZPDN06
bf1cb050-09f6-47b8-aec1-229f5996f160,1,1,,,,,,,,1,10,---,---,---,---,---,---,---,,---,2024-07-24,Bauchi,WOFAN,DasEYB746
474ba206-fc93-439f-8adb-65903c377e08,1,1,,,,,,,,1,10,---,---,---,---,---,---,---,,---,2024-07-24,Bauchi,WOFAN,GanIWIQ39
7e6fd17e-5d97-4520-a67a-cc14be45c291,1,1,,,,,,,,1,10,---,---,---,---,---,---,---,0,---,2024-07-24,Bauchi,WOFAN,NinNTHH47
c7e290c0-86f3-40f4-a53e-61d7f317a3f8,1,1,,,,,,,,1,10,---,---,---,---,---,---,---,,---,2024-07-24,Bauchi,WOFAN,NinUD5G00
ffa497f9-5b23-4f1a-8705-b7d56f2d1dd2,1,1,,,,,,,,1,10,---,---,---,---,---,---,---,,---,2024-07-24,Bauchi,WOFAN,TafLN0F48
e601f30c-0fab-4fb5-9af7-edcb5a93002a,1,1,,,,,,,,1,10,---,---,---,---,---,---,---,,---,2024-07-24,Bauchi,WOFAN,AlkB24541
d2b63b0e-5e18-487a-a2f8-bfab3b1c512c,1,1,,,,,,,,1,10,---,---,---,---,---,---,---,,---,2024-07-24,Gombe,WOFAN,BilUK7429
a4f7db62-fe99-4931-a5fd-04f95d6c1831,1,1,,,,,,,,1,10,---,---,---,---,---,---,---,4,---,2024-07-17,Gombe,WOFAN,Bil49IY53
de45ecb3-51e8-4171-877d-d315a9205c39,1,1,,,,,,,,1,10,---,---,---,---,---,---,---,4,---,2024-07-17,Gombe,WOFAN,BilDPZG44
6ed4207b-f8ed-4dd1-ad54-4a84ff05dfd0,1,1,,,,,,,,1,10,---,---,---,---,---,---,---,4,---,2024-07-17,Gombe,WOFAN,Bil97GO48
d75f47a8-cc76-42f9-8427-95d187f13fc6,1,1,,,,,,,,1,10,---,---,---,---,---,---,---,4,---,2024-07-08,Kano,WOFAN,GarSIBV21
3541d793-f2fb-454b-9112-c148d4bf7948,1,1,,,,,,,,1,10,---,---,---,---,---,---,---,4,---,2024-07-08,Kano,WOFAN,GarH0HK19
35b4abe2-3be5-4664-82f9-9d5c74297d2c,1,1,,,,,,,,1,10,---,---,---,---,---,---,---,4,---,2024-07-08,Kano,WOFAN,GarA6QB14
d1a3cf23-5a0c-4116-80df-7c79e5f3d7f5,1,1,,,,,,,,1,10,---,---,---,---,---,---,---,4,---,2024-07-08,Kano,WOFAN,GarGH6S11
4f40666b-8485-4202-a3ae-77a0b6bc757f,1,1,,,,,,,,1,10,---,---,---,---,---,---,---,4,---,2024-07-08,Kano,WOFAN,GarKDBP53
3f267d3b-32b8-45fa-9630-519f2d122944,1,1,,,,,,,,1,10,---,---,---,---,---,---,---,4,---,2024-07-08,Kano,WOFAN,BunUXB418
f243f41b-d9d7-41b8-a155-bbe5d5f444c8,1,1,,,,,,,,1,10,---,---,---,---,---,---,---,4,---,2024-07-08,Kano,WOFAN,BunY6P612
d6b4b252-cd36-4360-9f8c-4897ad0d8312,1,1,,,,,,,,1,10,---,---,---,---,---,---,---,4,---,2024-07-08,Kano,WOFAN,Bun0O2U32
e4a06427-76fb-4ec3-b1a2-617c6a9fd7ac,1,1,,,,,,,,1,10,---,---,---,---,---,---,---,4,---,2024-07-08,Kano,WOFAN,GarEVZM47
4e2f1ccd-1d45-40a1-b14f-0b1307b906c5,1,1,,,,,,,,1,10,---,---,---,---,---,---,---,4,---,2024-07-08,Kano,WOFAN,GarYJW058
fb53f60d-c065-4fe3-b93c-1e7fecb186ee,1,1,,,,,,,,1,10,---,---,---,---,---,---,---,4,---,2024-07-08,Kano,WOFAN,Gar5J3M27
02b1ad38-cac2-4f60-9ca8-4da5d6e0fabb,1,1,,,,,,,,1,10,---,---,---,---,---,---,---,4,---,2024-07-08,Kano,WOFAN,GarYGMF11
195e2ee2-6159-43a9-93a8-051eabf160ff,1,1,,,,,,,,1,10,---,---,---,---,---,---,---,4,---,2024-07-08,Kano,WOFAN,BunTL4829
699d433b-b927-45db-a23e-34159870e19c,1,1,,,,,,,,1,10,---,---,---,---,---,---,---,4,---,2024-07-08,Kano,WOFAN,GarQJKE22
92465ba6-839d-417c-a46f-d337d8db31e4,1,1,,,,,,,,1,10,---,---,---,---,---,---,---,4,---,2024-07-08,Kano,WOFAN,Gar2S7121
9012461d-68d4-4f87-a496-ef88285f98c6,1,1,,,,,,,,1,10,---,---,---,---,---,---,---,4,---,2024-07-08,Kano,WOFAN,GarV22S29
7c7a21f0-60c0-448f-97ec-c39fd623163c,1,1,,,,,,,,1,10,---,---,---,---,---,---,---,,---,2024-07-08,Kano,WOFAN,KurSD7D45
a46eb16d-80e5-4a21-b6c1-ad2b222034af,1,1,,,,,,,,1,10,---,---,---,---,---,---,---,,---,2024-07-08,Kano,WOFAN,Gar7CV205
ade45887-f089-4678-970f-218ea8ecddd1,1,1,,,,,,,,1,10,---,---,---,---,---,---,---,,---,2024-07-08,Kano,WOFAN,Gar03E531
866b2f93-2461-4cd3-b53c-25f148ec63be,1,1,,,,,,,,1,10,---,---,---,---,---,---,---,,---,2024-07-08,Kano,WOFAN,GarU5TL19
e5137023-5e16-430b-84ee-92e44f5a82da,1,1,,,,,,,,1,10,---,---,---,---,---,---,---,,---,2024-07-08,Kano,WOFAN,GarWSWE06
18648cfe-5b16-45b2-9946-4a008108b95b,1,1,,,,,,,,1,10,---,---,---,---,---,---,---,,---,2024-07-08,Kano,WOFAN,Gar2XRT18
fd8488fb-f48f-4ad0-acd3-95ffcf39e540,1,1,,,,,,,,1,10,---,---,---,---,---,---,---,,---,2024-07-08,Kano,WOFAN,GarT33B41
0d70d8e3-1201-4ff2-bbb0-23330320d87f,1,1,,,,,,,,1,10,---,---,---,---,---,---,---,,---,2024-07-08,Kano,WOFAN,GarW4NB00
3c0e2fec-00ff-4cd2-9f44-50f5cb0ad395,1,1,,,,,,,,1,10,---,---,---,---,---,---,---,,---,2024-07-17,Gombe,WOFAN,GomS0MF33
b3b2bc03-f768-4757-b312-ff186a0ff091,1,1,,,,,,,,1,10,---,---,---,---,---,---,---,,---,2024-07-17,Gombe,WOFAN,Gom5JTU58
7ddb3bcb-24c8-47db-bd2b-95cb06216670,1,1,,,,,,,,1,10,---,---,---,---,---,---,---,,---,2024-07-17,Gombe,WOFAN,GomL0HO23
997f7f5a-dc2b-4ed1-964d-a8347cd3c4d2,1,1,,,,,,,,1,10,---,---,---,---,---,---,---,,---,2024-07-05,Kaduna,WOFAN,IkaG9MU44
85845745-fa25-444b-b50b-be555599df87,1,1,,,,,,,,1,10,---,---,---,---,---,---,---,,---,2024-07-05,Kaduna,WOFAN,Ika28J354
51edf243-0274-4726-ac4e-84f2a2889c8b,1,1,,,,,,,,1,10,---,---,---,---,---,---,---,,---,2024-07-05,Kaduna,WOFAN,Ika28J354
181c7df0-0a3c-4512-88f6-311dbc7820ef,1,1,,,,,,,,1,10,---,---,---,---,---,---,---,,---,2024-07-17,Jigawa,WOFAN,JahJ7Q010
3d140905-8631-473c-979e-268620ffcf16,1,1,,,,,,,,1,10,---,---,---,---,---,---,---,,---,2024-07-17,Jigawa,WOFAN,JahYIB038
eb61c733-21df-4217-8a49-401d97e5585c,1,1,,,,,,,,1,10,---,---,---,---,---,---,---,,---,2024-07-05,Kaduna,WOFAN,IkaJBTF37
b111abc0-90d1-435f-a62e-7eff294e65be,1,1,,,,,,,,1,10,---,---,---,---,---,---,---,,---,2024-07-10,Jigawa,WOFAN,RinYNBA29
ea1b2b72-7a38-4c7d-a475-10fd4bcb8374,1,1,,,,,,,,1,10,---,---,---,---,---,---,---,,---,2024-07-10,Jigawa,WOFAN,RinEIEQ39
e9cdc285-b0de-4704-a7cd-26bf9ad60a44,1,1,,,,,,,,1,10,---,---,---,---,---,---,---,,---,2024-07-10,Jigawa,WOFAN,RinNEGS51
3208301a-d8a9-44ba-85b7-5af2a738041a,1,1,,,,,,,,1,10,---,---,---,---,---,---,---,,---,2024-07-08,Kaduna,WOFAN,Ika25SB38
b5d5242b-db0b-459a-806c-66f091b9d1fa,1,1,,,,,,,,1,10,---,---,---,---,---,---,---,4,---,2024-07-08,Kaduna,WOFAN,IkaHVSD26
af586ddc-1ca1-4924-9691-7239e7dfa582,1,1,,,,,,,,1,10,---,---,---,---,---,---,---,4,---,2024-07-08,Kaduna,WOFAN,IkaSVAU46
9145e53b-dcf4-4f95-8fe0-b6965546ff13,1,1,,,,,,,,1,10,---,---,---,---,---,---,---,4,---,2024-07-08,Kaduna,WOFAN,IkaEWDJ04
3fa4dc63-ae62-4290-9096-73cfce9372a8,1,1,,,,,,,,1,10,---,---,---,---,---,---,---,4,---,2024-07-10,Jigawa,WOFAN,RinP06Q19
59c1cad3-52c8-4661-8ae5-1e8b1ca8b956,1,1,,,,,,,,1,10,---,---,---,---,---,---,---,4,---,2024-07-10,Jigawa,WOFAN,RinGYKD16
00d2c096-19fa-4c19-879e-a1e5667a8700,1,1,,,,,,,,1,10,---,---,---,---,---,---,---,4,---,2024-07-10,Jigawa,WOFAN,RinE06S51
7f7456ef-a1db-4f90-a205-8946e541a31a,1,1,,,,,,,,1,10,---,---,---,---,---,---,---,4,---,2024-07-10,Jigawa,WOFAN,RinAZD143
b0edf443-134b-412c-8e36-2c33f87cf985,1,1,,,,,,,,1,10,---,---,---,---,---,---,---,4,---,2024-07-10,Jigawa,WOFAN,RinP5YX00
0628293e-7554-46b8-ae3d-a0eaec47e039,1,1,,,,,,,,1,10,---,---,---,---,---,---,---,4,---,2024-07-10,Jigawa,WOFAN,Rin065N16
670d26a9-424e-44c0-86c5-cb009e6db974,1,1,,,,,,,,1,10,---,---,---,---,---,---,---,4,---,2024-07-10,Jigawa,WOFAN,RinA72Q43
4bd69ec1-91d7-4b45-a53a-7ae9ecdab411,1,1,,,,,,,,1,10,---,---,---,---,---,---,---,4,---,2024-07-10,Jigawa,WOFAN,RinWPUO06
902fec9a-89f4-47eb-a361-5ff38e0707ba,1,1,,,,,,,,1,10,---,---,---,---,---,---,---,4,---,2024-07-10,Jigawa,WOFAN,Rin4LGT24
f6831e35-cb41-45c6-8559-3d854ed30730,1,1,,,,,,,,1,10,---,---,---,---,---,---,---,4,---,2024-07-10,Jigawa,WOFAN,RinIGJI41
17618d67-741b-4a6b-beeb-338a00b7dd07,1,1,,,,,,,,1,10,---,---,---,---,---,---,---,4,---,2024-07-10,Jigawa,WOFAN,Rin8HHZ15
5db5ce02-191e-4c22-8a7d-1d5c7b0a07f6,1,1,,,,,,,,1,10,---,---,---,---,---,---,---,4,---,2024-07-10,Jigawa,WOFAN,RinRKCY54
3cbf31af-f823-4a99-8ffb-62c80e2ba358,1,1,,,,,,,,1,10,---,---,---,---,---,---,---,4,---,2024-07-10,Jigawa,WOFAN,RinC4JJ46
c05d6747-aa7e-4dbc-b16e-063976e82359,1,1,,,,,,,,1,10,---,---,---,---,---,---,---,4,---,2024-07-10,Jigawa,WOFAN,RinI8VK57
627f13ce-758e-4940-a698-f89b8d6e3963,1,1,,,,,,,,1,10,---,---,---,---,---,---,---,4,---,2024-07-10,Jigawa,WOFAN,RinBOU549
ad198c31-b1e2-4843-8555-936d7896866e,,1,,,,,,,,---,1,10,---,---,---,---,---,---,4,---,2024-07-10,Jigawa,WOFAN,RinOSF952
72227a16-06e1-4b2b-803e-7146855f9f6f,1,1,,,,,,,,1,10,---,---,---,---,---,---,---,4,---,2024-07-10,Jigawa,WOFAN,RinIL7W06
dd33ab3f-46dd-4857-86e1-890cabe47091,1,1,,,,,,,,1,10,---,---,---,---,---,---,---,4,---,2024-07-10,Jigawa,WOFAN,RinAW4L25
bde53350-9b59-4f46-90f9-49ae14592a96,1,1,,,,,,,,1,10,---,---,---,---,---,---,---,4,---,2024-07-10,Jigawa,WOFAN,RinMSPR51
8c441b14-a8bb-44a6-889f-9a5f9e90691b,1,1,,,,,,,,1,10,---,---,---,---,---,---,---,4,---,2024-07-10,Jigawa,WOFAN,Rin689Y24
b4d2a492-dc08-4643-8265-3196976d1141,1,1,,,,,,,,1,10,---,---,---,---,---,---,---,4,---,2024-07-08,Kaduna,WOFAN,IkaPL5248
eb0d0477-b5bc-4cea-a1b1-32e07ba8156c,1,1,,,,,,,,1,10,---,---,---,---,---,---,---,4,---,2024-07-10,Kaduna,WOFAN,IkaXEHQ13
68bb763d-340d-44c8-b5cc-bc9bbc674bf5,1,1,,,,,,,,1,10,---,---,---,---,---,---,---,4,---,2024-07-10,Kaduna,WOFAN,IkaZJ5M18
90cffcd4-2bac-420f-bc28-9b1e92372ebf,1,1,,,,,,,,1,10,---,---,---,---,---,---,---,4,---,2024-07-10,Kaduna,WOFAN,IkaDWYQ02
5feed61d-a225-48d2-8b04-6d34eef4a2f0,1,1,,,,,,,,1,10,---,---,---,---,---,---,---,4,---,2024-07-08,Kaduna,WOFAN,IkaI7E105
1cd567d9-039b-47c5-b06c-3173c595b2a5,1,1,,,,,,,,1,10,---,---,---,---,---,---,---,4,---,2024-07-10,Kaduna,WOFAN,IkaREEW34
cd8aa466-dfa3-4e0d-a50a-18308cc7b345,1,1,,,,,,,,1,10,---,---,---,---,---,---,---,4,---,2024-07-10,Kaduna,WOFAN,Ika450J55
3a99e35c-f0e0-4e1d-b7c1-1b1831ed4a8c,1,1,,,,,,,,1,10,---,---,---,---,---,---,---,4,---,2024-07-08,Kaduna,WOFAN,Ika9FIH59
3c363337-3a55-4849-bcb0-fd78c8c8576f,1,1,,,,,,,,1,10,---,---,---,---,---,---,---,4,---,2024-07-08,Kaduna,WOFAN,Ika7TIW04
7ca3ba91-4ce9-4254-b18a-c9f96aee2745,1,1,,,,,,,,1,10,---,---,---,---,---,---,---,4,---,2024-07-08,Kaduna,WOFAN,Ika4LW717
09cb492c-b88c-48b8-9ff2-8dee3d0b50e9,1,1,,,,,,,,1,10,---,---,---,---,---,---,---,4,---,2024-07-08,Kaduna,WOFAN,Ika7XXR45
7f4c2cc6-5789-4a39-92b3-8511237c6294,1,1,,,,,,,,1,10,---,---,---,---,---,---,---,4,---,2024-07-08,Kaduna,WOFAN,Ika1B3J52
0c69725c-9401-473e-8997-4e00d204ba11,1,1,,,,,,,,1,10,---,---,---,---,---,---,---,4,---,2024-07-08,Kaduna,WOFAN,IkaK9HD02
31926e73-02e7-4559-a948-992635fc8c30,1,1,,,,,,,,1,10,---,---,---,---,---,---,---,4,---,2024-07-08,Kaduna,WOFAN,IkaYFJL04
a643d015-6e56-4c20-bbf8-bba0ba426aa5,1,1,,,,,,,,1,10,---,---,---,---,---,---,---,4,---,2024-07-08,Kaduna,WOFAN,Ika7I5X25
37b423f0-fd08-45e0-b54c-b07331df3760,1,1,,,,,,,,1,10,---,---,---,---,---,---,---,4,---,2024-07-08,Kaduna,WOFAN,Ika772Q53
cda2facd-a0ec-4102-8ab7-f0fd4deab047,1,1,,,,,,,,1,10,---,---,---,---,---,---,---,4,---,2024-07-08,Kaduna,WOFAN,IkaPVYU15
ac572110-7d52-4c2d-9663-620421254216,1,1,,,,,,,,1,10,---,---,---,---,---,---,---,4,---,2024-07-08,Kaduna,WOFAN,IkaR3KB19
209db96e-3be2-4120-be68-1a22db5c6fdc,1,1,,,,,,,,1,10,---,---,---,---,---,---,---,4,---,2024-07-08,Kaduna,WOFAN,IkaJTIW25
938be3e4-b7b7-4473-9eee-3f33a3f1f93f,1,1,,,,,,,,1,10,---,---,---,---,---,---,---,4,---,2024-07-08,Kaduna,WOFAN,IkaHSZB33
f41d3c5c-0e7b-4ec9-99f4-ecfae203f94d,1,1,,,,,,,,1,10,---,---,---,---,---,---,---,4,---,2024-07-08,Kaduna,WOFAN,IkaU2V949
9d7879f9-bfea-4b85-9ca4-be9339a26f56,1,1,,,,,,,,1,10,---,---,---,---,---,---,---,4,---,2024-07-08,Kaduna,WOFAN,IkaYYHO12
f1317cc4-95f4-41a0-8822-8c932ba654ee,1,1,,,,,,,,1,10,---,---,---,---,---,---,---,4,---,2024-07-08,Kaduna,WOFAN,IkaVZBP17
445d37d5-a282-47fc-8ec6-b614c1d684fd,1,1,,,,,,,,1,10,---,---,---,---,---,---,---,4,---,2024-07-08,Kaduna,WOFAN,IkaNN8O39
30032278-7e8b-4971-8f67-23bbead0613e,1,1,,,,,,,,1,10,---,---,---,---,---,---,---,4,---,2024-07-08,Kaduna,WOFAN,IkaSDP909
aa655d86-34ad-4c96-b2de-ae4bc1f785c7,1,1,,,,,,,,1,10,---,---,---,---,---,---,---,4,---,2024-07-08,Kaduna,WOFAN,Ika04AV40
08b41945-8608-4e94-b784-1faf9e7fa9d3,1,1,,,,,,,,1,10,---,---,---,---,---,---,---,4,---,2024-07-08,Kaduna,WOFAN,IkaOHO155
52bb1ae5-ad08-4301-8840-a1789b4df4f3,1,1,,,,,,,,1,10,---,---,---,---,---,---,---,4,---,2024-07-08,Kaduna,WOFAN,Ika0SSL57
fbf85dd7-6b9e-4ddf-b0be-465f6fcfa5b3,1,1,,,,,,,,1,10,---,---,---,---,---,---,---,4,---,2024-07-08,Kaduna,WOFAN,IkaWYK416
fb47cba6-2657-46f9-8645-28ee13de5218,1,1,,,,,,,,1,10,---,---,---,---,---,---,---,4,---,2024-07-08,Kaduna,WOFAN,IkaO6BR56
71303bea-61cc-4f63-8c80-5183c9f59f3c,1,1,,,,,,,,1,10,---,---,---,---,---,---,---,4,---,2024-07-08,Kaduna,WOFAN,IkaO5UZ37
8fd16df0-8cfc-4e84-871e-0fd3a0b448a9,1,1,,,,,,,,1,10,---,---,---,---,---,---,---,4,---,2024-07-08,Kaduna,WOFAN,Ika846U02
3609fbd4-ce1c-436a-b4cf-6ca2af58ac24,1,1,,,,,,,,1,10,---,---,---,---,---,---,---,4,---,2024-07-10,Jigawa,WOFAN,JahJ7Q010
42f4bc01-a578-41c9-8fee-f64ca2127e61,1,1,,,,,,,,1,10,---,---,---,---,---,---,---,4,---,2024-07-10,Jigawa,WOFAN,JahYIB038
17d2b57c-748c-4e05-a686-ac2314e3521f,1,1,,,,,,,,1,10,---,---,---,---,---,---,---,4,---,2024-07-10,Jigawa,WOFAN,JahGUXY02
92baf24e-ac0e-4e53-bd13-8c621c8ca8b7,1,1,,,,,,,,1,10,---,---,---,---,---,---,---,4,---,2024-07-10,Jigawa,WOFAN,JahBJEC26
05ba4392-03c8-4326-8888-b435557610eb,1,1,,,,,,,,1,10,---,---,---,---,---,---,---,4,---,2024-07-10,Jigawa,WOFAN,JahZM8719
85ab688e-a391-4fd2-b54d-ee9b8b794ce8,1,1,,,,,,,,1,10,---,---,---,---,---,---,---,4,---,2024-07-10,Jigawa,WOFAN,JahW9WX15
6978c3f6-d32b-4d5c-9e52-dbc4bc70bef2,1,1,,,,,,,,1,10,---,---,---,---,---,---,---,4,---,2024-07-10,Jigawa,WOFAN,JahV17J37
08be5ce1-836c-4d0d-a194-0d8ac9025305,1,1,,,,,,,,1,10,---,---,---,---,---,---,---,4,---,2024-07-10,Jigawa,WOFAN,JahT8K623
a8feb5a4-c016-4ce6-b97c-76115b07f66e,1,1,,,,,,,,1,10,---,---,---,---,---,---,---,4,---,2024-07-10,Jigawa,WOFAN,Jah5PWF29
8aeee2a3-d458-47e6-a6ee-21d5f69492b7,1,1,,,,,,,,1,10,---,---,---,---,---,---,---,4,---,2024-07-10,Jigawa,WOFAN,JahH1F212
d538e9fe-2935-4266-9bd8-8f29e9a81b8c,1,1,,,,,,,,1,10,---,---,---,---,---,---,---,4,---,2024-07-10,Jigawa,WOFAN,JahB2GF38
555de629-e8fc-43a3-9cb3-c3af7db5dfe2,1,1,,,,,,,,1,10,---,---,---,---,---,---,---,4,---,2024-07-10,Jigawa,WOFAN,JahU7GA44
634463ee-0081-4755-a3c4-c1253fc4f8ae,1,1,,,,,,,,1,10,---,---,---,---,---,---,---,4,---,2024-07-10,Jigawa,WOFAN,JahPV3N51
682f128f-793b-4bfd-a9fe-3822e4a547a0,1,1,,,,,,,,1,10,---,---,---,---,---,---,---,4,---,2024-07-10,Jigawa,WOFAN,JahLIN139
4351a6aa-8432-4fbd-be1d-09db69572551,1,1,,,,,,,,1,10,---,---,---,---,---,---,---,4,---,2024-07-10,Jigawa,WOFAN,JahG1D413
7c51684c-e9b2-42e9-a8f6-984dccb98d83,1,1,,,,,,,,1,10,---,---,---,---,---,---,---,4,---,2024-07-10,Jigawa,WOFAN,JahQEXX39
4811f3c2-f3e2-4516-85cc-cea1102f6c39,1,1,,,,,,,,1,10,---,---,---,---,---,---,---,4,---,2024-07-10,Jigawa,WOFAN,Jah8ZQD19
a983ac4d-b4d6-4420-97ed-2aecf0535d50,1,1,,,,,,,,1,10,---,---,---,---,---,---,---,4,---,2024-07-10,Jigawa,WOFAN,JahM0X706
00b20f8e-055e-47de-a9d8-14450da0da74,1,1,,,,,,,,1,10,---,---,---,---,---,---,---,4,---,2024-07-10,Jigawa,WOFAN,JahQR1426
0f856cec-b7df-41aa-963a-bd9fd8cb14a6,1,1,,,,,,,,1,10,---,---,---,---,---,---,---,1,---,2024-07-10,Jigawa,WOFAN,Jah6F5B49
8269b6a1-7a63-414e-8cbf-a38cb26b726a,1,1,,,,,,,,1,10,---,---,---,---,---,---,---,4,---,2024-07-10,Jigawa,WOFAN,JahXX8727
21089292-16f5-451e-bee5-ec48f3471b6a,1,1,,,,,,,,1,10,---,---,---,---,---,---,---,4,---,2024-07-10,Jigawa,WOFAN,JahCV4P13
032f9910-fc41-4878-8927-6d9850522d72,1,1,,,,,,,,1,10,---,---,---,---,---,---,---,4,---,2024-07-10,Jigawa,WOFAN,JahG7PI58
4765ee64-43d0-4568-997a-9cf432514d4e,1,1,,,,,,,,1,10,---,---,---,---,---,---,---,4,---,2024-07-10,Jigawa,WOFAN,JahO2FG25
8bef5250-cf18-40d6-86b8-116e6c7913cd,1,1,,,,,,,,1,10,---,---,---,---,---,---,---,4,---,2024-07-10,Jigawa,WOFAN,JahS4TF23
ab21494e-e627-4112-9257-69443e5c395c,1,1,,,,,,,,1,10,---,---,---,---,---,---,---,4,---,2024-07-10,Jigawa,WOFAN,JahNB0D39
c04d93fd-4e1b-4fbc-bf17-eb0f2921f22a,1,1,,,,,,,,1,10,---,---,---,---,---,---,---,4,---,2024-07-10,Jigawa,WOFAN,Jah8ZCH58
d113c105-cb62-44bb-81f3-10cd025ced68,1,1,,,,,,,,1,10,---,---,---,---,---,---,---,4,---,2024-07-10,Jigawa,WOFAN,JahHZXD30
fea9e804-ba06-48ad-a4d8-eb73c714d575,1,1,,,,,,,,1,10,---,---,---,---,---,---,---,4,---,2024-07-10,Jigawa,WOFAN,Jah2P3O47
acd4d0b0-a97b-4015-8dd1-112389495fd7,1,1,,,,,,,,1,10,---,---,---,---,---,---,---,4,---,2024-07-10,Jigawa,WOFAN,JahZABZ00
d682d5d7-4b97-42d8-8dca-6c4b944a059f,1,1,,,,,,,,1,10,---,---,---,---,---,---,---,4,---,2024-07-10,Jigawa,WOFAN,JahWWIW50
3c694950-455d-4baf-9332-1f4142b67a70,1,1,,,,,,,,1,10,---,---,---,---,---,---,---,4,---,2024-07-10,Jigawa,WOFAN,JahWG7L11
eeca3e3e-0500-43b7-931e-355fa3d2f05e,1,1,,,,,,,,1,10,---,---,---,---,---,---,---,4,---,2024-07-10,Jigawa,WOFAN,JahS7FY17
a0de42b4-ffd4-480c-9d05-b38f1b0c65d2,1,1,,,,,,,,1,10,---,---,---,---,---,---,---,4,---,2024-07-10,Jigawa,WOFAN,Jah3FSS00
6ade2414-d939-4839-8626-eac015abbe3c,1,1,,,,,,,,1,10,---,---,---,---,---,---,---,4,---,2024-07-10,Jigawa,WOFAN,JahDI2407
f6c086fc-b623-4f42-ba1d-e6715cbc4e89,1,1,,,,,,,,1,10,---,---,---,---,---,---,---,4,---,2024-07-10,Jigawa,WOFAN,JahSEYG52
6ffd2a8e-a562-4f17-8116-d0d6061fec59,1,1,,,,,,,,1,10,---,---,---,---,---,---,---,4,---,2024-07-10,Jigawa,WOFAN,JahWS1027
4af853a3-ab9a-40ea-8e9c-7ee810988e6e,1,1,,,,,,,,1,10,---,---,---,---,---,---,---,4,---,2024-07-10,Jigawa,WOFAN,JahBLWN03
099aefdb-719c-4c3a-80de-e5abe5e7a77f,1,1,,,,,,,,1,10,---,---,---,---,---,---,---,4,---,2024-07-10,Jigawa,WOFAN,JahD6PN18
53abd513-d300-4278-8fa7-57bdd992a53b,1,1,,,,,,,,1,10,---,---,---,---,---,---,---,4,---,2024-07-10,Jigawa,WOFAN,JahLBW027
2c6d6649-d8bf-4239-846c-7b24c6d9d132,1,1,,,,,,,,1,10,---,---,---,---,---,---,---,4,---,2024-07-10,Jigawa,WOFAN,JahVMNN27
a93267ac-287e-4ac2-82e4-d716bca696a6,1,1,,,,,,,,1,10,---,---,---,---,---,---,---,4,---,2024-07-10,Jigawa,WOFAN,JahCJHI21
484b102e-a370-4d87-941e-d928726d4a14,1,1,,,,,,,,1,10,---,---,---,---,---,---,---,4,---,2024-07-10,Jigawa,WOFAN,JahJ09307
929c715a-c98a-44b4-b0b7-4745711b5137,1,1,,,,,,,,1,10,---,---,---,---,---,---,---,4,---,2024-07-10,Jigawa,WOFAN,JahXUJX01
ddf98d00-185c-42f2-9c39-eebbbd6b0756,1,1,,,,,,,,1,10,---,---,---,---,---,---,---,4,---,2024-07-10,Jigawa,WOFAN,JahAUP033
d80c1aee-29fa-408a-9c38-67db84e39592,1,1,,,,,,,,1,10,---,---,---,---,---,---,---,4,---,2024-07-10,Jigawa,WOFAN,JahE4MC18
8b29b5f4-144c-43ee-8acc-de76bcc0a2b6,1,1,,,,,,,,1,10,---,---,---,---,---,---,---,4,---,2024-07-10,Jigawa,WOFAN,JahAHEN19
85116089-348f-460c-b262-2b0020008695,1,1,,,,,,,,1,10,---,---,---,---,---,---,---,4,---,2024-07-10,Jigawa,WOFAN,Jah9YK615
3b025dbe-c653-4251-a726-9c6aa553cdfd,1,1,,,,,,,,1,10,---,---,---,---,---,---,---,4,---,2024-07-10,Jigawa,WOFAN,JahNWTX49
4f9b24fa-6d51-4147-807c-71ed2a1904d5,1,1,,,,,,,,1,10,---,---,---,---,---,---,---,4,---,2024-07-10,Jigawa,WOFAN,JahWUDX32
e000494f-c65b-44eb-9600-012a8d390762,1,1,,,,,,,,1,10,---,---,---,---,---,---,---,4,---,2024-07-10,Jigawa,WOFAN,JahEIPR34
db376e6c-cd95-40cf-94d7-2aa6b6cf244f,1,1,,,,,,,,1,10,---,---,---,---,---,---,---,4,---,2024-07-10,Jigawa,WOFAN,JahIFLA55
cbd6fa8b-0a2f-487a-a40c-e5d127252d06,1,1,,,,,,,,1,10,---,---,---,---,---,---,---,4,---,2024-07-10,Jigawa,WOFAN,JahIFLA55
2116fec8-5cc5-4922-8bfe-323661d9a036,1,1,,,,,,,,1,10,---,---,---,---,---,---,---,4,---,2024-08-26,Jigawa,WOFAN,JahW2B100
4a718b38-1271-4c92-a61f-78a773c594a1,1,1,,,,,,,,1,10,---,---,---,---,---,---,---,4,---,2024-07-10,Jigawa,WOFAN,JahHLBP50
54a1c757-c008-475a-978e-b14340a23477,1,1,,,,,,,,1,10,---,---,---,---,---,---,---,4,---,2024-07-10,Jigawa,WOFAN,JahIV9J39
52c8dd9c-b610-4376-8e2d-ec6812a19ef9,1,1,,,,,,,,1,10,---,---,---,---,---,---,---,4,---,2024-07-10,Jigawa,WOFAN,JahRS2L51
86f0ed0f-4658-431b-8dcf-2e988b9e80f0,1,1,,,,,,,,1,10,---,---,---,---,---,---,---,4,---,2024-07-10,Jigawa,WOFAN,JahCBHS27
d67fe4dc-11b1-4459-a559-01ad99673eae,1,1,,,,,,,,1,10,---,---,---,---,---,---,---,4,---,2024-07-10,Jigawa,WOFAN,JahZT5P38
1957e8f2-afbb-4f77-883d-13673ec4ca79,1,1,,,,,,,,1,10,---,---,---,---,---,---,---,4,---,2024-07-10,Jigawa,WOFAN,JahIAS924
92cef10a-7e43-4766-aa0d-82bfd0807491,1,1,,,,,,,,1,10,---,---,---,---,---,---,---,4,---,2024-07-10,Jigawa,WOFAN,JahUPWL23
3c4804be-83e3-4ca7-963c-60dc2d690ca5,1,1,,,,,,,,1,10,---,---,---,---,---,---,---,4,---,2024-07-10,Jigawa,WOFAN,Jah6KYV24
e54f12b2-9a42-47b1-ad1e-c0d957ce22ab,1,1,,,,,,,,1,10,---,---,---,---,---,---,---,4,---,2024-07-10,Jigawa,WOFAN,JahOG2L18
7f713b72-6368-40b5-831a-76bc56f7b085,1,1,,,,,,,,1,10,---,---,---,---,---,---,---,4,---,2024-07-10,Jigawa,WOFAN,Jah7DN851
f96bef43-ca7d-4e57-af35-0819b51609c1,1,1,,,,,,,,1,10,---,---,---,---,---,---,---,4,---,2024-07-10,Jigawa,WOFAN,JahSZKY29
9f5475da-084b-4b24-a382-8eee7324351c,1,1,,,,,,,,1,10,---,---,---,---,---,---,---,4,---,2024-07-10,Jigawa,WOFAN,JahC0IT04
997a5f3c-2eea-4f58-9d4f-5fa20a2bf1fd,1,1,,,,,,,,1,10,---,---,---,---,---,---,---,4,---,2024-07-10,Jigawa,WOFAN,Rin689Y24
97665a05-d381-47cb-8b03-a9f173ce6178,1,1,,,,,,,,1,10,---,---,---,---,---,---,---,4,---,2024-07-10,Jigawa,WOFAN,RinWAP700
d39f3109-e485-4221-95f1-21ade4e9b50b,1,1,,,,,,,,1,10,---,---,---,---,---,---,---,4,---,2024-07-10,Jigawa,WOFAN,JahPD7G27
9e6d0fce-7c7e-44c3-a6af-982206f06a99,1,1,,,,,,,,1,10,---,---,---,---,---,---,---,4,---,2024-07-10,Jigawa,WOFAN,JahLLJ421
2db46bd6-69bb-45d1-b05f-f727cbe78a0a,1,1,,,,,,,,1,10,---,---,---,---,---,---,---,4,---,2024-07-10,Jigawa,WOFAN,JahMJDG38
cce5b559-a02a-4055-8fe4-aeca556d8bf7,1,1,,,,,,,,1,10,---,---,---,---,---,---,---,4,---,2024-07-10,Jigawa,WOFAN,JahT53W36
8ff0144a-00d0-4e53-9d89-66b8f333f761,1,1,,,,,,,,1,10,---,---,---,---,---,---,---,4,---,2024-07-10,Jigawa,WOFAN,RinWYDP35
bb398dfb-50ef-406f-aa91-ebc17317e3f3,1,1,,,,,,,,1,10,---,---,---,---,---,---,---,4,---,2024-07-10,Jigawa,WOFAN,Jah3UFX38
9b0f8408-e8d9-4df7-bd62-6d5ec9c1def4,1,1,,,,,,,,1,10,---,---,---,---,---,---,---,4,---,2024-07-10,Jigawa,WOFAN,RinQM3C33
8857a85a-30a3-4287-a531-bfbfe71078bb,1,1,,,,,,,,1,10,---,---,---,---,---,---,---,4,---,2024-07-10,Jigawa,WOFAN,JahFOE109
a41c4c37-437e-499a-88fa-ccb1b282a24a,1,1,,,,,,,,1,10,---,---,---,---,---,---,---,4,---,2024-07-10,Jigawa,WOFAN,JahBVLC25
76d6f385-c1fd-41b6-b652-0b124a7f6a60,1,1,,,,,,,,1,10,---,---,---,---,---,---,---,4,---,2024-07-10,Jigawa,WOFAN,Rin024V13
0965e1be-d165-46b2-8da9-335c0e199d08,1,1,,,,,,,,1,10,---,---,---,---,---,---,---,4,---,2024-07-10,Jigawa,WOFAN,JahG89V55
8bbc6029-bc41-41fc-80d4-f11bd5bb7fff,1,1,,,,,,,,1,10,---,---,---,---,---,---,---,4,---,2024-07-10,Jigawa,WOFAN,JahORVC32
510e3ce0-fe5c-4189-8057-59b291e65e4c,1,1,,,,,,,,1,10,---,---,---,---,---,---,---,4,---,2024-07-10,Jigawa,WOFAN,RinZRG657
4dc17631-6cf1-4b30-8cf3-84cec3d113c2,1,1,,,,,,,,1,10,---,---,---,---,---,---,---,4,---,2024-07-10,Jigawa,WOFAN,Jah8B3P35
1e346ffc-ed02-4c10-a7b0-e9d310cfb935,1,1,,,,,,,,1,10,---,---,---,---,---,---,---,4,---,2024-07-10,Jigawa,WOFAN,JahY9R628
554b4f27-4656-4690-92b5-89a6824f1c68,1,1,,,,,,,,1,10,---,---,---,---,---,---,---,4,---,2024-07-10,Jigawa,WOFAN,Rin1QG022
dc8d42af-4852-488b-8d2b-4e7b23b46736,1,1,,,,,,,,1,10,---,---,---,---,---,---,---,4,---,2024-07-10,Jigawa,WOFAN,JahW13N01
63dbf2da-0f57-414d-9b23-39de9355aa9d,1,1,,,,,,,,1,10,---,---,---,---,---,---,---,4,---,2024-07-10,Jigawa,WOFAN,RinCJOB07
b534a313-9565-4839-b3c6-25f3de669615,1,1,,,,,,,,1,10,---,---,---,---,---,---,---,4,---,2024-07-10,Jigawa,WOFAN,Jah668F48
eea87844-7bda-4027-b9c2-b0d055888f4b,1,1,,,,,,,,1,10,---,---,---,---,---,---,---,4,---,2024-07-10,Jigawa,WOFAN,JahWDFK23
0d700ced-a701-4c7f-b1e4-fb881d904fb3,1,1,,,,,,,,1,10,---,---,---,---,---,---,---,4,---,2024-07-10,Jigawa,WOFAN,Rin78EE24
bc842c0c-e8ff-4acf-a3ba-f60db3632237,1,1,,,,,,,,1,10,---,---,---,---,---,---,---,4,---,2024-07-10,Jigawa,WOFAN,JahYU5256
804f1df3-5ac5-4cde-8f15-a12d0bf6622f,1,1,,,,,,,,1,10,---,---,---,---,---,---,---,4,---,2024-07-10,Jigawa,WOFAN,JahDT8F48
83a28dc5-b1b5-4f4c-8bfa-56249f901c71,1,1,,,,,,,,1,10,---,---,---,---,---,---,---,4,---,2024-07-10,Jigawa,WOFAN,RinEKQ806
5a3c5134-e573-4ce0-a6d8-c695dbb518b5,1,1,,,,,,,,1,10,---,---,---,---,---,---,---,4,---,2024-07-10,Jigawa,WOFAN,Jah0L4M33
dd071499-bf80-46a1-886d-8f0df488f0c0,1,1,,,,,,,,1,10,---,---,---,---,---,---,---,4,---,2024-07-10,Jigawa,WOFAN,JahUW4K11
87f23d7b-da87-4a08-9ac4-3e834c238c16,1,1,,,,,,,,1,10,---,---,---,---,---,---,---,4,---,2024-07-10,Jigawa,WOFAN,RinP2YM14
3094bb31-f7fd-4ba1-a0a6-173bb712e23e,1,1,,,,,,,,1,10,---,---,---,---,---,---,---,4,---,2024-07-10,Jigawa,WOFAN,JahO2FK54
acac6b13-7a50-47e4-8466-98b304717df1,1,1,,,,,,,,1,10,---,---,---,---,---,---,---,4,---,2024-07-10,Jigawa,WOFAN,RinU5B642
5743daf6-a970-4c48-82f4-1e246688cd34,1,1,,,,,,,,1,10,---,---,---,---,---,---,---,4,---,2024-07-10,Jigawa,WOFAN,Jah3C3Z58
edaedb49-9632-44f0-8759-3b382f4dcef9,1,1,,,,,,,,1,10,---,---,---,---,---,---,---,4,---,2024-07-10,Jigawa,WOFAN,Jah8QN741
65e8d889-1a4e-455e-a90d-39cda71e63f1,1,1,,,,,,,,1,10,---,---,---,---,---,---,---,4,---,2024-07-10,Jigawa,WOFAN,RinQJZ427
91778548-0df6-41b5-8b0a-26c0bf2c172e,1,1,,,,,,,,1,10,---,---,---,---,---,---,---,4,---,2024-07-10,Jigawa,WOFAN,JahGNSG38
459dfc7d-5290-4228-804c-42aff3aeaf80,1,1,,,,,,,,1,10,---,---,---,---,---,---,---,4,---,2024-07-10,Jigawa,WOFAN,JahNWWD21
3e546439-cc83-4f8d-9d5d-91ee71c9add3,1,1,,,,,,,,1,10,---,---,---,---,---,---,---,4,---,2024-07-10,Jigawa,WOFAN,RinIVOT20
85bf24ed-9ab7-419e-a18d-48a23e562e91,1,1,,,,,,,,1,10,---,---,---,---,---,---,---,4,---,2024-07-10,Jigawa,WOFAN,JahOZ9O32
efcc5379-c4e9-43ef-b362-9244a7787d8b,1,1,,,,,,,,1,10,---,---,---,---,---,---,---,4,---,2024-07-10,Jigawa,WOFAN,JahGR7O09
4e6fe97a-f55c-4c16-b014-572d13c75cb5,1,1,,,,,,,,1,10,---,---,---,---,---,---,---,4,---,2024-07-10,Jigawa,WOFAN,RinCKFO55
93e002fa-a135-415c-9869-df89656e22e0,1,1,,,,,,,,1,10,---,---,---,---,---,---,---,4,---,2024-07-10,Jigawa,WOFAN,JahN57Z01
0f60d244-cc49-471b-873e-feddf38aa3c3,1,1,,,,,,,,1,10,---,---,---,---,---,---,---,4,---,2024-07-10,Jigawa,WOFAN,RinPW0621
bcc266e9-2552-486e-a590-d3ce1c2b201a,1,1,,,,,,,,1,10,---,---,---,---,---,---,---,4,---,2024-07-10,Jigawa,WOFAN,JahOAPY40
60bb0d75-fb5b-47bb-ac68-d0fb367c52cd,1,1,,,,,,,,1,10,---,---,---,---,---,---,---,4,---,2024-07-10,Jigawa,WOFAN,Jah7U7319
c4aaaf7e-2974-4159-9866-86489a81ec8a,1,1,,,,,,,,1,10,---,---,---,---,---,---,---,4,---,2024-07-10,Jigawa,WOFAN,Rin3HCD31
100c7f0f-a988-4975-9251-e3cca36021e0,1,1,,,,,,,,1,10,---,---,---,---,---,---,---,4,---,2024-07-10,Jigawa,WOFAN,JahGWXD03
38e002b5-37ab-4636-970b-432f9900e3da,1,1,,,,,,,,1,10,---,---,---,---,---,---,---,4,---,2024-07-10,Jigawa,WOFAN,Rin84P129
a1862a85-e7a3-48a8-91aa-b3035d68bb6d,1,1,,,,,,,,1,10,---,---,---,---,---,---,---,4,---,2024-07-10,Jigawa,WOFAN,JahP1CZ40
d013dd43-78f4-4668-a3eb-676ae75bb9e0,1,1,,,,,,,,1,10,---,---,---,---,---,---,---,4,---,2024-07-10,Jigawa,WOFAN,RinQGFK12
71d7836d-f0c8-48cf-82f2-32399defd3d4,1,1,,,,,,,,1,10,---,---,---,---,---,---,---,4,---,2024-07-10,Jigawa,WOFAN,JahAECW25
f7637793-23d1-4c1b-b4c1-5d075e784a15,1,1,,,,,,,,1,10,---,---,---,---,---,---,---,4,---,2024-07-10,Jigawa,WOFAN,Rin9AVV41
2688839e-200c-4d51-890e-cc9d5ec14abc,1,1,,,,,,,,1,10,---,---,---,---,---,---,---,4,---,2024-07-10,Jigawa,WOFAN,Jah55QO15
163a173e-f0b0-42f2-95ab-82b92ae552fb,1,1,,,,,,,,1,10,---,---,---,---,---,---,---,4,---,2024-07-10,Jigawa,WOFAN,JahELGL56
e2d1e937-54a1-444d-9365-2bed16a27b6d,1,1,,,,,,,,1,10,---,---,---,---,---,---,---,4,---,2024-07-10,Jigawa,WOFAN,RinFAOY21
cd41b235-65da-4006-b3a2-579daafcfa9e,1,1,,,,,,,,1,10,---,---,---,---,---,---,---,4,---,2024-07-10,Jigawa,WOFAN,JahG8JG39
a7d15d4d-2efe-47fc-956c-bf33035d606c,1,1,,,,,,,,1,10,---,---,---,---,---,---,---,4,---,2024-07-10,Jigawa,WOFAN,RinRAWM10
07c20f68-eaa0-4bc2-8f7b-6d0d77d1b7aa,1,1,,,,,,,,1,10,---,---,---,---,---,---,---,4,---,2024-07-10,Jigawa,WOFAN,JahLWWA25
b99e36bb-30de-490e-817e-d2b8d1bd7b86,1,1,,,,,,,,1,10,---,---,---,---,---,---,---,4,---,2024-08-26,Jigawa,WOFAN,JahRBTN03
7517bd06-9936-448d-bf86-cf4317e033a0,1,1,,,,,,,,1,10,---,---,---,---,---,---,---,4,---,2024-07-10,Jigawa,WOFAN,RinSLNF22
1451e68a-a954-43aa-9aa6-b28f6d7950ae,1,1,,,,,,,,1,10,---,---,---,---,---,---,---,4,---,2024-07-10,Jigawa,WOFAN,JahGCOR06
f95fabf2-56cb-4b11-bd0b-7a065b5e2055,1,1,,,,,,,,1,10,---,---,---,---,---,---,---,4,---,2024-07-10,Jigawa,WOFAN,JahLZMK25
9a31ecf4-932b-4ded-acfb-336799dc8d1e,1,1,,,,,,,,1,10,---,---,---,---,---,---,---,4,---,2024-07-10,Jigawa,WOFAN,JahCXB137
a00222dc-f13f-4efc-a17b-7d19ae682fc8,1,1,,,,,,,,1,10,---,---,---,---,---,---,---,4,---,2024-07-24,Gombe,WOFAN,ShoQMZ721
cac9855c-b599-4899-9414-5baee5c7688e,1,1,,,,,,,,1,10,---,---,---,---,---,---,---,4,---,2024-07-10,Jigawa,WOFAN,Jah4CB633
eb83813a-fe34-48ca-b65a-7642043f1166,1,1,,,,,,,,1,10,---,---,---,---,---,---,---,4,---,2024-07-24,Gombe,WOFAN,ShoRHVP21
6872d8a6-059e-4b5b-9c7f-c4fa8c6130e2,1,1,,,,,,,,1,10,---,---,---,---,---,---,---,4,---,2024-07-10,Jigawa,WOFAN,JahFHIV18
a3ecefaf-1671-4307-a22e-76c30de9dd0b,1,1,,,,,,,,1,10,---,---,---,---,---,---,---,4,---,2024-07-10,Jigawa,WOFAN,JahCEZC48
9b6f7ad6-dc4b-40b1-abfa-e06b1847b1cc,1,1,,,,,,,,1,10,---,---,---,---,---,---,---,4,---,2024-07-24,Gombe,WOFAN,ShoX5OJ38
a713f859-10c3-4d4b-b0c6-f4c533fd8bb2,1,1,,,,,,,,1,10,---,---,---,---,---,---,---,4,---,2024-07-10,Jigawa,WOFAN,Jah2D5Y26
f746f77a-9318-4e63-aace-171b779e3563,1,1,,,,,,,,1,10,---,---,---,---,---,---,---,4,---,2024-07-10,Jigawa,WOFAN,JahKNLV08
81d00fc4-61ee-4c3f-b20a-c1ea0a58bccf,1,1,,,,,,,,1,10,---,---,---,---,---,---,---,4,---,2024-07-10,Jigawa,WOFAN,JahUNB934
2d98a2bd-ec1c-4275-94af-86d67b7cf968,1,1,,,,,,,,1,10,---,---,---,---,---,---,---,4,---,2024-07-10,Jigawa,WOFAN,JahCIM611
f2d102c0-bb10-4a2b-9315-a09872142942,1,1,,,,,,,,1,10,---,---,---,---,---,---,---,4,---,2024-07-10,Jigawa,WOFAN,TauI3IH39
55f56143-8afd-45db-a2fe-5f1c2fd07e0f,1,1,,,,,,,,1,10,---,---,---,---,---,---,---,4,---,2024-07-10,Jigawa,WOFAN,JahI1VK43
c6db5e9e-e0fa-4aa5-835b-0471143384d2,1,1,,,,,,,,1,10,---,---,---,---,---,---,---,4,---,2024-07-10,Jigawa,WOFAN,TauUA7F16
ae7ca91a-8cbf-40a2-b6f6-ecf43301dc4f,1,1,,,,,,,,1,10,---,---,---,---,---,---,---,4,---,2024-07-10,Jigawa,WOFAN,Jah2QVX49
dc50b94e-7fe3-4094-80cc-b1620564b029,1,1,,,,,,,,1,10,---,---,---,---,---,---,---,4,---,2024-07-10,Jigawa,WOFAN,JahNTS457
c4b99a02-c51e-4ef7-89a4-eb8d862ef461,1,1,,,,,,,,1,10,---,---,---,---,---,---,---,4,---,2024-07-10,Jigawa,WOFAN,TauE29933
53c14ef9-fa70-4bd1-98af-e516829e7a7d,1,1,,,,,,,,1,10,---,---,---,---,---,---,---,4,---,2024-07-10,Jigawa,WOFAN,Jah56B539
3970259f-577a-4699-ae69-342cd96a1327,1,1,,,,,,,,1,10,---,---,---,---,---,---,---,4,---,2024-07-10,Jigawa,WOFAN,TauICK426
fa1c40e7-729b-4c51-bfbf-1ae19601299d,1,1,,,,,,,,1,10,---,---,---,---,---,---,---,4,---,2024-07-10,Gombe,WOFAN,Kal4J5G53
67861511-f613-46cb-b2f1-8bd9526d15b7,1,1,,,,,,,,1,10,---,---,---,---,---,---,---,4,---,2024-07-10,Jigawa,WOFAN,TauAMBK52
6680afeb-572d-49ab-9ce9-f420ee98a377,1,1,,,,,,,,1,10,---,---,---,---,---,---,---,4,---,2024-07-24,Gombe,WOFAN,KalOUWM20
a76486ad-66cd-4ca6-8504-8c6dc52a78f6,1,1,,,,,,,,1,10,---,---,---,---,---,---,---,4,---,2024-07-10,Jigawa,WOFAN,TauYIIO54
4cb955b6-f176-43d3-9ede-8fdcd9ee7b62,1,1,,,,,,,,1,10,---,---,---,---,---,---,---,4,---,2024-07-10,Kano,WOFAN,BebRMYP53
4c877654-67d0-4eae-8f26-aaca4ea4cbe0,1,1,,,,,,,,1,10,---,---,---,---,---,---,---,4,---,2024-07-10,Jigawa,WOFAN,TauXGM829
82cc89e5-bea7-4c93-9303-86d8ab9e3bbf,1,1,,,,,,,,1,10,---,---,---,---,---,---,---,4,---,2024-07-18,Kano,WOFAN,BebH9DF58
c2446de2-b2d5-408f-9c83-ef1fe3154533,1,1,,,,,,,,1,10,---,---,---,---,---,---,---,4,---,2024-07-18,Kano,WOFAN,Beb2R3O12
23b81f66-da3b-4cc3-874b-41579c5f5e04,1,1,,,,,,,,1,10,---,---,---,---,---,---,---,4,---,2024-07-10,Jigawa,WOFAN,Tau2XW929
b57c4f49-32b3-4e04-847e-cc61ca27a951,1,1,,,,,,,,1,10,---,---,---,---,---,---,---,4,---,2024-07-10,Kano,WOFAN,BebLFTQ31
1273b082-90c2-4051-a110-aba34cd8ebff,1,1,,,,,,,,1,10,---,---,---,---,---,---,---,4,---,2024-07-18,Kano,WOFAN,BebNG5D23
30811a39-a019-4cad-a89f-b667da566a6b,1,1,,,,,,,,1,10,---,---,---,---,---,---,---,4,---,2024-07-10,Jigawa,WOFAN,Tau00T741
7ffa2159-77c1-422b-981f-1f01ec30386f,1,1,,,,,,,,1,10,---,---,---,---,---,---,---,4,---,2024-07-10,Jigawa,WOFAN,TauG3R955
485e8571-f9a4-4f8c-8bb7-b0072edcde2d,1,1,,,,,,,,1,10,---,---,---,---,---,---,---,4,---,2024-07-10,Jigawa,WOFAN,TauHLBO01
5d2a2ed8-2bd9-4a0b-b701-2072c77f459c,1,1,,,,,,,,1,10,---,---,---,---,---,---,---,4,---,2024-07-18,Kano,WOFAN,KirMDUZ47
2d72a18d-24ba-48e4-b81e-514956fe89a1,1,1,,,,,,,,1,10,---,---,---,---,---,---,---,4,---,2024-07-10,Jigawa,WOFAN,Tau052826
dbbd6460-3c06-4196-86ea-aff8e530e309,1,1,,,,,,,,1,10,---,---,---,---,---,---,---,4,---,2024-07-18,Kano,WOFAN,Kir9OP158
33ac7102-a753-4dbf-a501-c448838effde,1,1,,,,,,,,1,10,---,---,---,---,---,---,---,4,---,2024-07-18,Kano,WOFAN,KirZ3DT45
679d45ca-bf04-4607-b30e-1d1f4925dca8,1,1,,,,,,,,1,10,---,---,---,---,---,---,---,4,---,2024-07-10,Jigawa,WOFAN,TauO4DV49
7425e672-1d10-4c70-bf0e-2adecadc11fe,1,1,,,,,,,,1,10,---,---,---,---,---,---,---,4,---,2024-07-10,Jigawa,WOFAN,Tau09V727
d3103dc7-6c37-415f-b911-e31b972d8c6a,1,1,,,,,,,,1,10,---,---,---,---,---,---,---,4,---,2024-07-10,Jigawa,WOFAN,Tau6HWB20
6e9d20aa-a5cc-4b01-9e52-0a73df5440f2,1,1,,,,,,,,1,10,---,---,---,---,---,---,---,4,---,2024-07-18,Kano,WOFAN,BebSQII42
adfe094c-3557-4b52-b1c7-10e8bafd9af8,1,1,,,,,,,,1,10,---,---,---,---,---,---,---,4,---,2024-07-18,Kano,WOFAN,Beb51AQ31
32ee833a-756b-404b-b194-9f7af5ffcc39,1,1,,,,,,,,1,10,---,---,---,---,---,---,---,4,---,2024-07-10,Jigawa,WOFAN,Tau2D3Y50
455e65a2-2065-49f2-bec1-ac3357a8bbc5,1,1,,,,,,,,1,10,---,---,---,---,---,---,---,4,---,2024-07-18,Kano,WOFAN,BebFH8D19
0ffd978d-f95c-4713-b4ac-6249f541bb12,1,1,,,,,,,,1,10,---,---,---,---,---,---,---,4,---,2024-07-10,Jigawa,WOFAN,Tau3Q9V21
a8458311-03b4-4652-922a-22d02bdbaabc,1,1,,,,,,,,1,10,---,---,---,---,---,---,---,4,---,2024-07-10,Kano,WOFAN,Beb7QFE24
501adb77-4d05-4508-9e8a-461e4b122407,1,1,,,,,,,,1,10,---,---,---,---,---,---,---,4,---,2024-07-18,Kano,WOFAN,BebLB6O08
19e8424f-9d9f-496a-b7ce-135dd2ef3d2d,1,1,,,,,,,,1,10,---,---,---,---,---,---,---,4,---,2024-07-10,Jigawa,WOFAN,TauW2YT47
70849c4b-95d1-4ad4-baf6-f5baf26f5f95,1,1,,,,,,,,1,10,---,---,---,---,---,---,---,4,---,2024-07-18,Kano,WOFAN,BebPRC934
5b15b051-55e0-46c2-85a0-3a54d61352c2,1,1,,,,,,,,1,10,---,---,---,---,---,---,---,4,---,2024-07-18,Kano,WOFAN,KirF45B33
7890e300-b18e-4b0d-8f51-fe9d975cdac6,1,1,,,,,,,,1,10,---,---,---,---,---,---,---,4,---,2024-07-10,Jigawa,WOFAN,TauVFWO49
6964690a-e7c9-4393-b236-c1a4858306d4,1,1,,,,,,,,1,10,---,---,---,---,---,---,---,4,---,2024-07-18,Kano,WOFAN,KirZI5A01
314037ab-7f89-40f6-86ca-4c200212a38d,1,1,,,,,,,,1,10,---,---,---,---,---,---,---,4,---,2024-07-18,Kano,WOFAN,Kir3HFP26
4c1677b5-b80b-49f9-bff6-468f29af0ddf,1,1,,,,,,,,1,10,---,---,---,---,---,---,---,4,---,2024-07-18,Kano,WOFAN,BebYHVT07
fac5b6c1-4cca-49a6-a9db-de46dd0b5de4,1,1,,,,,,,,1,10,---,---,---,---,---,---,---,4,---,2024-07-10,Jigawa,WOFAN,TauOHDD02
0a5c392a-d88c-4619-992d-0645e3309847,1,1,,,,,,,,1,10,---,---,---,---,---,---,---,4,---,2024-07-18,Kano,WOFAN,BebO6XI08
689353ab-02b1-4de7-b8eb-4aa5ccdd6d4f,1,1,,,,,,,,1,10,---,---,---,---,---,---,---,4,---,2024-07-18,Kano,WOFAN,BebTOF239
8b5c74ad-766d-4556-86c9-dcd5b16e897c,1,1,,,,,,,,1,10,---,---,---,---,---,---,---,4,---,2024-07-18,Kano,WOFAN,KirID9D45
8b4a3d87-9644-490e-926a-651855ee4b75,1,1,,,,,,,,1,10,---,---,---,---,---,---,---,4,---,2024-07-10,Jigawa,WOFAN,TauALLJ28
a262b3f2-ff3c-474c-9aeb-173b5aec4c38,1,1,,,,,,,,1,10,---,---,---,---,---,---,---,4,---,2024-07-18,Kano,WOFAN,KirSW8J26
4ff21837-67b9-455c-bda2-2dd88039ed2d,1,1,,,,,,,,1,10,---,---,---,---,---,---,---,4,---,2024-07-18,Kano,WOFAN,KirZOVP30
9160d50f-cbc0-4a38-ac36-ed5924a3ebc4,1,1,,,,,,,,1,10,---,---,---,---,---,---,---,4,---,2024-07-18,Kano,WOFAN,TudZ9TC08
c3d2d55e-8180-46f2-a340-e28359064349,1,1,,,,,,,,1,10,---,---,---,---,---,---,---,4,---,2024-07-18,Kano,WOFAN,TudY9WC18
469f41fc-ed1c-492a-8421-1e09edeba5cd,1,1,,,,,,,,1,10,---,---,---,---,---,---,---,4,---,2024-07-18,Kano,WOFAN,TudC10Q45
be5ce629-4a35-4810-904c-02eabeabe40e,1,1,,,,,,,,1,10,---,---,---,---,---,---,---,4,---,2024-07-18,Kano,WOFAN,TudVTGV01
c6bc9b68-7b38-4deb-9af6-71d843d42ef2,1,1,,,,,,,,1,10,---,---,---,---,---,---,---,4,---,2024-07-18,Kano,WOFAN,TudE9PJ22
e2c89f1e-c3dc-429b-a744-dcfbbfb9f716,1,1,,,,,,,,1,10,---,---,---,---,---,---,---,4,---,2024-07-18,Kano,WOFAN,Tud1BBG47
a83583c6-4408-4cbc-a6e4-2508570fee26,1,1,,,,,,,,1,10,---,---,---,---,---,---,---,4,---,2024-07-18,Kano,WOFAN,BebUKFO59
3ca3d95c-7422-4aa8-b173-26a791979f37,1,1,,,,,,,,1,10,---,---,---,---,---,---,---,4,---,2024-07-18,Kano,WOFAN,Tud0CH528
1ef742a1-15af-48dc-a932-cab2f460be53,1,1,,,,,,,,1,10,---,---,---,---,---,---,---,4,---,2024-07-18,Kano,WOFAN,GarV1OT21
a901f25c-5be1-4520-92d4-a050af04bbf3,1,1,,,,,,,,1,10,---,---,---,---,---,---,---,4,---,2024-07-18,Kano,WOFAN,BebG4X115
1a0b6a5f-117b-45c9-a32e-ca85a495eb72,1,1,,,,,,,,1,10,---,---,---,---,---,---,---,4,---,2024-07-18,Kano,WOFAN,BebYM9219
9cc260bd-e683-403b-999d-c1d96eb17e30,1,1,,,,,,,,1,10,---,---,---,---,---,---,---,4,---,2024-07-18,Kano,WOFAN,BebTYDM56
a5f43e85-a41b-494f-b85f-3db4e932e2fa,1,1,,,,,,,,1,10,---,---,---,---,---,---,---,4,---,2024-07-18,Kano,WOFAN,TudWCVZ31
d4650a8d-e759-4a7b-9674-aca1b7d4699d,1,1,,,,,,,,1,10,---,---,---,---,---,---,---,4,---,2024-07-18,Kano,WOFAN,Tud5IMP55
205c4f12-7501-4dc8-bb3b-38497fb1c484,1,1,,,,,,,,1,10,---,---,---,---,---,---,---,4,---,2024-07-18,Kano,WOFAN,BebXFR452
9498b7f6-3a74-4544-9c1c-8dc044cc686b,1,1,,,,,,,,1,10,---,---,---,---,---,---,---,4,---,2024-07-18,Kano,WOFAN,Beb273A51
6279c403-6fdf-49ba-8c4d-de143c9dcdaf,1,1,,,,,,,,1,10,---,---,---,---,---,---,---,4,---,2024-07-18,Kano,WOFAN,Beb588305
d4b3ba49-bf0c-44dd-8bc9-78e63c790824,1,1,,,,,,,,1,10,---,---,---,---,---,---,---,4,---,2024-07-18,Kano,WOFAN,BebXDQP24
b296a275-7bce-46df-b727-f2ac9b2b758a,1,1,,,,,,,,1,10,---,---,---,---,---,---,---,4,---,2024-07-18,Kano,WOFAN,BebS9OV38
8c15b680-73f3-4d1d-8097-7461b85387b0,1,1,,,,,,,,1,10,---,---,---,---,---,---,---,4,---,2024-07-18,Kano,WOFAN,BebWNAC33
a76224e4-75bb-4ef2-9fb8-255ec710d44c,1,1,,,,,,,,1,10,---,---,---,---,---,---,---,4,---,2024-07-18,Kano,WOFAN,Beb0IZF57
bbb0979a-b519-416b-b03b-b7eaa5bb02c3,1,1,,,,,,,,1,10,---,---,---,---,---,---,---,4,---,2024-07-18,Kano,WOFAN,BebOR0E27
466990b3-275e-4e0d-b376-bae9992787c6,1,1,,,,,,,,1,10,---,---,---,---,---,---,---,4,---,2024-07-18,Kano,WOFAN,BebWNAC33
17356fc9-bf98-4479-8109-436eb3fcf098,1,1,,,,,,,,1,10,---,---,---,---,---,---,---,4,---,2024-07-18,Kano,WOFAN,Beb0IZF57
d699a4d4-7f0b-49bb-988c-b13e51a2ab37,1,1,,,,,,,,1,10,---,---,---,---,---,---,---,4,---,2024-07-18,Kano,WOFAN,BebOR0E27
7bdd901c-0746-4460-b8f7-420bb723a3e7,1,1,,,,,,,,1,10,---,---,---,---,---,---,---,4,---,2024-07-18,Kano,WOFAN,TudQYFS08
7ff98d20-f6a6-431d-b5e6-1477a3bac1d1,1,1,,,,,,,,1,10,---,---,---,---,---,---,---,4,---,2024-07-18,Kano,WOFAN,BebXSW004
e7cb56eb-f86c-4e2a-8059-bd0972500688,1,1,,,,,,,,1,10,---,---,---,---,---,---,---,4,---,2024-07-18,Kano,WOFAN,BebDSW526
f4ac295e-0829-43ae-bfd5-59a0ffd8ce89,1,1,,,,,,,,1,10,---,---,---,---,---,---,---,4,---,2024-07-18,Kano,WOFAN,BebZ6IO32
cec84837-ae85-4479-903c-ed4098a152e3,1,1,,,,,,,,1,10,---,---,---,---,---,---,---,4,---,2024-07-18,Kano,WOFAN,Beb4VV239
af65b1ca-6b52-490d-84ab-8798afbbdb1a,1,1,,,,,,,,1,10,---,---,---,---,---,---,---,4,---,2024-07-18,Kano,WOFAN,BebIZCD34
c72c9d53-461d-4f31-a896-0b82343c149e,1,1,,,,,,,,1,10,---,---,---,---,---,---,---,4,---,2024-07-18,Kano,WOFAN,KirXHDG20
64d351d5-b960-492c-ba19-6e2c4eeab2b3,1,1,,,,,,,,1,10,---,---,---,---,---,---,---,4,---,2024-07-18,Kano,WOFAN,KirYXIX49
f115c56f-7162-4d4d-9e8e-bb1dab320869,1,1,,,,,,,,1,10,---,---,---,---,---,---,---,4,---,2024-07-18,Kano,WOFAN,Kir28CE27
858a49a6-490a-47c9-a92d-922a5334366e,1,1,,,,,,,,1,10,---,---,---,---,---,---,---,4,---,2024-07-18,Kano,WOFAN,Beb1QQR15
8d19668b-fcd8-4c89-806c-5670f1175abd,1,1,,,,,,,,1,10,---,---,---,---,---,---,---,4,---,2024-07-18,Kano,WOFAN,BebNX7Z05
608b56e0-06c5-4a47-add0-3d08765604a6,1,1,,,,,,,,1,10,---,---,---,---,---,---,---,4,---,2024-07-18,Kano,WOFAN,BebJMMM22
dad7ad63-3d73-4659-8ff0-11a49c447b42,1,1,,,,,,,,1,10,---,---,---,---,---,---,---,4,---,2024-07-18,Kano,WOFAN,KirW4AA18
1d2d2914-586b-45de-bc96-46c459a1c273,1,1,,,,,,,,1,10,---,---,---,---,---,---,---,4,---,2024-07-18,Kano,WOFAN,KirK3GQ20
aaeea531-7354-43c8-bba5-cee627f17eec,1,1,,,,,,,,1,10,---,---,---,---,---,---,---,4,---,2024-07-18,Kano,WOFAN,BebIY7Y03
b9f22269-38d0-4276-968e-4fa0a3498be2,1,1,,,,,,,,1,10,---,---,---,---,---,---,---,4,---,2024-07-18,Kano,WOFAN,BebJGKF08
37857291-42e4-480b-8b74-e49059f55c0b,1,1,,,,,,,,1,10,---,---,---,---,---,---,---,4,---,2024-07-18,Kano,WOFAN,Beb7G9P25
4cb580ed-2a1d-4241-9364-6a190bf53dea,1,1,,,,,,,,1,10,---,---,---,---,---,---,---,4,---,2024-07-18,Kano,WOFAN,BebKW9M08
d9e8f463-6ee2-4c7b-acd8-82ee05b554ba,1,1,,,,,,,,1,10,---,---,---,---,---,---,---,4,---,2024-07-18,Kano,WOFAN,Beb2P7L35
f8863003-088a-40fc-9b7b-6da27f3d308d,1,1,,,,,,,,1,10,---,---,---,---,---,---,---,4,---,2024-07-18,Kano,WOFAN,BebB2N504
e137b265-62ec-42c9-ad5a-0623a6c19af7,1,1,,,,,,,,1,10,---,---,---,---,---,---,---,4,---,2024-07-18,Kano,WOFAN,Beb3BBV10
aa8a7ad1-cbe2-4548-ad83-122f924150eb,1,1,,,,,,,,1,10,---,---,---,---,---,---,---,4,---,2024-07-18,Kano,WOFAN,KurOYU839
fe165e72-b884-4933-8a02-2f7b1ecf1f1b,1,1,,,,,,,,1,10,---,---,---,---,---,---,---,4,---,2024-07-18,Kano,WOFAN,KurEUFZ59
7ccb3997-e2c6-4b30-82c3-340885735955,1,1,,,,,,,,1,10,---,---,---,---,---,---,---,4,---,2024-07-18,Kano,WOFAN,GarH3JD10
fa799dac-2352-4940-9220-086e0db31cd5,1,1,,,,,,,,1,10,---,---,---,---,---,---,---,4,---,2024-07-18,Kano,WOFAN,KurHX2C11
18b00169-cd86-45d0-897c-5ad092e9215e,1,1,,,,,,,,1,10,---,---,---,---,---,---,---,4,---,2024-07-18,Kano,WOFAN,GarA0FH19
d96fbaf9-5e28-4940-ad16-c18338e2e5d1,1,1,,,,,,,,1,10,---,---,---,---,---,---,---,4,---,2024-07-18,Kano,WOFAN,Kur4GFU29
30724539-505f-4d1a-a6e4-d21e32279d8b,1,1,,,,,,,,1,10,---,---,---,---,---,---,---,4,---,2024-07-18,Kano,WOFAN,BebLBNF07
2e67fca5-b905-418f-855e-e0e2b305465c,1,1,,,,,,,,1,10,---,---,---,---,---,---,---,4,---,2024-07-18,Kano,WOFAN,Kur4GFU29
0670f8be-2d38-4212-847c-1a678200a1c9,1,1,,,,,,,,1,10,---,---,---,---,---,---,---,4,---,2024-07-18,Kano,WOFAN,BebIWQ104
e33339bb-ace8-477d-abc8-ad7f33716e05,1,1,,,,,,,,1,10,---,---,---,---,---,---,---,4,---,2024-07-18,Kano,WOFAN,KurQJJ621
a7eda0e8-b848-4906-ace4-44b2f5b5a2e4,1,1,,,,,,,,1,10,---,---,---,---,---,---,---,4,---,2024-07-18,Kano,WOFAN,BebVOPY37
b1dda687-a0bf-433c-9a77-523f9ca972fe,1,1,,,,,,,,1,10,---,---,---,---,---,---,---,4,---,2024-07-18,Kano,WOFAN,KurSP3726
a35ad3a5-61ca-4f81-83a5-6a8a2e2461a4,1,1,,,,,,,,1,10,---,---,---,---,---,---,---,4,---,2024-07-18,Kano,WOFAN,KurWE1K38
e87387d8-a2c5-41cb-9e48-18a5d240a129,1,1,,,,,,,,1,10,---,---,---,---,---,---,---,4,---,2024-07-18,Kano,WOFAN,Gar3XID10
5d94c053-4033-4157-b026-c73f897c464b,1,1,,,,,,,,1,10,---,---,---,---,---,---,---,4,---,2024-07-18,Kano,WOFAN,KurZU5J41
77859a20-740a-45b7-9933-29b229d35ab7,1,1,,,,,,,,1,10,---,---,---,---,---,---,---,4,---,2024-07-18,Kano,WOFAN,GarNH0501
4d611310-b8c3-47ed-9858-03e43374620b,1,1,,,,,,,,1,10,---,---,---,---,---,---,---,4,---,2024-07-18,Kano,WOFAN,Kur0CVY16
5362bb00-b214-4b44-a1ed-6c851e010993,1,1,,,,,,,,1,10,---,---,---,---,---,---,---,4,---,2024-07-18,Kano,WOFAN,KurFCO249
ef2c6620-2191-4e8b-a282-4d4a084f422e,1,1,,,,,,,,1,10,---,---,---,---,---,---,---,4,---,2024-07-18,Kano,WOFAN,KurRRX842
01c7d22e-6e57-4096-9a4b-767393592acb,1,1,,,,,,,,1,10,---,---,---,---,---,---,---,4,---,2024-07-18,Kano,WOFAN,GarIBYB03
4e71a62a-7ebc-412b-90ca-93e8e79e9b08,1,1,,,,,,,,1,10,---,---,---,---,---,---,---,4,---,2024-07-18,Kano,WOFAN,Ran473O46
854f9f9b-26cb-4665-9609-b73671c14b4f,1,1,,,,,,,,1,10,---,---,---,---,---,---,---,4,---,2024-07-18,Kano,WOFAN,GarXPEG20
37ebbab2-79be-4188-95a1-c5916d54a0b6,1,1,,,,,,,,1,10,---,---,---,---,---,---,---,4,---,2024-07-18,Kano,WOFAN,GarN5H847
12f6bcd5-e47a-4f53-9d19-dc0e5029d592,1,1,,,,,,,,1,10,---,---,---,---,---,---,---,4,---,2024-07-18,Kano,WOFAN,RanB46Z34
df3dfb3e-763c-4a5f-ad51-38524616b6ee,1,1,,,,,,,,1,10,---,---,---,---,---,---,---,4,---,2024-07-18,Kano,WOFAN,RanJ3FP27
812c44e3-71be-427b-8d05-2807d4a1d536,1,1,,,,,,,,1,10,---,---,---,---,---,---,---,4,---,2024-07-18,Kano,WOFAN,RimPLHJ09
6aed5473-f4a8-48ff-b6e0-2fc6ab1f7d00,1,1,,,,,,,,1,10,---,---,---,---,---,---,---,4,---,2024-07-18,Kano,WOFAN,RimXSAD35
f5237d53-9d91-484f-b19c-d99d4ecef371,1,1,,,,,,,,1,10,---,---,---,---,---,---,---,4,---,2024-07-18,Kano,WOFAN,RimK48U40
a8120a63-2361-4d22-9637-c2b2ad0a688a,1,1,,,,,,,,1,10,---,---,---,---,---,---,---,4,---,2024-07-18,Kano,WOFAN,BagSZHI28
c91a8e3e-2375-4540-9c33-1c1299486996,1,1,,,,,,,,1,10,---,---,---,---,---,---,---,4,---,2024-07-18,Kano,WOFAN,TofN59R47
91ea4fc8-1253-4dfb-80b9-d95ddb4a0107,1,1,,,,,,,,1,10,---,---,---,---,---,---,---,4,---,2024-07-18,Kano,WOFAN,TudSDMA33
f5e4c9f3-6428-4989-9b58-7219aa2546c4,1,1,,,,,,,,1,10,---,---,---,---,---,---,---,4,---,2024-07-18,Kano,WOFAN,Beb97JN49
6b20443e-4acf-4278-976f-e61e035b098d,1,1,,,,,,,,1,10,---,---,---,---,---,---,---,4,---,2024-07-18,Kano,WOFAN,BebIGDH57
eef0c826-1fa1-4881-9f0f-fbfaa7be157e,1,1,,,,,,,,1,10,---,---,---,---,---,---,---,4,---,2024-07-18,Kano,WOFAN,TofN59R47
05097e69-8382-4a03-b957-a8f1c18ff6c3,1,1,,,,,,,,1,10,---,---,---,---,---,---,---,4,---,2024-07-18,Kano,WOFAN,TofWBGM02
ed8f838d-ef60-4dcc-8d4d-db4d052f634c,1,1,,,,,,,,1,10,---,---,---,---,---,---,---,4,---,2024-07-18,Kano,WOFAN,TofH1WE18
766e7a4c-97d7-4c17-bb37-02bda99b3264,1,1,,,,,,,,1,10,---,---,---,---,---,---,---,4,---,2024-07-18,Kano,WOFAN,TofI0RB13
49f60670-cf34-4489-b37c-1a541ac401b5,1,1,,,,,,,,1,10,---,---,---,---,---,---,---,4,---,2024-07-18,Kano,WOFAN,BagG1SW17
9dd4e4d1-3714-42a1-91c2-f23b946d0324,1,1,,,,,,,,1,10,---,---,---,---,---,---,---,4,---,2024-07-18,Kano,WOFAN,BagBEDJ45
a91c0a84-07a3-431c-8772-481d3f14259a,1,1,,,,,,,,1,10,---,---,---,---,---,---,---,4,---,2024-07-18,Kano,WOFAN,RimVM1I02
ec5969bd-ede4-4541-b718-ed8dc0146624,1,1,,,,,,,,1,10,---,---,---,---,---,---,---,4,---,2024-07-18,Kano,WOFAN,RimZTD033
a3082a7c-de2e-41df-9200-b8697cf7f6f2,1,1,,,,,,,,1,10,---,---,---,---,---,---,---,4,---,2024-07-18,Kano,WOFAN,RimQZIM59
7b09ff47-0739-4917-bc1f-b91858be6489,1,1,,,,,,,,1,10,---,---,---,---,---,---,---,4,---,2024-07-18,Kano,WOFAN,RimAMK931
2da0a228-c13d-457c-8e4f-2a31b42e33d2,1,1,,,,,,,,1,10,---,---,---,---,---,---,---,4,---,2024-07-18,Kano,WOFAN,TofHSF310
5b37513d-4df9-4558-9f16-f255419b8169,1,1,,,,,,,,1,10,---,---,---,---,---,---,---,4,---,2024-07-18,Kano,WOFAN,TofZJLG55
2a44cf34-874e-4208-839f-f70ff60094db,1,1,,,,,,,,1,10,---,---,---,---,---,---,---,4,---,2024-07-18,Jigawa,WOFAN,RinPOSN13
e4322f86-92de-43b1-a1b5-c1bcfd0fb1fc,1,1,,,,,,,,1,10,---,---,---,---,---,---,---,4,---,2024-07-18,Jigawa,WOFAN,RinQW0X01
02c7cfe1-5270-4225-a8f6-0f790819f5c8,1,1,,,,,,,,1,10,---,---,---,---,---,---,---,4,---,2024-07-18,Jigawa,WOFAN,RinJESA13
2e30f126-43a7-4bc1-812b-640af4b2e16f,1,1,,,,,,,,1,10,---,---,---,---,---,---,---,4,---,2024-07-18,Jigawa,WOFAN,RinZQE535
25b7b918-f17e-457a-9775-8ed8b155f75f,1,1,,,,,,,,1,10,---,---,---,---,---,---,---,4,---,2024-07-18,Jigawa,WOFAN,RinYNXQ42
b2f87014-1ee2-447f-8f78-67096bd81e6d,1,1,,,,,,,,1,10,---,---,---,---,---,---,---,4,---,2024-07-18,Jigawa,WOFAN,RinPUS001
d024dcaa-1334-4aad-86ac-7d325cab2958,1,1,,,,,,,,1,10,---,---,---,---,---,---,---,4,---,2024-07-18,Jigawa,WOFAN,RinYNBA29
b49906e5-c14a-4bbc-a717-050af6b3fbf3,1,1,,,,,,,,1,10,---,---,---,---,---,---,---,4,---,2024-07-18,Kano,WOFAN,BebHQQI18
39bb3b44-39ec-4665-9991-04e95bf62eba,1,1,,,,,,,,1,10,---,---,---,---,---,---,---,4,---,2024-07-18,Kano,WOFAN,Beb2H8V51
45e04057-0a55-40cc-8c87-d5f2ec7a53e3,1,1,,,,,,,,1,10,---,---,---,---,---,---,---,4,---,2024-07-18,Kano,WOFAN,TudAN6142
bb11a9c7-bb4f-45dd-ae76-4ae6a34d982f,1,1,,,,,,,,1,10,---,---,---,---,---,---,---,4,---,2024-07-18,Kano,WOFAN,BebH60A19
d6f927e4-fd2a-40dc-9ebc-a599c59cec14,1,1,,,,,,,,1,10,---,---,---,---,---,---,---,4,---,2024-07-18,Kano,WOFAN,BebQ4HU51
a98d9d54-65b8-4e9d-9333-1f12d78c5c93,1,1,,,,,,,,1,10,---,---,---,---,---,---,---,4,---,2024-07-18,Kano,WOFAN,TudOIPV50
5f87a2b8-3943-4210-8a13-6c1032379068,1,1,,,,,,,,1,10,---,---,---,---,---,---,---,4,---,2024-07-18,Kano,WOFAN,TudHEBM03
8f42694a-4f1d-4d77-8af9-f893a2a1dd59,1,1,,,,,,,,1,10,---,---,---,---,---,---,---,4,---,2024-07-18,Kano,WOFAN,TudHEBM03
db1e425d-1d72-4b56-89ae-8b9004717582,1,1,,,,,,,,1,10,---,---,---,---,---,---,---,4,---,2024-07-18,Kano,WOFAN,TudTJO144
e706fd7c-c6b5-4c98-98c1-68bed071e208,1,1,,,,,,,,1,10,---,---,---,---,---,---,---,4,---,2024-07-18,Kano,WOFAN,TudGVA258
cf875a2f-7a56-4ee5-a8d4-a8fd2b691b3f,1,1,,,,,,,,1,10,---,---,---,---,---,---,---,4,---,2024-07-18,Kano,WOFAN,BebYO9M13
ec72dbfc-8b22-43e9-b4a8-d3d45c564cb9,1,1,,,,,,,,1,10,---,---,---,---,---,---,---,4,---,2024-07-18,Kano,WOFAN,BebGFT931
261d6ff7-0d09-4287-93cc-f4a1079853ac,1,1,,,,,,,,1,10,---,---,---,---,---,---,---,4,---,2024-07-18,Kano,WOFAN,Beb6N2R11
7b618215-a149-4e52-b396-f94538e5023a,1,1,,,,,,,,1,10,---,---,---,---,---,---,---,1,---,2024-08-24,FCT,WOFAN,Kwa6NAW25
a728fd50-2f56-472c-bedd-2ccfc6211169,1,1,,,,,,,,1,10,---,---,---,---,---,---,---,2,---,2024-08-24,FCT,WOFAN,KwaRA2T06
8411a2b1-b9e3-4f4a-ad40-0a1ff480e80c,1,1,,,,,,,,1,10,---,---,---,---,---,---,---,2,---,2024-08-24,FCT,WOFAN,AbaGVGW51
d6fe86e1-7b3d-4ea3-bff3-c16f3e7dc4ed,1,1,,,,,,,,1,10,---,---,---,---,---,---,---,2,---,2024-08-24,FCT,WOFAN,AbaN7K040
3b44b127-60c5-4d80-8ca0-f26e0aa991bf,1,1,,,,,,,,1,10,---,---,---,---,---,---,---,2,---,2024-08-24,FCT,WOFAN,AbaRO0L35
89ea7347-f62e-4b2c-8331-dc8585b9c968,1,1,,,,,,,,1,10,---,---,---,---,---,---,---,2,---,2024-08-24,FCT,WOFAN,AbaUKMF58
f4c2d455-ddf3-4748-b15d-229bb4db27ea,1,1,,,,,,,,1,10,---,---,---,---,---,---,---,2,---,2024-08-24,FCT,WOFAN,AbaV7KZ14
9df0de8a-08e6-41df-83d1-cb839b7a73a4,,1,,,,,,,,---,15,---,---,---,---,---,---,---,50,---,2024-09-24,FCT,WOFAN,Kwa6NAW25
